bank,review,rating,date,source,normalized_date
CBE,it's very helpful app in any way in and out of the county of Ethiopia good luck,5,2025-06-12,Google Play,2025-06-12
CBE,good app,5,2025-06-11,Google Play,2025-06-11
CBE,So bad now and hard to use,5,2025-06-09,Google Play,2025-06-09
CBE,"it is so amazing app. but, it is better to update it to access without any internet fees. just make it to open by free internet service when we open data connection.",5,2025-06-09,Google Play,2025-06-09
CBE,v.good app,4,2025-06-09,Google Play,2025-06-09
CBE,very good app,1,2025-06-09,Google Play,2025-06-09
CBE,Very amazing app indeed. I'm enjoying it,5,2025-06-08,Google Play,2025-06-08
CBE,Best,5,2025-06-08,Google Play,2025-06-08
CBE,A great app. It's like carrying a bank in your pocket.,4,2025-06-07,Google Play,2025-06-07
CBE,More than garrantty bank EBC.,4,2025-06-07,Google Play,2025-06-07
CBE,really am happy to this app it is Siple to use everything,5,2025-06-07,Google Play,2025-06-07
CBE,I liked this app. But the User interface is very basic and not attractive at all.,2,2025-06-07,Google Play,2025-06-07
CBE,"""Why don’t your ATMs support account-to-account transfers like other countries( Kenya, Nigeria , South africa)""",4,2025-06-06,Google Play,2025-06-06
CBE,what is this app problem???,1,2025-06-05,Google Play,2025-06-05
CBE,the app is proactive and a good connections.,5,2025-06-05,Google Play,2025-06-05
CBE,I cannot send to cbebirr app. through this app.,3,2025-06-05,Google Play,2025-06-05
CBE,good,4,2025-06-05,Google Play,2025-06-05
CBE,not functional,1,2025-06-05,Google Play,2025-06-05
CBE,"everytime you uninstall the app you have to reach them out physically. very oldy! if that's one of security layer, they'd check for fraud attempt via app source directly(source:- app store, play store ... etc) implicitly ! we are in 2025, physical presence for every app install is traditional(traditionally very rare).",1,2025-06-04,Google Play,2025-06-04
CBE,አካውንት የምናስገባበት ቦታ ስም ጽፈን ነው ከዚህ በፊት የላክንባቸውን አካዉንቶች የምንፈልገዉ ነገር ግን አዲስ አካውንቶች mr ብለዉ የሚጀምሩ በዝተዋል ግን አፕልኬሽኑ space ስንጽፍ አይቀበልም ቢስተካከል,4,2025-06-04,Google Play,2025-06-04
CBE,best,5,2025-06-04,Google Play,2025-06-04
CBE,Best Mobile Banking app ever,5,2025-06-04,Google Play,2025-06-04
CBE,it was good app but it have some issues like it doesnt give me the right amount that I have in the bank and have some issues in transferring,2,2025-06-04,Google Play,2025-06-04
CBE,Good,5,2025-06-04,Google Play,2025-06-04
CBE,👌👍,5,2025-06-04,Google Play,2025-06-04
CBE,very niec,5,2025-06-04,Google Play,2025-06-04
CBE,best app of finance,5,2025-06-04,Google Play,2025-06-04
CBE,yetemeta,1,2025-06-03,Google Play,2025-06-03
CBE,it is not safety,1,2025-06-03,Google Play,2025-06-03
CBE,NICE bank,5,2025-06-03,Google Play,2025-06-03
CBE,it is like a childish app make it better the worst I have ever seen,1,2025-06-02,Google Play,2025-06-02
CBE,"It's a problem solver application, go ahead CBE, I love so much.",5,2025-06-02,Google Play,2025-06-02
CBE,It's good but try to make it facilitate for your client,4,2025-06-02,Google Play,2025-06-02
CBE,best app,5,2025-06-01,Google Play,2025-06-01
CBE,Awesome bank,5,2025-06-01,Google Play,2025-06-01
CBE,this app has developed in a very good ways but there are some comments I need to make 1- preventing the screenshot likely not good for someone like me coz I need to make screenshot for quicker evidence. 2-it would be good if you make us to access recent transaction histories for 30 days coz we don't have to go to the Bank's in person to see old transactions or add colander category so user can easily access old transactions through colanders.,5,2025-05-31,Google Play,2025-05-31
CBE,Masha alla,5,2025-05-31,Google Play,2025-05-31
CBE,"Recently there is big problem when sending to safaricom, telebir, and even to cbebirr wallet could anybody who is responsible fix it, it's very frustrating it's been 5 days and my money hasn't been returned it takes it out of my account but doesn't send it to my mpesa update- they have just corrected it and sent me back the money but still I'm afraid now to send again",2,2025-05-31,Google Play,2025-05-31
CBE,better service,5,2025-05-31,Google Play,2025-05-31
CBE,"it,s good app and time manager 👍",5,2025-05-30,Google Play,2025-05-30
CBE,malkaamuu Jiidhaa Namoo,5,2025-05-30,Google Play,2025-05-30
CBE,lower system everything,3,2025-05-30,Google Play,2025-05-30
CBE,Nice!,5,2025-05-30,Google Play,2025-05-30
CBE,Keep it up My CBE,5,2025-05-29,Google Play,2025-05-29
CBE,yes good,5,2025-05-28,Google Play,2025-05-28
CBE,"I was using this app for the last two years with no problems. It stopped working about 3 months ago. when I tried to transfer funds it gives me error ""can't do this transaction. inactive account.""",4,2025-05-27,Google Play,2025-05-27
CBE,i like everything of this app,5,2025-05-27,Google Play,2025-05-27
CBE,🤬🤬🤬🤬 network 🛜,1,2025-05-26,Google Play,2025-05-26
CBE,CBE is the best financial application and and very dimple to use. I would like to say thank you so much for the developer of application. I really appreciate this app.,5,2025-05-26,Google Play,2025-05-26
CBE,nice,5,2025-05-26,Google Play,2025-05-26
CBE,good job,5,2025-05-26,Google Play,2025-05-26
CBE,it's awesome!!,5,2025-05-25,Google Play,2025-05-25
CBE,thankyou every one,5,2025-05-25,Google Play,2025-05-25
CBE,Ronaldo 🇵🇹 🥇,5,2025-05-25,Google Play,2025-05-25
CBE,"this app is absolutely fantastic I love it and I enjoying to it ,let us support this foundation together .",5,2025-05-25,Google Play,2025-05-25
CBE,"The CBE app has been highly unreliable in recent weeks. It frequently fails to work properly on both Ethio Telecom and Safaricom networks, whether using Wi-Fi or mobile data. This week, the system was down entirely for extended periods, making it very difficult to access banking services. The app only functions intermittently, and the lack of consistency is frustrating. I hope the issues are addressed soon, and that any non-technical influences are removed from such essential services.",2,2025-05-25,Google Play,2025-05-25
CBE,mortuary app,5,2025-05-25,Google Play,2025-05-25
CBE,it is smart app but it has stoped after some period of time on my device with out any reason .,5,2025-05-25,Google Play,2025-05-25
CBE,amazing app I am used this app for one year,4,2025-05-24,Google Play,2025-05-24
CBE,👍,5,2025-05-24,Google Play,2025-05-24
CBE,i love it 😍😘,5,2025-05-24,Google Play,2025-05-24
CBE,It makes life easy!👌,5,2025-05-24,Google Play,2025-05-24
CBE,its not fast,1,2025-05-24,Google Play,2025-05-24
CBE,wow,4,2025-05-24,Google Play,2025-05-24
CBE,it is sooo good,5,2025-05-24,Google Play,2025-05-24
CBE,excellent,5,2025-05-24,Google Play,2025-05-24
CBE,ok,1,2025-05-24,Google Play,2025-05-24
CBE,Fantastic,5,2025-05-23,Google Play,2025-05-23
CBE,accessible to using,5,2025-05-23,Google Play,2025-05-23
CBE,I like it,4,2025-05-23,Google Play,2025-05-23
CBE,why you change default network?,5,2025-05-23,Google Play,2025-05-23
CBE,very nice 👍,5,2025-05-23,Google Play,2025-05-23
CBE,nice fast app,5,2025-05-23,Google Play,2025-05-23
CBE,how to I get my money,5,2025-05-23,Google Play,2025-05-23
CBE,"Very bad, can't even load they need to improve their services.",1,2025-05-22,Google Play,2025-05-22
CBE,"Very good app, but please make it reliable . it crashes sometimes .",4,2025-05-22,Google Play,2025-05-22
CBE,very busy I don't know why... I prefer 889,3,2025-05-22,Google Play,2025-05-22
CBE,"Sometimes it has a nasty lag for several hour fix that , the rest is 👌",4,2025-05-22,Google Play,2025-05-22
CBE,the most boring Mobil banking application in ethiopia.Please use alternative private banks mobile banking apps,1,2025-05-22,Google Play,2025-05-22
CBE,hojii bonsaadha,5,2025-05-22,Google Play,2025-05-22
CBE,user-friendly apps.because this app is easy.,5,2025-05-22,Google Play,2025-05-22
CBE,Awosome!!!,5,2025-05-22,Google Play,2025-05-22
CBE,"Very good app,",5,2025-05-22,Google Play,2025-05-22
CBE,sync problem may 22 2025 but the date stack on may 8 2025 help pls,5,2025-05-22,Google Play,2025-05-22
CBE,ይህ መተግበሪያ በጣም ጥሩ ነው. this app is very nice,5,2025-05-22,Google Play,2025-05-22
CBE,I hate this app 😒,1,2025-05-22,Google Play,2025-05-22
CBE,trustful,5,2025-05-22,Google Play,2025-05-22
CBE,I like,5,2025-05-22,Google Play,2025-05-22
CBE,update issue,4,2025-05-22,Google Play,2025-05-22
CBE,its not working over safari network,1,2025-05-22,Google Play,2025-05-22
CBE,oldie,1,2025-05-22,Google Play,2025-05-22
CBE,it doesn't work,1,2025-05-21,Google Play,2025-05-21
CBE,"This app is good, and we are using it well",1,2025-05-21,Google Play,2025-05-21
CBE,very nice 👌 app for android phone,5,2025-05-21,Google Play,2025-05-21
CBE,Yes Yes,5,2025-05-21,Google Play,2025-05-21
CBE,በጣም ከርፋፋ,1,2025-05-21,Google Play,2025-05-21
CBE,easy to use helpful in my life,5,2025-05-21,Google Play,2025-05-21
CBE,good 👍,4,2025-05-21,Google Play,2025-05-21
CBE,the best mobile banking app,5,2025-05-21,Google Play,2025-05-21
CBE,"this app is very useful app,it saves time,and it is secure",4,2025-05-21,Google Play,2025-05-21
CBE,it's a good application 👍,5,2025-05-21,Google Play,2025-05-21
CBE,the screenshot and the reffresh options are so annoying that makes transaction so delaying activity !,2,2025-05-21,Google Play,2025-05-21
CBE,poor service,1,2025-05-21,Google Play,2025-05-21
CBE,amazing,5,2025-05-20,Google Play,2025-05-20
CBE,it is reliable and easy to use.,5,2025-05-20,Google Play,2025-05-20
CBE,the most annoying mobile banking app I've ever seen,1,2025-05-20,Google Play,2025-05-20
CBE,Cbe mobile banking,5,2025-05-20,Google Play,2025-05-20
CBE,"i can't make Screenshout in this app, please made modification",5,2025-05-20,Google Play,2025-05-20
CBE,Best app I loved it,5,2025-05-19,Google Play,2025-05-19
CBE,nice app,5,2025-05-19,Google Play,2025-05-19
CBE,Amazing applicatiom sometimes doesnt work!,5,2025-05-18,Google Play,2025-05-18
CBE,well satisfied with this beautiful app,5,2025-05-18,Google Play,2025-05-18
CBE,very good,4,2025-05-17,Google Play,2025-05-17
CBE,best app.,5,2025-05-17,Google Play,2025-05-17
CBE,"not working,why???",5,2025-05-17,Google Play,2025-05-17
CBE,Great impact but why Developer option turnoff if you fix 🙏 🙏 🙏,5,2025-05-17,Google Play,2025-05-17
CBE,always disappointing ! especially the iOS one !! some similar local applications are extremely superior to this application!! Really disappointing!,1,2025-05-17,Google Play,2025-05-17
CBE,woxe harimo ribiso,5,2025-05-17,Google Play,2025-05-17
CBE,"Good ,easy to use",5,2025-05-16,Google Play,2025-05-16
CBE,Good app,5,2025-05-15,Google Play,2025-05-15
CBE,Good job👍,5,2025-05-14,Google Play,2025-05-14
CBE,"Please kindly ask to update the app and allow us to screenshot, it's convenient and efficient as long as you add security to the access there is no reason to block us from screenshooting our screen.",2,2025-05-14,Google Play,2025-05-14
CBE,I have using the CBE mobile banking app. and overall i appreciate its Feuteres However i.ve Notticed that when i turn on the Developer options on my divice the App.Stop Functioning prorerly It.Would Be Great If You could look into This issue as l often need to access Developer setting for Otter Application ThankYou For Your attention to This Matter,4,2025-05-13,Google Play,2025-05-13
CBE,customer service is bad nothing is good about this bank,1,2025-05-13,Google Play,2025-05-13
CBE,It is Amazing Mobile Banking App....But why the screenshot of the receipt doesnt work,5,2025-05-13,Google Play,2025-05-13
CBE,fast and simple easy to use 👌,5,2025-05-12,Google Play,2025-05-12
CBE,The fastest transferring app I ever had its so reliable,5,2025-05-11,Google Play,2025-05-11
CBE,"Funds transferred from the same bank do not reflect in the account, even though a confirmation text message was received.",3,2025-05-11,Google Play,2025-05-11
CBE,it's easy and fast,5,2025-05-10,Google Play,2025-05-10
CBE,This app don't have self activation only you have to look near cbe branch that's disgusting,1,2025-05-10,Google Play,2025-05-10
CBE,hello dearest CBE office personnel make some benefits for those using interest free accounts thanks for your help,5,2025-05-09,Google Play,2025-05-09
CBE,wow best application ever,5,2025-05-09,Google Play,2025-05-09
CBE,"Am sorry but what does developer mode do to the application ? hack it ? are you sure you are developer or are you stupid, doesnt makes sense,",1,2025-05-08,Google Play,2025-05-08
CBE,the pride of Ethiopian bank 🏦,5,2025-05-08,Google Play,2025-05-08
CBE,why the app telling me to turn of developer options please fix it.,1,2025-05-07,Google Play,2025-05-07
CBE,i am very happy . i have small prob. after i transfer i cant put the transfer cashe bil to my dic.,5,2025-05-07,Google Play,2025-05-07
CBE,amazing apps,5,2025-05-06,Google Play,2025-05-06
CBE,All service of Mobile Banking,5,2025-05-06,Google Play,2025-05-06
CBE,needs improvement,1,2025-05-06,Google Play,2025-05-06
CBE,i miss the old one i couldn't send my mony to other bank..,1,2025-05-06,Google Play,2025-05-06
CBE,the app is recently crushing each time you open and try to make transfers...it used to be good. take lessons from the Dashen Super app or ethiotelecom. it is not befitting of your experience and glory. inv3st in making it more friendly and convenient. I am considering leaving CBE for good.,2,2025-05-06,Google Play,2025-05-06
CBE,good but these week not oky,4,2025-05-06,Google Play,2025-05-06
CBE,well designed! Fixing bugs & two step verification with biometric... simply it's great!,5,2025-05-06,Google Play,2025-05-06
CBE,If any developer is reading this please fix the screenshot functionality or at least the download button should work flawlessly without me touching it twenty times.,1,2025-05-05,Google Play,2025-05-05
CBE,"it's a great job.but one more thing, it hasn't been placed for transfer to other banks on face like mobile charge card place",5,2025-05-05,Google Play,2025-05-05
CBE,CBE mobilr bankg,5,2025-05-05,Google Play,2025-05-05
CBE,verygood,3,2025-05-05,Google Play,2025-05-05
CBE,ممتاز جدا,5,2025-05-04,Google Play,2025-05-04
CBE,it's very low quality application,1,2025-05-04,Google Play,2025-05-04
CBE,Very Amazing Apps,5,2025-05-04,Google Play,2025-05-04
CBE,አዛ,1,2025-05-04,Google Play,2025-05-04
CBE,wow simple life,5,2025-05-04,Google Play,2025-05-04
CBE,it's nice,5,2025-05-03,Google Play,2025-05-03
CBE,Why stacked sometimes,5,2025-05-03,Google Play,2025-05-03
CBE,okay 👍 but sometimes busy,1,2025-05-03,Google Play,2025-05-03
CBE,the worst commercial company that fails to do even the most normal things again and and again.,1,2025-05-03,Google Play,2025-05-03
CBE,Very good app. but disappointed by general cessation of system.,5,2025-05-02,Google Play,2025-05-02
CBE,Good and fast,5,2025-05-02,Google Play,2025-05-02
CBE,Unreliable!,1,2025-05-02,Google Play,2025-05-02
CBE,Best the best fast,5,2025-05-02,Google Play,2025-05-02
CBE,happy,5,2025-05-02,Google Play,2025-05-02
CBE,fast and reliable,5,2025-05-02,Google Play,2025-05-02
CBE,network errorrrrrr,2,2025-05-02,Google Play,2025-05-02
CBE,Best app but there is some problem I can't send money to telebirr or mpesa so if you can add that it could be use full,4,2025-05-02,Google Play,2025-05-02
CBE,its good and simple to use,5,2025-05-02,Google Play,2025-05-02
CBE,worest app like that bank for security and network access,1,2025-05-02,Google Play,2025-05-02
CBE,it's the best app i,5,2025-05-02,Google Play,2025-05-02
CBE,not bad not good,1,2025-05-02,Google Play,2025-05-02
CBE,its very nice,5,2025-05-02,Google Play,2025-05-02
CBE,do not work this week,3,2025-04-30,Google Play,2025-04-30
CBE,It crashes frequently,4,2025-04-30,Google Play,2025-04-30
CBE,the best,5,2025-04-28,Google Play,2025-04-28
CBE,"I can simply describe this app as ""Making all your work easier"".",5,2025-04-28,Google Play,2025-04-28
CBE,goid,5,2025-04-28,Google Play,2025-04-28
CBE,best appearance,5,2025-04-27,Google Play,2025-04-27
CBE,it's very good 👍 app,5,2025-04-27,Google Play,2025-04-27
CBE,I need support you,5,2025-04-27,Google Play,2025-04-27
CBE,the worst Mobile banking i have ever seen in my life,1,2025-04-26,Google Play,2025-04-26
CBE,super,5,2025-04-26,Google Play,2025-04-26
CBE,ጠጀጨገጀ።ጀገ,5,2025-04-26,Google Play,2025-04-26
CBE,i like the app,5,2025-04-26,Google Play,2025-04-26
CBE,the Best,1,2025-04-26,Google Play,2025-04-26
CBE,to other bank is bad,1,2025-04-25,Google Play,2025-04-25
CBE,tank's,5,2025-04-25,Google Play,2025-04-25
CBE,its good but add more features such like. bank statement showing,5,2025-04-24,Google Play,2025-04-24
CBE,it is so nice,5,2025-04-24,Google Play,2025-04-24
CBE,Very Good👍,5,2025-04-21,Google Play,2025-04-21
CBE,"my first frequent experience of cbe app is critical-time failure such as suspending payment on air for 2-5 days with zero explanation, deducting from sender account without depositing to the receiver act. Another fatal error by the banking company as a whole (not the app itself though) is forced-banking with corporations without consent of employers-users of the corresponding corporations",2,2025-04-21,Google Play,2025-04-21
CBE,"wow, amazing app",5,2025-04-21,Google Play,2025-04-21
CBE,use ful,5,2025-04-21,Google Play,2025-04-21
CBE,Great app,5,2025-04-21,Google Play,2025-04-21
CBE,well app,5,2025-04-20,Google Play,2025-04-20
CBE,Actually it is inactive,4,2025-04-19,Google Play,2025-04-19
CBE,"slow, only one account is used",2,2025-04-19,Google Play,2025-04-19
CBE,always CBE is the leading Commercial Bank💪💪💪,5,2025-04-18,Google Play,2025-04-18
CBE,i like it,5,2025-04-18,Google Play,2025-04-18
CBE,why removing screenshot feature why?,1,2025-04-18,Google Play,2025-04-18
CBE,nice apps where network is good in connection,5,2025-04-18,Google Play,2025-04-18
CBE,Thank you!!!,5,2025-04-18,Google Play,2025-04-18
CBE,i can't take screenshot,1,2025-04-18,Google Play,2025-04-18
CBE,"every update was made the system better and better until the March 19th, 2025 update, not allowing us to screenshot. you guys didn't understand how much it's a really quick and significant thing. You add extra steps to us, which makes the process draw back",3,2025-04-18,Google Play,2025-04-18
CBE,perfectly special,5,2025-04-18,Google Play,2025-04-18
CBE,Fast and Reliable,5,2025-04-18,Google Play,2025-04-18
CBE,The best application I have ever seen in Ethiopia banking industry.,5,2025-04-17,Google Play,2025-04-17
CBE,great app!!!,5,2025-04-17,Google Play,2025-04-17
CBE,because sometimes it doesn't working it load too much,3,2025-04-17,Google Play,2025-04-17
CBE,"Absolutely the best app! It works flawlessly, anytime and anywhere.",5,2025-04-17,Google Play,2025-04-17
CBE,very nice app ever!!!,5,2025-04-16,Google Play,2025-04-16
CBE,the best app,5,2025-04-16,Google Play,2025-04-16
CBE,Biometric security for mobile banking is not available,5,2025-04-16,Google Play,2025-04-16
CBE,great,5,2025-04-15,Google Play,2025-04-15
CBE,Nice service,5,2025-04-15,Google Play,2025-04-15
CBE,great app,5,2025-04-15,Google Play,2025-04-15
CBE,it's special apps,5,2025-04-15,Google Play,2025-04-15
CBE,"In the updated version of the app, it takes more time to download the receipt.",3,2025-04-15,Google Play,2025-04-15
CBE,ለምንድነው ትራንዛክሽን ትንሽ ብቻ የሚያሳየው ?,3,2025-04-14,Google Play,2025-04-14
CBE,Good 🔥,5,2025-04-14,Google Play,2025-04-14
CBE,very interesting app i am using every day fantastic,5,2025-04-14,Google Play,2025-04-14
CBE,lebaa bank,5,2025-04-14,Google Play,2025-04-14
CBE,Can't scan/recognize other banks' Interoperable QR Codes,1,2025-04-13,Google Play,2025-04-13
CBE,OK,5,2025-04-13,Google Play,2025-04-13
CBE,grateful app,5,2025-04-13,Google Play,2025-04-13
CBE,100% ❤️❤️❤️🙏🙏🙏🙏🙏🙏🙏🙏🙏🙏🙏🙏🙏🙏🙏🙏,5,2025-04-13,Google Play,2025-04-13
CBE,everthing wellbeok,3,2025-04-13,Google Play,2025-04-13
CBE,"""This mobile banking app is fast and user-friendly, but the only issue I encountered is that I can't access my bank statement within the app. I kindly request that this feature be added, similar to what is offered by other private bank mobile banking apps.",4,2025-04-13,Google Play,2025-04-13
CBE,nice app 👌,5,2025-04-12,Google Play,2025-04-12
CBE,why did this app is not screenshot,5,2025-04-12,Google Play,2025-04-12
CBE,it so good app,5,2025-04-12,Google Play,2025-04-12
CBE,جميل,5,2025-04-11,Google Play,2025-04-11
CBE,"less network, specially to make fee for utility purpose",1,2025-04-11,Google Play,2025-04-11
CBE,simply for used,4,2025-04-11,Google Play,2025-04-11
CBE,wow keep up,5,2025-04-10,Google Play,2025-04-10
CBE,its great app but when updating we can't take screen shot please try to fix it,3,2025-04-10,Google Play,2025-04-10
CBE,good one,5,2025-04-10,Google Play,2025-04-10
CBE,everything is easy thank you cebe,5,2025-04-10,Google Play,2025-04-10
CBE,ፈጣን ቀልጣፋ,5,2025-04-10,Google Play,2025-04-10
CBE,ጎበዝ,5,2025-04-09,Google Play,2025-04-09
CBE,but this app says can't sync,5,2025-04-09,Google Play,2025-04-09
CBE,waw,5,2025-04-09,Google Play,2025-04-09
CBE,to slow,3,2025-04-09,Google Play,2025-04-09
CBE,work on screen shot system,4,2025-04-08,Google Play,2025-04-08
CBE,very very nice aplication,1,2025-04-08,Google Play,2025-04-08
CBE,wonder full and it is easy to use,5,2025-04-08,Google Play,2025-04-08
CBE,easy and reliable,2,2025-04-08,Google Play,2025-04-08
CBE,it is Very Useful app 👍,5,2025-04-07,Google Play,2025-04-07
CBE,perfect app,5,2025-04-07,Google Play,2025-04-07
CBE,I like it.,5,2025-04-07,Google Play,2025-04-07
CBE,bugs,3,2025-04-07,Google Play,2025-04-07
CBE,commerial Bank,5,2025-04-06,Google Play,2025-04-06
CBE,Genat biru,2,2025-04-06,Google Play,2025-04-06
CBE,🙏,5,2025-04-06,Google Play,2025-04-06
CBE,it is good but it doesn't allow screen shot,4,2025-04-06,Google Play,2025-04-06
CBE,the best one,5,2025-04-06,Google Play,2025-04-06
CBE,You need to copy many things from other bank apps like Amole(Dashen),2,2025-04-06,Google Play,2025-04-06
CBE,bring back the screenshot feature.,1,2025-04-05,Google Play,2025-04-05
CBE,Good!👍,3,2025-04-05,Google Play,2025-04-05
CBE,best app to experience him that to smooth transaction among the customers,1,2025-04-05,Google Play,2025-04-05
CBE,nice app suitable to use it. the only weak side is it need data connections and hoping will be fixed to offline i gave 4 rate,4,2025-04-05,Google Play,2025-04-05
CBE,easy to use,5,2025-04-05,Google Play,2025-04-05
CBE,"Good job to the CBE team on this mobile app! It's designed in a way that's simple and intuitive to navigate, which is great for everyone. It effectively handles the essential banking tasks I need to perform regularly. It's a practical and reliable tool that makes everyday banking much more convenient. Thank you for this useful application.",5,2025-04-04,Google Play,2025-04-04
CBE,ለኔ በጣም ምርጥ ነው ግን screenshot ማረግ ቢቻል ምርጥ ነበር,5,2025-04-04,Google Play,2025-04-04
CBE,before it was smooth and good. this time after the new update in 2025 i can not make screenshot of my recite. even the downlod button is very delayed in putting my recite in my gallery for simple proof. please fix this i am unable to show proof of payment to my clients. thankyou.,3,2025-04-04,Google Play,2025-04-04
CBE,cool ❤,4,2025-04-04,Google Play,2025-04-04
CBE,Best app,5,2025-04-04,Google Play,2025-04-04
CBE,best banking App,4,2025-04-03,Google Play,2025-04-03
CBE,satisfied,5,2025-04-03,Google Play,2025-04-03
CBE,this app is very necessary app many people found it,5,2025-04-03,Google Play,2025-04-03
CBE,cbe very active Bank I'm using CBE app very very satisfaction,5,2025-04-03,Google Play,2025-04-03
CBE,It made life alot easier. I cant even imagine having to make all those transactions in person. So this app was crucial for me. Very good app. well done.,5,2025-04-03,Google Play,2025-04-03
CBE,perfect,5,2025-04-03,Google Play,2025-04-03
CBE,thankyou,5,2025-04-02,Google Play,2025-04-02
CBE,I Like it,5,2025-04-02,Google Play,2025-04-02
CBE,"I don't understand the reason, why I need to disable developer options to access the app, it has no security risks nor does it hinder the app's functionalities. This goes out to the dev, I hope your life is filled with inconveniences.",1,2025-04-02,Google Play,2025-04-02
CBE,smart app,5,2025-04-02,Google Play,2025-04-02
CBE,isin ga'a,2,2025-04-02,Google Play,2025-04-02
CBE,it's great,5,2025-04-02,Google Play,2025-04-02
CBE,very good app and stars faction with work,5,2025-04-02,Google Play,2025-04-02
CBE,It is excelent,5,2025-04-01,Google Play,2025-04-01
CBE,Smart,5,2025-04-01,Google Play,2025-04-01
CBE,በየወሩ አፕደት እየጠየቀኝ ነው ለነገሩ ብር ስሌለኝ ይሆናል እና ምን ለማለት ፈልገ መሰላቹ ወላህ ቼግሮኛል 🥺🥺🥺,3,2025-04-01,Google Play,2025-04-01
CBE,very interesting app,5,2025-04-01,Google Play,2025-04-01
CBE,wow.......cbe.....keep it up.....!!!!!!,5,2025-04-01,Google Play,2025-04-01
CBE,ጊዜን ቆጣቢ እና ህይወትን ቀለል ከሚያደርጉ ኢትዬጲያ ካሉ ፋይናንስ አፕልኬሽኖች ሁሉ ይሄ ይለያል,5,2025-04-01,Google Play,2025-04-01
CBE,Excellent🙏app,5,2025-04-01,Google Play,2025-04-01
CBE,the most useful,5,2025-04-01,Google Play,2025-04-01
CBE,I am more satisfied in this app . More sure you have to secure.,4,2025-04-01,Google Play,2025-04-01
CBE,Easy to use,5,2025-04-01,Google Play,2025-04-01
CBE,"very good, but sometimes NUR CBE comes without my consent. even if I choose locked, it appears",4,2025-04-01,Google Play,2025-04-01
CBE,Excellent !!!,5,2025-04-01,Google Play,2025-04-01
CBE,always we relay on,5,2025-04-01,Google Play,2025-04-01
CBE,I'm lucky to have this🙏 thank you CBE.,5,2025-04-01,Google Play,2025-04-01
CBE,it's need more improvement like Tellbirr.,4,2025-04-01,Google Play,2025-04-01
CBE,goode app,5,2025-04-01,Google Play,2025-04-01
CBE,a very nice app.👍👍👍,5,2025-04-01,Google Play,2025-04-01
CBE,safe easy & fast,5,2025-04-01,Google Play,2025-04-01
CBE,it's good app,5,2025-04-01,Google Play,2025-04-01
CBE,It is veary useful app but screen shout was impossible .solve this problem,5,2025-04-01,Google Play,2025-04-01
CBE,ጥሩ ነው,5,2025-04-01,Google Play,2025-04-01
CBE,እጅግ በጣም ጥሩ አፕ,5,2025-04-01,Google Play,2025-04-01
CBE,በጣም ሃሪፍ ነው ግን ብር በሚተላለፍበት ወቅት ተቀንሷል ይላል እላፊ መልክቱ ይደርሳል ግን አይቀንስም,5,2025-04-01,Google Play,2025-04-01
CBE,suitable app,4,2025-04-01,Google Play,2025-04-01
CBE,Dear cbe this app is not comparable with 21century and pls try to solve it.💀💀💀,1,2025-04-01,Google Play,2025-04-01
CBE,best transaction method of financial,5,2025-04-01,Google Play,2025-04-01
CBE,#CBE is Now going to on the right Pathway/track/!! Thank you CBE one step ahead on payment platform app!!,5,2025-04-01,Google Play,2025-04-01
CBE,It literarily don't work at all,4,2025-04-01,Google Play,2025-04-01
CBE,good give us plus,5,2025-04-01,Google Play,2025-04-01
CBE,"Very good application. However, I have one functionality recommendation. What if you let the app transfer money to any telebirr account as for MPESA? By the way, I am not the only one to ask this. Thank you!",4,2025-04-01,Google Play,2025-04-01
CBE,before update it was able to screenshot while after update I can't able to screenshot the transfere details,4,2025-04-01,Google Play,2025-04-01
CBE,Tnc Cbe,5,2025-04-01,Google Play,2025-04-01
CBE,it is good app. But you have integrate cbe with cbe birr. to allow cardless withdrawal directly from our accout!,4,2025-03-31,Google Play,2025-03-31
CBE,great apps,5,2025-03-31,Google Play,2025-03-31
CBE,Excellent,5,2025-03-31,Google Play,2025-03-31
CBE,Great app!,4,2025-03-31,Google Play,2025-03-31
CBE,CBE,5,2025-03-31,Google Play,2025-03-31
CBE,very good 👍 👏,5,2025-03-31,Google Play,2025-03-31
CBE,great when it works,5,2025-03-31,Google Play,2025-03-31
CBE,"the app is very good, but why screenshots is impossible?",5,2025-03-31,Google Play,2025-03-31
CBE,excellent match application,5,2025-03-31,Google Play,2025-03-31
CBE,The Best app😍😍😍,5,2025-03-31,Google Play,2025-03-31
CBE,excellent app,5,2025-03-31,Google Play,2025-03-31
CBE,easy to use and user friendly,5,2025-03-31,Google Play,2025-03-31
CBE,very nice,5,2025-03-31,Google Play,2025-03-31
CBE,አሪፍ ነው በተለይ የአሻራ ደህነቱ መረጋገጡ ተመችቶኛል,3,2025-03-31,Google Play,2025-03-31
CBE,well software,5,2025-03-31,Google Play,2025-03-31
CBE,ጥሩ ነው አንዳንዴ ስታክ ቢያደርግም,4,2025-03-31,Google Play,2025-03-31
CBE,CBE very good apps,5,2025-03-31,Google Play,2025-03-31
CBE,"This application fast, secure and more convenient. Thanks CBE",5,2025-03-31,Google Play,2025-03-31
CBE,excellent service,5,2025-03-31,Google Play,2025-03-31
CBE,it's best,5,2025-03-31,Google Play,2025-03-31
CBE,Why didn't you display cash transactions and bank statement in the mobile banking app?,4,2025-03-31,Google Play,2025-03-31
CBE,Amazing app,5,2025-03-31,Google Play,2025-03-31
CBE,our legitimate bank,4,2025-03-31,Google Play,2025-03-31
CBE,Ever and never seen this kind of app I proud my CBE,5,2025-03-31,Google Play,2025-03-31
CBE,very good and safe for me!,5,2025-03-31,Google Play,2025-03-31
CBE,it is best bank,5,2025-03-31,Google Play,2025-03-31
CBE,"very good, but sometimes....",4,2025-03-31,Google Play,2025-03-31
CBE,ከአንድ መስሪያ ቤት ወይም ድርጅት ወይም ግለሰብ በርከት ላለ ሰው ሲላክ የላኪውን መስሪያ ቤት ወይም ድርጅት ወይም ግለሰብ እንዲያሳይ አታደርጉም ? ግለሰብ ለግለሰብ ወይም ለድርጅት ሲከፍል ያሳያል ።,5,2025-03-31,Google Play,2025-03-31
CBE,Why not allowed to pay for fuel?,4,2025-03-31,Google Play,2025-03-31
CBE,Really! this app is more simple to use at any time in every where also it's transaction quality between the users within the transaction receipt as abank that means this app is our bank on hand in mobile frankly I proud on this bank digital. I have no word to wrote ...... but it's have weakness on poor connection.,5,2025-03-31,Google Play,2025-03-31
CBE,ቆንጆ ነው,5,2025-03-31,Google Play,2025-03-31
CBE,Great version,5,2025-03-31,Google Play,2025-03-31
CBE,Good and easy to use,5,2025-03-31,Google Play,2025-03-31
CBE,nice app and fast money transfer,5,2025-03-31,Google Play,2025-03-31
CBE,Really automated...,5,2025-03-31,Google Play,2025-03-31
CBE,good App,5,2025-03-31,Google Play,2025-03-31
CBE,bek betam kelal,5,2025-03-31,Google Play,2025-03-31
CBE,ምርጥ አፕ ነው ተመችቶኛል❤❤,3,2025-03-31,Google Play,2025-03-31
CBE,Recently app keeps closing and the notification after says this app has a bug. Can you make an update please,4,2025-03-31,Google Play,2025-03-31
CBE,"very good, keep it up",5,2025-03-31,Google Play,2025-03-31
CBE,there is some issue the process it delay,3,2025-03-31,Google Play,2025-03-31
CBE,what an amazing application in Ethiopian Banking industry which is very interested one!,5,2025-03-31,Google Play,2025-03-31
CBE,interesting,3,2025-03-30,Google Play,2025-03-30
CBE,simple&fast!!!,5,2025-03-30,Google Play,2025-03-30
CBE,it is very good app,5,2025-03-30,Google Play,2025-03-30
CBE,It is very excellent anddynamic plus user friend all in one bank apps of the era. I loved it.,5,2025-03-30,Google Play,2025-03-30
CBE,Very God thanks,5,2025-03-30,Google Play,2025-03-30
CBE,The sum is good.,3,2025-03-30,Google Play,2025-03-30
CBE,best of bests,5,2025-03-30,Google Play,2025-03-30
CBE,am happy thank you CBE🫡,5,2025-03-30,Google Play,2025-03-30
CBE,it's very nice 👍.,5,2025-03-30,Google Play,2025-03-30
CBE,"The history sometimes misses transactions, tranfer to cbe birr debited but not really transferred, We need to really cop up with the world for real. The hacks and security problems, invest on and solve them.",3,2025-03-30,Google Play,2025-03-30
CBE,Very good,5,2025-03-30,Google Play,2025-03-30
CBE,halan garidhaa cbe,5,2025-03-30,Google Play,2025-03-30
CBE,best apps for useing,5,2025-03-30,Google Play,2025-03-30
CBE,like it,5,2025-03-29,Google Play,2025-03-29
CBE,Good apps ...But fix the screenshot its not easy like before ......,5,2025-03-29,Google Play,2025-03-29
CBE,l love it,5,2025-03-29,Google Play,2025-03-29
CBE,"I am not exaggerating when I say that this application is one of the biggest players in the banking industry. It has simplified a lot of things for the user, even if the bank is in his pocket. But my opinion is (1), when we transfer money, there is a word limit on the (Note) at the end. Why can't we write our reason briefly? I don't understand why it is limited. On the other hand, there is no limit on the bank. Could you explain this? (2), when we pay for water, why is the code not mentioned",5,2025-03-29,Google Play,2025-03-29
CBE,in this update why screenshoot is disabled now it's not working,1,2025-03-28,Google Play,2025-03-28
CBE,"realy I donot seen like this application ! fast ,safe ande confortable",5,2025-03-28,Google Play,2025-03-28
CBE,Excellent but needed upgrading!,5,2025-03-28,Google Play,2025-03-28
CBE,goods app!! pleace update this apps??,4,2025-03-28,Google Play,2025-03-28
CBE,"The latest update prevents taking screenshots, which is really annoying! please allow us to take screenshots! we need it for evidence (particularly, in case of transfer failure!).",1,2025-03-27,Google Play,2025-03-27
CBE,Fantastic app! I appreciate it very much,5,2025-03-27,Google Play,2025-03-27
CBE,Convenient app,5,2025-03-27,Google Play,2025-03-27
CBE,Doesn't work properly. It crashes some many times. commercial bank of Ethiopia not only the application but also sending money to own CBE birr doesn't get your money in your bank account. forcefully you must wait 3-5 days to get your money back to your account. walk up CBE the world is going to decentralized finance.,1,2025-03-26,Google Play,2025-03-26
CBE,It crashes multiple times everytime you launch it. Fix it. Edit: crash fixed but screenshots has been disabled. I don't know who thought this was a good idea.,1,2025-03-26,Google Play,2025-03-26
CBE,why why u remove screen shoot😡😡,2,2025-03-26,Google Play,2025-03-26
CBE,"I fails mid transaction, No screenshot, download don't work, link shared not working bring back the old app this is usless",1,2025-03-26,Google Play,2025-03-26
CBE,very nice one,5,2025-03-26,Google Play,2025-03-26
CBE,good application,5,2025-03-25,Google Play,2025-03-25
CBE,problem solver and the best fast app,5,2025-03-25,Google Play,2025-03-25
CBE,ምርጥ አፕሊከሽን ነው ገንዘብ ለመላክም ሆነ ለማንኛውም ነገር ተመችቶኛል በዚው ቀጥሉበት,5,2025-03-25,Google Play,2025-03-25
CBE,Please bring back the screenshot option. The screenshot download option takes like 15 second appear in gallery and most people don't know about it.,3,2025-03-25,Google Play,2025-03-25
CBE,you must added dark mode options ❗,3,2025-03-25,Google Play,2025-03-25
CBE,Thank you,5,2025-03-25,Google Play,2025-03-25
CBE,cbe,5,2025-03-25,Google Play,2025-03-25
CBE,ممتاز جدا جدا,5,2025-03-24,Google Play,2025-03-24
CBE,very nice and convenient app,5,2025-03-24,Google Play,2025-03-24
CBE,there are to many bugs app keeps crashi ng and the update file seems to keep getting worse,2,2025-03-24,Google Play,2025-03-24
CBE,👍👍👍,5,2025-03-24,Google Play,2025-03-24
BOA,best financial app.,5,2025-06-12,Google Play,2025-06-12
BOA,ቆንጆ ነው በርቱ,5,2025-06-11,Google Play,2025-06-11
BOA,the worst app humans ever created,1,2025-06-09,Google Play,2025-06-09
BOA,it's not working,3,2025-06-05,Google Play,2025-06-05
BOA,"Hello, I’m facing a problem with the BOA Mobile app. Every time I enter my phone number and password, the app crashes and shows an error that says “BoaMobile closed because this app has a bug.” I tried updating, reinstalling, and clearing cache, but nothing worked. Please fix this bug in the next update. I really need access to my account. Thank you.",1,2025-06-03,Google Play,2025-06-03
BOA,exceptional,5,2025-06-03,Google Play,2025-06-03
BOA,BoA Mobile good bank,5,2025-06-02,Google Play,2025-06-02
BOA,this is worest app 24/7 loading,1,2025-06-01,Google Play,2025-06-01
BOA,This App is not interest for Android phone Please update it .,1,2025-06-01,Google Play,2025-06-01
BOA,BoA system is confartable,5,2025-06-01,Google Play,2025-06-01
BOA,"this app, for me , is a waste of time. It doesn't work . I can't even long in, and it really piss me off. FIX THE PROBLEM",1,2025-05-27,Google Play,2025-05-27
BOA,Good service.,3,2025-05-25,Google Play,2025-05-25
BOA,the app crush frequently,1,2025-05-24,Google Play,2025-05-24
BOA,good,5,2025-05-22,Google Play,2025-05-22
BOA,You guys keeps getting worst,1,2025-05-22,Google Play,2025-05-22
BOA,"This app is a joke. It crashes more than it works, takes forever to load, and half the features are just decorative at this point. Can’t log in, can’t transfer money, can’t even check my balance without it bugging out. To the developer: Are you actually trying to make this work, or is this some kind of social experiment to test our patience? Did you build this in your sleep? Because it definitely looks like it. If this is your idea of a functional app, maybe consider a different career path🙏",1,2025-05-21,Google Play,2025-05-21
BOA,BoA,2,2025-05-20,Google Play,2025-05-20
BOA,but not opening on android,4,2025-05-19,Google Play,2025-05-19
BOA,Worst App ever. Totally unreliable. And it didn't work at all for the last 4 months.,1,2025-05-18,Google Play,2025-05-18
BOA,amazing,5,2025-05-18,Google Play,2025-05-18
BOA,excellent app,4,2025-05-16,Google Play,2025-05-16
BOA,excellent,5,2025-05-15,Google Play,2025-05-15
BOA,ሞላዬ ከበደ,5,2025-05-14,Google Play,2025-05-14
BOA,"this app does no work on Samsung a51, it just gives a preview of the logo",1,2025-05-11,Google Play,2025-05-11
BOA,nice,5,2025-05-10,Google Play,2025-05-10
BOA,"i entered incorrect security question by mistake boa app lock pin forever, why is there no other options? ?? i contacted different branchs more then 4times but they didn't able to solve this issue .",5,2025-05-10,Google Play,2025-05-10
BOA,Best app,5,2025-05-09,Google Play,2025-05-09
BOA,liking this application good 👍,5,2025-05-07,Google Play,2025-05-07
BOA,"This app future is good, but there is problems with apps to reset and activate it, which is difficult even to the branch staffs, and it takes too long times to active at the branch plus most of the time high expected failure of activation after process at the counter and OTP sent not work",1,2025-05-06,Google Play,2025-05-06
BOA,wow,5,2025-04-28,Google Play,2025-04-28
BOA,it's really good 👍,5,2025-04-23,Google Play,2025-04-23
BOA,Bad app . it stuck when you open and noting WORKS.,1,2025-04-23,Google Play,2025-04-23
BOA,"the app isn't working after it asked me the password it starts loading, but it doesn't open",3,2025-04-20,Google Play,2025-04-20
BOA,Best,2,2025-04-19,Google Play,2025-04-19
BOA,It keeps showing this pop up to turn off developer options even tho it's off! I had to turn on and then off to make it work! This is a horrible experience and needs a fix asap! Plus kinda slow.,1,2025-04-19,Google Play,2025-04-19
BOA,yideg,1,2025-04-18,Google Play,2025-04-18
BOA,አይከፍትም እኮ,1,2025-04-17,Google Play,2025-04-17
BOA,great boa,5,2025-04-10,Google Play,2025-04-10
BOA,boa of mobile backing,5,2025-04-09,Google Play,2025-04-09
BOA,faster bank of Abissinya,5,2025-04-08,Google Play,2025-04-08
BOA,i would have given it a lower if it was possible because it crush so much and it take the bank so long to fix the bug,1,2025-04-08,Google Play,2025-04-08
BOA,it just doesn't work...so frustrating,1,2025-04-07,Google Play,2025-04-07
BOA,like,5,2025-04-06,Google Play,2025-04-06
BOA,it's not work correctly... you must have update it,1,2025-04-06,Google Play,2025-04-06
BOA,"the app gets a considerable improvements like language , QR scanner and unlimited transfers survice. but BOA Please do alot on its fastness and convenient when we login and making a transactions.",5,2025-04-04,Google Play,2025-04-04
BOA,after i typed in my password it says successfully logged out ...and goes back to the first page,2,2025-04-04,Google Play,2025-04-04
BOA,good but they don't update enough don't add new things,3,2025-04-04,Google Play,2025-04-04
BOA,very good,5,2025-04-03,Google Play,2025-04-03
BOA,thank you,5,2025-04-02,Google Play,2025-04-02
BOA,it doesn't work period z slowest mobile banking ever i would rather use *815#,1,2025-04-01,Google Play,2025-04-01
BOA,"after activated the application it not allowed to sign , automatically it is turn off In my phone, why ?",1,2025-03-31,Google Play,2025-03-31
BOA,good application,5,2025-03-30,Google Play,2025-03-30
BOA,this version is not working for me I cannot even buy card. I cannot send money,1,2025-03-30,Google Play,2025-03-30
BOA,"It can't actively on initialization, it says incorrect OTP getting the exact OTP",1,2025-03-29,Google Play,2025-03-29
BOA,always problematic hardly works,1,2025-03-26,Google Play,2025-03-26
BOA,considering the fact the bank is huge this app really bad you could do better,1,2025-03-25,Google Play,2025-03-25
BOA,best app,5,2025-03-25,Google Play,2025-03-25
BOA,"worst app and Bank ever u be ashamed, scammer",1,2025-03-24,Google Play,2025-03-24
BOA,great BoA,5,2025-03-22,Google Play,2025-03-22
BOA,best,5,2025-03-21,Google Play,2025-03-21
BOA,i have went to the bank so many times because i couldn't make any transaction i can only see my balance nothing else so what is the point of having mobile banking if i can't make any transaction with it please work in that,1,2025-03-21,Google Play,2025-03-21
BOA,there is no speed,1,2025-03-19,Google Play,2025-03-19
BOA,"For anyone who wants to download it, just don't!!!",1,2025-03-19,Google Play,2025-03-19
BOA,wonderful,5,2025-03-19,Google Play,2025-03-19
BOA,all worck,5,2025-03-19,Google Play,2025-03-19
BOA,Loved it,5,2025-03-14,Google Play,2025-03-14
BOA,Wow,1,2025-03-14,Google Play,2025-03-14
BOA,"Edit: New bug, app not letting me type in my otp codes. Shameful Why does this app not allow me to use it while having developer options on? Did y'all consider that I might, perhaps, be an actual developer? Why am I expected to toggle the option on and off just to bank (restarting my phone when I do)? Why is the message labled as somthing that will ""smoothen"" the experience? This is like the most ""security consultant"" thing to implement in an app. Please invest in actual security, not this mess.",1,2025-03-12,Google Play,2025-03-12
BOA,Improved to be the best,5,2025-03-11,Google Play,2025-03-11
BOA,"Decent, but there problems sometimes it says error When i transfer money but infact it transferred because of this bug i transferred 2 times instead of 1 and also we can't transfer money to others telebirr acc we only can to our self BOE Dev fix this !!!",3,2025-03-11,Google Play,2025-03-11
BOA,BoA Greqt Ethiopian bank.,5,2025-03-11,Google Play,2025-03-11
BOA,"The bug is still there,the app crashes every time i try to log in, especially in old phones like my Galaxy A32",1,2025-03-10,Google Play,2025-03-10
BOA,Almost better compared to cbe where it is not qualified for,4,2025-03-09,Google Play,2025-03-09
BOA,what awesome apps. it is very simple to use and more much important apps.,5,2025-03-09,Google Play,2025-03-09
BOA,Wonderfull app,5,2025-03-08,Google Play,2025-03-08
BOA,i can't use this app why?,5,2025-03-07,Google Play,2025-03-07
BOA,Worst mobile banking app I ever experienced I was blaming other apps but comparing with this they're too much better!!!! It clashes it takes much longer time to login while loading in short it's a complete of trash,1,2025-03-06,Google Play,2025-03-06
BOA,bro the worst app made by human kind!! as a software engineer it make me so sad seeing enterprise as big as BOA make apps like this. it is a disgrace for our country!!,1,2025-03-05,Google Play,2025-03-05
BOA,AGA B Girja Miss language of admin Afaan oromo & other Itoophiyaa languages,1,2025-03-04,Google Play,2025-03-04
BOA,Good app,5,2025-03-03,Google Play,2025-03-03
BOA,"I downloaded the app for the first time while reading other customers reviews and as soon as i installed and opened the app it closes back automatically, what unserious bank, now i uninstalled the app immediately",1,2025-03-03,Google Play,2025-03-03
BOA,It has good features but sometimes it doesn't work...0,1,2025-03-02,Google Play,2025-03-02
BOA,Very poor proformance,1,2025-03-01,Google Play,2025-03-01
BOA,It's not opening. Really frustrating,1,2025-03-01,Google Play,2025-03-01
BOA,Verry Amazing App from all IB,5,2025-03-01,Google Play,2025-03-01
BOA,Not working on this days,1,2025-02-26,Google Play,2025-02-26
BOA,Thank you BoA,5,2025-02-23,Google Play,2025-02-23
BOA,best banking app in the wworld,5,2025-02-22,Google Play,2025-02-22
BOA,Nice app and it's easy to use,5,2025-02-21,Google Play,2025-02-21
BOA,"please add language in the apps setting(amharic afan oromo, tigniya,and others) sometimes bank to bank transfer is not available through time and even if if it is available not reachable…it is serious issue!",1,2025-02-15,Google Play,2025-02-15
BOA,This is help full i like ittttt,5,2025-02-14,Google Play,2025-02-14
BOA,The is not functional at all?,2,2025-02-12,Google Play,2025-02-12
BOA,Best bank,5,2025-02-08,Google Play,2025-02-08
BOA,Make it easy and convienient to use and perfect for all to high prefrence and choice.,3,2025-02-07,Google Play,2025-02-07
BOA,🇪🇹🇪🇹🇪🇹🇪🇹🇪🇹🇪🇹👍👍👍👍👍👍👍,5,2025-02-04,Google Play,2025-02-04
BOA,I have been using this app for two years.It is amazing.,5,2025-02-01,Google Play,2025-02-01
BOA,Good 👍,5,2025-01-31,Google Play,2025-01-31
BOA,Sad experience,1,2025-01-30,Google Play,2025-01-30
BOA,Always do update and that is annoying,3,2025-01-27,Google Play,2025-01-27
BOA,"Best app, somehow waiting a few minutes",5,2025-01-23,Google Play,2025-01-23
BOA,I can't dijitalize my atm in the apollo app on my phone,1,2025-01-22,Google Play,2025-01-22
BOA,Whenever I try to sign in app close please fixed it out,2,2025-01-21,Google Play,2025-01-21
BOA,Beter,5,2025-01-21,Google Play,2025-01-21
BOA,Boa,4,2025-01-18,Google Play,2025-01-18
BOA,በጣም የሚያስጠላ አፕ በጣም የወረደ ዜሮ ነው የምሰጠው ዘሮ It's not App it's very slow ehhhh. Why don't you upgrade the app???? It's always zero,1,2025-01-18,Google Play,2025-01-18
BOA,Aadan Axmed Barkhadle,5,2025-01-17,Google Play,2025-01-17
BOA,😡😡😡🤬🤬🤬,1,2025-01-16,Google Play,2025-01-16
BOA,Horrible customer service and app crashes Horrible!!,1,2025-01-15,Google Play,2025-01-15
BOA,I love it,5,2025-01-14,Google Play,2025-01-14
BOA,It keeps asking me to turn off developer mode even when dev mode is off. Couldn't use it.,1,2025-01-13,Google Play,2025-01-13
BOA,Good🙏,5,2025-01-12,Google Play,2025-01-12
BOA,Like to much,5,2025-01-11,Google Play,2025-01-11
BOA,Thank you,5,2025-01-10,Google Play,2025-01-10
BOA,Perfect,5,2025-01-09,Google Play,2025-01-09
BOA,The best of best,5,2025-01-09,Google Play,2025-01-09
BOA,I was using this app for long time it amazing user friendly UI but the i can't found for get pin button in the app,3,2025-01-07,Google Play,2025-01-07
BOA,Great 👍,5,2025-01-04,Google Play,2025-01-04
BOA,Fast and suitable for the customers.,5,2025-01-04,Google Play,2025-01-04
BOA,Good app and helpful,5,2025-01-03,Google Play,2025-01-03
BOA,"I will give only one star, because it faced with multiple of problems. 1. The app is not as fast as the other banks App, for e.g like CBE 2. The App asks repeatedly to switch off developer options, even if it is switched off. 3. Bank of Abyssinia's services are interesting, but they ignored the issues on the App service. 4. Most customers gave a complain on the App, but no one accept their complain to fix the issue. 5. Lastly, I will not recommend the App unless the issue has been solved ASAP!!",1,2025-01-03,Google Play,2025-01-03
BOA,By assessing this you can tell Abyssinia bank has no idea what mobile banking is ?,1,2025-01-02,Google Play,2025-01-02
BOA,It doesn't work at all.,2,2025-01-02,Google Play,2025-01-02
BOA,this app is not available,1,2025-01-02,Google Play,2025-01-02
BOA,Wow what amazing,5,2024-12-30,Google Play,2024-12-30
BOA,love it,5,2024-12-30,Google Play,2024-12-30
BOA,በጣም መሻሻል አለበት....... ለ ባንኩ ማይመጥን መተግበርያ ነው ::,2,2024-12-30,Google Play,2024-12-30
BOA,Lemn embi yilal??,5,2024-12-30,Google Play,2024-12-30
BOA,Good,5,2024-12-30,Google Play,2024-12-30
BOA,It's useless app downgraded.,1,2024-12-29,Google Play,2024-12-29
BOA,Why is not letting me access my account. The whole point of this app is for me to gey access to my account without physically being at the bank. I would give it a zero but a one will suffice to get my point accross.,1,2024-12-27,Google Play,2024-12-27
BOA,Nice,5,2024-12-26,Google Play,2024-12-26
BOA,When are you going to get rid of this and have a real app that works? By far the worst mobile banking app.,1,2024-12-24,Google Play,2024-12-24
BOA,አይሰራም ሼም ነው፤,1,2024-12-23,Google Play,2024-12-23
BOA,Not that much bad,3,2024-12-22,Google Play,2024-12-22
BOA,Fine,5,2024-12-21,Google Play,2024-12-21
BOA,The dirtiest application ever seen...,1,2024-12-20,Google Play,2024-12-20
BOA,Nic ap,5,2024-12-19,Google Play,2024-12-19
BOA,The forest app ever,1,2024-12-19,Google Play,2024-12-19
BOA,"I love BoA more than anyone but they are cursed when it comed to mobile banking. Even though this ine is hetter it still s*cks! It will ask me to turn off developer options other wise it won't work! I use CBE, Awash birr, tekebirr, Dashen bank and others but non of them asked me this, why only BoA? Please improve your mobile banking, be competitive!",1,2024-12-19,Google Play,2024-12-19
BOA,Bank of abissena,1,2024-12-17,Google Play,2024-12-17
BOA,"Easy and sooo simple to use it, also its easy to stole someones money using the app",3,2024-12-16,Google Play,2024-12-16
BOA,GOOD,5,2024-12-15,Google Play,2024-12-15
BOA,The worst banking app ever. Never works!,1,2024-12-14,Google Play,2024-12-14
BOA,Poorly functioning app,3,2024-12-13,Google Play,2024-12-13
BOA,Very nice,5,2024-12-13,Google Play,2024-12-13
BOA,Your system is the worst you should do better😡😡😡😡😡😡,2,2024-12-11,Google Play,2024-12-11
BOA,It has been a while since you guys started giving the mobile app service but still couldn't get it to work. I'm sure you know that it doesn't work already but not sure if you're lazy or incompetent to fix it. You are losing business because of this. Complacency will have consequences.,1,2024-12-10,Google Play,2024-12-10
BOA,"This is the best app; many features are awesome, but it should work without the need to turn off the developer options. I'm tired of having to constantly switch the developer options off and on. I've been expressing my struggles about this. I have precious settings enabled in the developer options, and to open the App Boa app, I have to turn them off. Please help us, Abyssinia Bank. I hope you can provide an update soon.",4,2024-12-08,Google Play,2024-12-08
BOA,"I’m giving this app one star because there are no options below that. My experience has been incredibly frustrating due to the extremely long loading times, and the app even closes automatically at times. People choose mobile banking for its convenience, but this app is far too time-consuming, making it the worst I’ve used. I hope improvements are made to enhance the user experience.",1,2024-12-07,Google Play,2024-12-07
BOA,Very unprofessional and mischievous bank in my opinion. I have had several occasions but recently I used Abyssinia Card to withdraw money and it was deducted from my account but despite reporting several times they said they are processing it but I learned yesterday that since it has been 3 months the bank has decided to include it in their income. How absurd. If you can avoid this bank.,1,2024-12-06,Google Play,2024-12-06
BOA,It doesn't work on my 2 devices A05 and A34 😡,1,2024-12-02,Google Play,2024-12-02
BOA,It's better to say I don't use boa rather than pulling your phone out and opening this app,1,2024-12-01,Google Play,2024-12-01
BOA,My attention is very important because it will be the most difficult time for me,5,2024-11-30,Google Play,2024-11-30
BOA,"I have a worst experience while using this mobile application through out the year. Most of the time it fails to ""Login"" or automatically closed the app. And also it takes so much loading time (5 minutes +) trying to access the internal services. Sometimes also while transferring within and to other bank also fails. So, BOA please fix your app.",1,2024-11-29,Google Play,2024-11-29
BOA,I don't know why but your apps start out great then all of a sudden don't work🤷‍♀️,1,2024-11-28,Google Play,2024-11-28
BOA,This application is losing major factions on a daily basis. I can count how many times I have used this app; it is completely useless and disappointing if I am not going to use it in times of need then I don't see the point.,1,2024-11-28,Google Play,2024-11-28
BOA,exellent digital transaction of money,5,2024-11-27,Google Play,2024-11-27
BOA,The latest update has stopped android 9 phones not to open this App. Never work properly since i started using it.,1,2024-11-26,Google Play,2024-11-26
BOA,Great,5,2024-11-25,Google Play,2024-11-25
BOA,👏👏👏,5,2024-11-24,Google Play,2024-11-24
BOA,Money,5,2024-11-24,Google Play,2024-11-24
BOA,It needs more improvment,2,2024-11-24,Google Play,2024-11-24
BOA,Hey Google,5,2024-11-21,Google Play,2024-11-21
BOA,ab,3,2024-11-20,Google Play,2024-11-20
BOA,Ademtahir,5,2024-11-20,Google Play,2024-11-20
BOA,✌️✌️,5,2024-11-20,Google Play,2024-11-20
BOA,Please this app on my android phone,3,2024-11-20,Google Play,2024-11-20
BOA,GOAT 🐐 🐐,5,2024-11-19,Google Play,2024-11-19
BOA,"Your app doesn't match your bank, the app is disaster, super slow. Please learn something from tele birr app.",1,2024-11-19,Google Play,2024-11-19
BOA,Fast and reliable,5,2024-11-18,Google Play,2024-11-18
BOA,"The worst app update ever. Why would you include the ""developer option off"" thing here? Why do you care? It is my phone my money, right? That is the reason why I switched to other banks. So either turn it off or everyone will discontinue their business one by one.",1,2024-11-17,Google Play,2024-11-17
BOA,Very good,5,2024-11-14,Google Play,2024-11-14
BOA,One of the poorest mobile banking system,1,2024-11-13,Google Play,2024-11-13
BOA,❤❤❤❤❤❤,5,2024-11-12,Google Play,2024-11-12
BOA,Oene,5,2024-11-12,Google Play,2024-11-12
BOA,i find it interesting specially in reciept downloading,1,2024-11-12,Google Play,2024-11-12
BOA,it good,5,2024-11-12,Google Play,2024-11-12
BOA,"This app crashes everytime, please fix it",1,2024-11-12,Google Play,2024-11-12
BOA,አንድ star ራሱ ይበዛበታል። i dont recomend to use this app also the bank,1,2024-11-12,Google Play,2024-11-12
BOA,I need a support the app is not working,5,2024-11-12,Google Play,2024-11-12
BOA,Bast bank of ethiopia,5,2024-11-12,Google Play,2024-11-12
BOA,very slow app. አቢሲኒያን ከሚያክል ባንክ የማይጠበቅ software app. ከቻላችሁ ሙሉ ለሙሉ እንደገና አሰሩት።በጣም ይመራያል ያሳፍራል።ለapp የወጣው ወጭ በሙስና የተበላ ነው የሚመስለው።,1,2024-11-12,Google Play,2024-11-12
BOA,"thank you for your social services like, vertual banking, non touch ATM, Cadrless and withdrwal with out passbook...",5,2024-11-12,Google Play,2024-11-12
BOA,The worst App i have never seen like this before,1,2024-11-12,Google Play,2024-11-12
BOA,Wweeeer,4,2024-11-12,Google Play,2024-11-12
BOA,Infinx,5,2024-11-12,Google Play,2024-11-12
BOA,Great service,5,2024-11-12,Google Play,2024-11-12
BOA,👍,5,2024-11-11,Google Play,2024-11-11
BOA,This app is not available on all android versions and some times it is not functional.,1,2024-11-08,Google Play,2024-11-08
BOA,senayt Mesfin,4,2024-11-08,Google Play,2024-11-08
BOA,Bad app vety bad.,1,2024-11-07,Google Play,2024-11-07
BOA,Abessnya Banke,5,2024-11-05,Google Play,2024-11-05
BOA,"The most useless app, I never expected such an irrelevant app from BOA. big shame!",1,2024-11-04,Google Play,2024-11-04
BOA,Okay,5,2024-11-03,Google Play,2024-11-03
BOA,Professional on banking app,5,2024-11-01,Google Play,2024-11-01
BOA,Has some nice interface but always freezes or slow to load .App developers please fix this issue.,3,2024-10-27,Google Play,2024-10-27
BOA,አይሰራም አስተካክሉት,5,2024-10-26,Google Play,2024-10-26
BOA,Please try another because this app doesn't feet the need of this generation,1,2024-10-25,Google Play,2024-10-25
BOA,Fast transfer,5,2024-10-24,Google Play,2024-10-24
BOA,"What's up I can't log in, what's wrong",5,2024-10-22,Google Play,2024-10-22
BOA,Amrumehamed,1,2024-10-21,Google Play,2024-10-21
BOA,"Nice to meet you my proud bank in Ethiopia.. I'm a member of this bank, i need to solve my problem of international receiving money for me from my online digital working service's over the world please? I'm working a lot of international money.But i can't get direct in Ethiopia because of don't knowing the legal ways of getting money in Ethiopia please can I get and direct deposit with BoA please 🙏🙏🙏?",5,2024-10-18,Google Play,2024-10-18
BOA,ደደገነሐ,5,2024-10-15,Google Play,2024-10-15
BOA,"Terrible Bank Experience It’s unbelievable that with all the modern technology, this bank still struggles with even basic transactions. The app constantly crashes, services are limited, and every time I try to transfer money or load Telebirr, there’s a huge delay. I have to wait 5 days for failed transactions to be refunded! Even USSD is unreliable. They’ve put me in embarrassing situations countless times, and customer care never fixes anything. I’ve switched banks, and you should too!",1,2024-10-14,Google Play,2024-10-14
BOA,A painfully slow banking app service. Please don't make it your choice!,1,2024-10-13,Google Play,2024-10-13
BOA,Good App,4,2024-10-12,Google Play,2024-10-12
BOA,Best app to me,5,2024-10-11,Google Play,2024-10-11
BOA,BOA,5,2024-10-11,Google Play,2024-10-11
BOA,Abdulkadir,5,2024-10-11,Google Play,2024-10-11
BOA,Bad,1,2024-10-10,Google Play,2024-10-10
BOA,If it is possible I would gove0 star,1,2024-10-08,Google Play,2024-10-08
BOA,Nise mobile bankig,4,2024-10-05,Google Play,2024-10-05
BOA,Overall good app but performance needs some improvement also sometimes when using instant other bank transfers it refuses causing to be repeated several times to transfer,4,2024-10-04,Google Play,2024-10-04
BOA,Ok,5,2024-10-04,Google Play,2024-10-04
BOA,Just make it work please🤣 this is embarrassing for a bank of your size,1,2024-10-04,Google Play,2024-10-04
BOA,Update to the simplest way it requires the developer option on and off why this is,5,2024-10-04,Google Play,2024-10-04
BOA,"Stop telling me what to do with my phone, BOA. Why does your newly updated app keep asking me to disable the developer options? I’m not slowing down my phone just to use your God damn app. 🤮🤮🤮🤮",1,2024-10-04,Google Play,2024-10-04
BOA,I'm living out of country how may I download and use mobile banking? It asks me the Ethiopia phone number and I can't receive text to confirm because I'm out side the country. So please lete know if I can use while I'm outside the country. Thanks,1,2024-10-04,Google Play,2024-10-04
BOA,Worest app,1,2024-10-03,Google Play,2024-10-03
BOA,The worest app ever,1,2024-10-03,Google Play,2024-10-03
BOA,አሪፍ ነው በርቱልን,5,2024-10-03,Google Play,2024-10-03
BOA,Wwwerrr,5,2024-10-02,Google Play,2024-10-02
BOA,ጀማል ውቀቱ,5,2024-09-30,Google Play,2024-09-30
BOA,Great For Financial company,5,2024-09-30,Google Play,2024-09-30
BOA,Very easy to use,5,2024-09-30,Google Play,2024-09-30
BOA,The App's crash always.. Error.....,3,2024-09-27,Google Play,2024-09-27
BOA,This app is incredibly frustrating to use. It’s filled with issues that make it difficult to navigate and complete tasks efficiently. I’ve never encountered such a poorly designed banking application before. It needs significant improvements to enhance user experience. It deserves a vey low rating.,1,2024-09-26,Google Play,2024-09-26
BOA,Great UI and seamless UX. I love it!!,5,2024-09-25,Google Play,2024-09-25
BOA,That's too good application but try to add more alternatives and futures or possibilitys for your customers,3,2024-09-25,Google Play,2024-09-25
BOA,It's easy used to operate program and secured 👍👍,4,2024-09-25,Google Play,2024-09-25
BOA,I bought a mobile card on this app but I didn't receive it and it took my money and I didn't get my money back.,1,2024-09-21,Google Play,2024-09-21
BOA,Amazing,5,2024-09-19,Google Play,2024-09-19
BOA,Great app with great services,5,2024-09-19,Google Play,2024-09-19
BOA,Yes active user,5,2024-09-17,Google Play,2024-09-17
BOA,Shameful,1,2024-09-17,Google Play,2024-09-17
BOA,The worest app ever made i would not recommende for no one,1,2024-09-16,Google Play,2024-09-16
BOA,Good application,5,2024-09-16,Google Play,2024-09-16
BOA,I like,5,2024-09-16,Google Play,2024-09-16
BOA,"How many hours should I wait after transferring money to telebirr, please do something about the transfer delay issue I need my money when ever.",1,2024-09-15,Google Play,2024-09-15
BOA,"BOA is unreasonably holding and delaying transactions for more than a day, even transactions within the same bank itself. This is a huge gap that I observed in BOA mobile banking. I didn't experience this kind of challenge while having transactions in other banks' mobile banking platforms. After waiting so long, I called your customer support team and the response they gave me was ""it was the system that holds the transaction & will be released on working days"". This is not totally fair.",1,2024-09-15,Google Play,2024-09-15
BOA,የእርስዎን ተሞክሮ ይግለጹ (አማራጭ),5,2024-09-14,Google Play,2024-09-14
BOA,It's not working. It needs a big update. Can't you update the app quickly?,1,2024-09-14,Google Play,2024-09-14
BOA,"I am Aimohon Joel , It's can be Good for a Better Conversation in Time 🙂",3,2024-09-14,Google Play,2024-09-14
BOA,"Better app than most mobile apps, but why do I have to turn off developer option every time I wanna use the app?? It's annoying.",1,2024-09-13,Google Play,2024-09-13
BOA,Bes and freindly app,5,2024-09-13,Google Play,2024-09-13
BOA,It doesn't work.,1,2024-09-12,Google Play,2024-09-12
BOA,"It say ""The request was not successful. please check device connectivity or try again"" why? One of the bank manager told me it is because of my phone's android version which is 9.1 It is ridiculous! Disappointing",1,2024-09-11,Google Play,2024-09-11
BOA,How to download or screenshot of payment receipt...what kinda worst app ever 🤮🤮🤢,1,2024-09-11,Google Play,2024-09-11
BOA,Smart technology,5,2024-09-10,Google Play,2024-09-10
BOA,Yegema app tish🪨,1,2024-09-08,Google Play,2024-09-08
BOA,"This is not an appropriate app, i don't know how boa develops this app, i don't expect this much crazy and un confortable app form BOA, I'm soory!!!",1,2024-09-07,Google Play,2024-09-07
BOA,"Shockingly bad! Even when it decides to work, it's painfully slow and frustrating. Such a shame that it has become a stain on an extraordinary bank",1,2024-09-06,Google Play,2024-09-06
BOA,"It crashes frequently. It launches on Android 8.1 but I don't think it actually works on versions less than 10. If so, it shouldn't be available for download by such devices to begin with, like many other finance apps are not. It was so much better three months ago, upgrades should be for the better.",1,2024-09-06,Google Play,2024-09-06
BOA,Awesome application. But lately its crashing everytime i opened it.,4,2024-09-05,Google Play,2024-09-05
BOA,እጅም በጣም ደካማ አፕ ነው ሲፈልግ ይከፍታል ሲፈልግ አይከፍትም ከአዋሽ እና ንግድ ባንክ የመሳሰሉ ባንኮች ሲወዳደር ሞባይል ባንኪንግ App እጅግ የሚያበሳጭ ነው ለውጥ ያስፈልጋችኋል,1,2024-09-05,Google Play,2024-09-05
BOA,Fast one,3,2024-09-04,Google Play,2024-09-04
BOA,Nice looking app but a terrible user experience.,1,2024-09-03,Google Play,2024-09-03
BOA,The worest MB app ever!!🙄,1,2024-09-02,Google Play,2024-09-02
BOA,It is ok,5,2024-09-01,Google Play,2024-09-01
BOA,Plz fix the Apps ....screenshot lovation hide from glarey share botten not work😔😔,1,2024-08-30,Google Play,2024-08-30
BOA,Apollo's,1,2024-08-29,Google Play,2024-08-29
BOA,The worst experience ever,1,2024-08-29,Google Play,2024-08-29
BOA,Hussenaliumar,5,2024-08-29,Google Play,2024-08-29
BOA,Hi I have problem with this App BOA mobile I don't know what is wrong with this App I did many times download but it's sam doesn't work if sam like that this app way I have to be customer with them how I know my account and checking save The book is no Not enough alone,1,2024-08-28,Google Play,2024-08-28
BOA,It is not work for my device,5,2024-08-27,Google Play,2024-08-27
BOA,"I'm Sick and tiered of enabling and disabling Developer Option Everytime I use this app. maybe you know it maybe you dont, fix it please it's anoying",1,2024-08-26,Google Play,2024-08-26
BOA,The worst app ever,1,2024-08-26,Google Play,2024-08-26
BOA,Betanya Gebre,3,2024-08-23,Google Play,2024-08-23
BOA,I dont recommand it to any one,1,2024-08-23,Google Play,2024-08-23
BOA,Excellent app,5,2024-08-21,Google Play,2024-08-21
BOA,"The application used to work well. But after updates I'm not able to use the forgot password feature, which is blocking me from accessing it as a whole.",1,2024-08-20,Google Play,2024-08-20
BOA,ትርሃስ,5,2024-08-19,Google Play,2024-08-19
BOA,Gio,4,2024-08-19,Google Play,2024-08-19
BOA,App isn't working,1,2024-08-18,Google Play,2024-08-18
BOA,so far good but always it lugs,3,2024-08-17,Google Play,2024-08-17
BOA,Don't trust this bank and its service.,1,2024-08-16,Google Play,2024-08-16
BOA,"I can not open and use the application,please help me!",5,2024-08-15,Google Play,2024-08-15
BOA,Horrible,1,2024-08-14,Google Play,2024-08-14
BOA,Mostly not working 😑,1,2024-08-14,Google Play,2024-08-14
BOA,Awesome 👌,5,2024-08-12,Google Play,2024-08-12
BOA,"Despite the enhanced technology you have, the application doesn't work properly, and it asks for the developer option to be turned off, fix that.",3,2024-08-12,Google Play,2024-08-12
BOA,Very poor app b/c highly slow to open the app,1,2024-08-12,Google Play,2024-08-12
BOA,Wedi Tekle .,5,2024-08-11,Google Play,2024-08-11
BOA,Bad app📱👎👎👎,1,2024-08-11,Google Play,2024-08-11
BOA,Dura nan fayyadaman ture amma garuu naaf hojjechaa hin jiru maaf?,5,2024-08-11,Google Play,2024-08-11
BOA,Nice appp,5,2024-08-11,Google Play,2024-08-11
BOA,ሰላም አቢሲኒያዎች የሞባይል ባንኪንጋችሁ ተጠቃሚ ነኝ አገልግሎቱን ስላስጀመራችሁለን እናመሰግናለን። ነገር ግን አለፎ አልፎ የነበረው የማስፈንጠሪያው በአግባቡ አለመስራት አልፎ አልፎ ወደመስራት ተቀይሯል ድሮ እንደነበራችሁ እናውቃለን ዘንድሮም ብትኖሩልን እንመርጣለን *ከዘመን አንጉደል*,3,2024-08-10,Google Play,2024-08-10
BOA,Gooood app my dear,5,2024-08-10,Google Play,2024-08-10
BOA,Harun tamam galanaa,3,2024-08-09,Google Play,2024-08-09
BOA,"A total disaster of an app. Always offline, never works, it's embarassing. I've lost hope and taken my business to a competitor",1,2024-08-08,Google Play,2024-08-08
BOA,Gamebela,1,2024-08-08,Google Play,2024-08-08
BOA,so poor app to use can't start up when open the app,1,2024-08-08,Google Play,2024-08-08
BOA,"This app takes too long time to be opened. And even it is not working simply as other banks application. Why this app does not give a digital invoice. Even, I am not able to find where the screeshot is kept after transaction. So, please the developer should fix all these.",1,2024-08-07,Google Play,2024-08-07
BOA,Good job,5,2024-08-07,Google Play,2024-08-07
BOA,"Worst app ever, not user friendly, even doesn't serve basic functionality correctly, takes to much time to login and navigate through the app, we expected more from this bank",1,2024-08-07,Google Play,2024-08-07
BOA,Bad app .,1,2024-08-06,Google Play,2024-08-06
BOA,"I mean how could a big financial company like this, be this much irresponsible to release this app? You should be ashamed!",1,2024-08-06,Google Play,2024-08-06
BOA,Review,5,2024-08-06,Google Play,2024-08-06
BOA,Goood,4,2024-08-06,Google Play,2024-08-06
BOA,👎👎👎👎👎👎👎👎👎,1,2024-08-06,Google Play,2024-08-06
BOA,Is it necessary to switch off developer options every time to use mobile banking?🤔🤔😡😡😡,1,2024-08-04,Google Play,2024-08-04
BOA,The previous version is better it doesn't work,1,2024-08-04,Google Play,2024-08-04
BOA,"I don't know what is wrong with BOA as a bank in general. It's been going backwards since last year or so. The app is a disaster to use in every possible way. Not stable to log in and very slow to perform transactions, couldn't take a screenshot (or can't even find the pictures even using its save screenshot option). Most of the time, it fails to perform transactions and so on. Simply, it's the worst!",1,2024-08-03,Google Play,2024-08-03
BOA,ok,5,2024-08-03,Google Play,2024-08-03
BOA,"Take some note from CBE mobile banking app, it's the best banking app currently take some note and improve ur app . Sometimes u have to learn from the bests 🙌",1,2024-08-03,Google Play,2024-08-03
BOA,It's a useless app,1,2024-08-02,Google Play,2024-08-02
BOA,"It's not working as it was , so much need to improve, it was the best but not anymore",2,2024-08-01,Google Play,2024-08-01
BOA,Poor network,1,2024-08-01,Google Play,2024-08-01
BOA,Not yet completely working this App. i don't know when is it will be working properly! Its Sad!!!,1,2024-07-31,Google Play,2024-07-31
BOA,The app does not open sometimes it says coonection issue which i dont have and after it opens it has bugs while using its not smooth to work with please improve it,1,2024-07-31,Google Play,2024-07-31
BOA,"It's not working totally, what a useless app is it,",1,2024-07-31,Google Play,2024-07-31
BOA,"This app has become the most troubling every day. It doesn't work. I love the bank, and I hate the app",1,2024-07-31,Google Play,2024-07-31
BOA,this is so disappointing app 😞,1,2024-07-31,Google Play,2024-07-31
BOA,አቢስኒያ የሁሉም ምርጫ,5,2024-07-29,Google Play,2024-07-29
BOA,Nays,5,2024-07-28,Google Play,2024-07-28
BOA,The worst app,1,2024-07-28,Google Play,2024-07-28
BOA,it can't even open and only display error messages,1,2024-07-27,Google Play,2024-07-27
BOA,not active,1,2024-07-27,Google Play,2024-07-27
BOA,To get good quality,5,2024-07-27,Google Play,2024-07-27
BOA,አይሰራም እኮ ምንድን ነው ችግሩ?,1,2024-07-26,Google Play,2024-07-26
BOA,uselss app dont download,1,2024-07-26,Google Play,2024-07-26
BOA,"Is this app fake i try it not working it say please try again later, unable to make transactions what is the purpose of this app . If it is not working delete it",1,2024-07-25,Google Play,2024-07-25
BOA,"This app didn't work. They have a new version (new app) but still not compatible with my Samsung S8+ , which is v.funny.",1,2024-07-25,Google Play,2024-07-25
BOA,Corrupted and poor app,1,2024-07-24,Google Play,2024-07-24
BOA,When I try to use the application it says 'developer setting should be off' where is the setting to off this play Still doesn't work for me,3,2024-07-24,Google Play,2024-07-24
BOA,FIX YOUR Apollo!! You guys where the best 👌,1,2024-07-23,Google Play,2024-07-23
BOA,Always slow and doesn't work on weekends if you are in a rush or a merchant this app is not for you,1,2024-07-23,Google Play,2024-07-23
BOA,"It's very difficult to use the user, app,ones dawenload the user can't operate well , no one can help me,",1,2024-07-23,Google Play,2024-07-23
BOA,Poor application. It turned off by itself,1,2024-07-23,Google Play,2024-07-23
BOA,Allowed,5,2024-07-23,Google Play,2024-07-23
BOA,It usually crashes and the reason it gives is a problem on internet connection although the internet was fine.,1,2024-07-23,Google Play,2024-07-23
BOA,we want international mobile banking,1,2024-07-22,Google Play,2024-07-22
BOA,"screenshot isn't working, Please modify it",2,2024-07-22,Google Play,2024-07-22
BOA,Naziriet measho 89160437,1,2024-07-22,Google Play,2024-07-22
BOA,Ahmed Mohammed husen,3,2024-07-21,Google Play,2024-07-21
BOA,Is not working both this one and apollo did u make it better pls am gonne stop using this bank because of the mobile banking,1,2024-07-19,Google Play,2024-07-19
BOA,I have experiance,5,2024-07-19,Google Play,2024-07-19
BOA,The App is not working on Android 9.1 at all. It shows an error notification and forcefully closes the app. Must be fixed ASAP.,1,2024-07-19,Google Play,2024-07-19
BOA,Crashes very frequently is not stable overall need improvement such a huge bank needs a better app than the current one,1,2024-07-19,Google Play,2024-07-19
BOA,ርይርፍ,3,2024-07-19,Google Play,2024-07-19
BOA,The previous application is much better than this one,1,2024-07-18,Google Play,2024-07-18
BOA,"Worst app. It is wise to invest money and you can make it like CBE app. Even the incon has no image. My app has better UI than yours. So, please invest more and hire professional developer companies and improve it.",1,2024-07-18,Google Play,2024-07-18
BOA,mal,5,2024-07-16,Google Play,2024-07-16
BOA,It is not working at all,1,2024-07-16,Google Play,2024-07-16
BOA,Excellent,5,2024-07-16,Google Play,2024-07-16
BOA,The poorest mobile banking survice ever. Only error reports frequently,1,2024-07-16,Google Play,2024-07-16
BOA,😞😞😞😞,1,2024-07-16,Google Play,2024-07-16
BOA,😡😡😡😡😡😡😡,1,2024-07-15,Google Play,2024-07-15
BOA,The worst banking app,1,2024-07-15,Google Play,2024-07-15
BOA,The app is constantly crashing and freezing when to send to BOA customers' accounts.,1,2024-07-15,Google Play,2024-07-15
BOA,No work app,5,2024-07-15,Google Play,2024-07-15
BOA,Is ok but stop sundenly,5,2024-07-15,Google Play,2024-07-15
BOA,🤷🤷🤷,3,2024-07-15,Google Play,2024-07-15
BOA,experienced,5,2024-07-14,Google Play,2024-07-14
BOA,Very poor app. Its Always cresh and not compatible,2,2024-07-13,Google Play,2024-07-13
BOA,"It's not functional at all. It keeps saying ""error"". Unable to activate.",1,2024-07-13,Google Play,2024-07-13
BOA,I can't believe that Abyssinia develop this kind of trash app it have a lot of issues 👎👎👎,1,2024-07-13,Google Play,2024-07-13
BOA,The new app is very good,5,2024-07-13,Google Play,2024-07-13
BOA,It's very good but sometimes isn't work probably,5,2024-07-12,Google Play,2024-07-12
BOA,It doesn't work,1,2024-07-12,Google Play,2024-07-12
BOA,ጭራሽ አይነፋም,1,2024-07-12,Google Play,2024-07-12
BOA,"This is the most stupid app I've seen, why would I turn off developer mode just because you can't make your app secure, this clearly indicates the app has very poor implementation and unskilled developers.. There are a lot of people who need developer option for different reasons. Please for the sake of the bank, fix this thing... Even the most secure international banking apps don't require it. Not to mention the lag and crashes",1,2024-07-12,Google Play,2024-07-12
BOA,The worst mobile banking app,1,2024-07-11,Google Play,2024-07-11
BOA,It is not fast,3,2024-07-11,Google Play,2024-07-11
BOA,Useless,1,2024-07-11,Google Play,2024-07-11
BOA,The app keeps crashing it stops responding while I'm using it or trying to open the app. Now I have to go to the bank in person to do any banking activities. In short it is the worst mobile banking system in Ethiopia,1,2024-07-11,Google Play,2024-07-11
BOA,ሀየ,5,2024-07-10,Google Play,2024-07-10
BOA,Too late!,1,2024-07-10,Google Play,2024-07-10
BOA,No work,5,2024-07-10,Google Play,2024-07-10
BOA,"Pretty good for a banking app, it still lacks some things with in the ui and with the speed of the app but overall it's a good application. Thank you 5/5👍🏻",5,2024-07-09,Google Play,2024-07-09
BOA,After update it doesn't work well,2,2024-07-09,Google Play,2024-07-09
BOA,Error occurred try again for 5 days tele birr user not found ለራሴ አዝዤ,1,2024-07-08,Google Play,2024-07-08
BOA,Good but Very slow.,1,2024-07-08,Google Play,2024-07-08
BOA,Very good app,5,2024-07-07,Google Play,2024-07-07
BOA,"It is so bad apps ,it doesn't work",1,2024-07-06,Google Play,2024-07-06
BOA,"From now on I will never going to use this app,It is a trash app.No one care about this app from bank I will rate them 0/5.",1,2024-07-06,Google Play,2024-07-06
BOA,It usually crashes and unable to process also it request to off the developer options,1,2024-07-05,Google Play,2024-07-05
BOA,Miliyone.,5,2024-07-05,Google Play,2024-07-05
BOA,Workneh girmamo,5,2024-07-05,Google Play,2024-07-05
BOA,🙏🙏🙏,5,2024-07-05,Google Play,2024-07-05
BOA,"I can't believe in this day and age, one of the major banks of the country can't seem to understand that having a working mobile payment option is a **MUST** to survive. I have decided to move my accounts to CBE and Awash because of this. Can't be bothered with this useless app.",1,2024-07-04,Google Play,2024-07-04
BOA,Is it even working these days? Please check it.,1,2024-07-04,Google Play,2024-07-04
BOA,"The app is essentially unusable, it asks to disable developer mode even when it is already disabled and crashes, sometimes it only works with wifi and sometimes only with data, or it crashes just because.......",1,2024-07-04,Google Play,2024-07-04
BOA,Please make it functional.,5,2024-07-03,Google Play,2024-07-03
BOA,its best app but its don't working in poor connection area so,5,2024-07-03,Google Play,2024-07-03
BOA,Please Recover thank you,5,2024-07-02,Google Play,2024-07-02
BOA,This app doesn't work,1,2024-06-30,Google Play,2024-06-30
BOA,"the app used to run fine, but now it takes like forever to even open the main dashboard and sometimes it just crashes on its own. you guys gotta step it up. we need this app to be way faster",1,2024-06-27,Google Play,2024-06-27
BOA,the underrated app I've ever seen and ur banking system is Soo Idiocracy,1,2024-06-27,Google Play,2024-06-27
BOA,It demands to disable developer option.,1,2024-06-27,Google Play,2024-06-27
BOA,"It's been two months now, I cannot do any transaction using this app. It's really disappointing. I am using bank of Abyssinia currently because it's the nearest bank to my work place. The bank is turning to the worst bank in the country day by day. They always respond to customers that they are updating their system all year long, I think that's what they train their customer service operators to do.",1,2024-06-26,Google Play,2024-06-26
BOA,Open Open service,5,2024-06-26,Google Play,2024-06-26
BOA,አፑ በጣም አስቸጋሪ ሆኗል,1,2024-06-25,Google Play,2024-06-25
BOA,Its not working.,1,2024-06-24,Google Play,2024-06-24
BOA,"Riddled with crashes, cant use it anymore. Very frustrating!",1,2024-06-20,Google Play,2024-06-20
BOA,Always error occured. The worst app ever,1,2024-06-20,Google Play,2024-06-20
BOA,ከዚህ ትልቅ ባንክ የማይጠበቅ ድንዝዝዝዝ ያለ App.... ዛግግግ ነው ያረገኝ 😡😡😡,1,2024-06-20,Google Play,2024-06-20
BOA,Excellent service,5,2024-06-19,Google Play,2024-06-19
BOA,It's not convenient,1,2024-06-17,Google Play,2024-06-17
BOA,meskelu Metku,5,2024-06-17,Google Play,2024-06-17
BOA,Verry nice,5,2024-06-17,Google Play,2024-06-17
BOA,It has become the most unreliable mibile banking app ever.,1,2024-06-16,Google Play,2024-06-16
BOA,"አኘልኬሽኑ በሁሉም ነገር ጥሩ ነዉ,ነገር ግን Network በጣም ነዉ እሚያስቸገረው",2,2024-06-13,Google Play,2024-06-13
BOA,The poorest mobile banking I have seen in the industry. Is not stable to login and post transactions. Is not attractive. Error reports frequently.,5,2024-06-13,Google Play,2024-06-13
BOA,👍👍👍,5,2024-06-12,Google Play,2024-06-12
BOA,Really Bank,5,2024-06-12,Google Play,2024-06-12
BOA,I like the the bank of Abyssinia is the best first bank of Ethiopia,1,2024-06-11,Google Play,2024-06-11
BOA,The app is not good need a few work,3,2024-06-11,Google Play,2024-06-11
BOA,"The worst mob app i have ever seen. Slow, uncomfortable and stupid. It is better to learn from the best app (tele birr). The released updates is even worst.",1,2024-06-11,Google Play,2024-06-11
BOA,"Unreliable, expensive service. Most of the time, it is not working. Sometimes, it will take more than a day to complete transactions and charges more for this unworthy service. I will not recommend this bank app to anyone.",1,2024-06-10,Google Play,2024-06-10
BOA,excellent service,5,2024-06-10,Google Play,2024-06-10
BOA,You are beutiful,5,2024-06-09,Google Play,2024-06-09
BOA,The best app,5,2024-06-06,Google Play,2024-06-06
BOA,አይሰራም አፑ ለምንድነው,1,2024-06-06,Google Play,2024-06-06
BOA,Awful,1,2024-06-06,Google Play,2024-06-06
BOA,Developer option to be off really,1,2024-06-06,Google Play,2024-06-06
BOA,Good app boa,5,2024-06-06,Google Play,2024-06-06
BOA,I'm disappointed with the recent changes to this app. Disabling developer options for functionality seems unnecessary. The previous version offered a more user-friendly experience.,1,2024-06-06,Google Play,2024-06-06
BOA,"Worest app, it cannot be downloaded",2,2024-06-05,Google Play,2024-06-05
BOA,😭😭😭😭😭😭😭,1,2024-06-05,Google Play,2024-06-05
BOA,slow only some times the wey it is veary nice app,5,2024-06-05,Google Play,2024-06-05
BOA,ok yes,5,2024-06-04,Google Play,2024-06-04
BOA,It's nice apps,1,2024-06-04,Google Play,2024-06-04
BOA,Wow! what a disgrace for BOA. The app barely works. Too slow and always returns error.,1,2024-06-03,Google Play,2024-06-03
BOA,Excited by your service,5,2024-06-02,Google Play,2024-06-02
BOA,Kerfafa new,1,2024-06-01,Google Play,2024-06-01
BOA,ABDU MUDESR,2,2024-06-01,Google Play,2024-06-01
BOA,"The worst mobile banking app! It doesn't load (seems like with the perfect WiFi and data connection it still manages to have network issues), when you finally get into the app, it makes it so hard more than it should be to send money.",1,2024-05-31,Google Play,2024-05-31
BOA,It is Good to save time 👌👌,3,2024-05-31,Google Play,2024-05-31
BOA,"I'm sorry but what kind of stupid developer thinks the app will be faster if we disable ""Developer mode""? I've never seen such degeneracy in my entire life, please get rid of this feature",1,2024-05-30,Google Play,2024-05-30
BOA,What is the purpose or point of not allowing to take a screenshot of the recipe after transferring???,1,2024-05-29,Google Play,2024-05-29
BOA,Ayseram,1,2024-05-28,Google Play,2024-05-28
Dashen,qaasim Aliyyi,5,2025-06-11,Google Play,2025-06-11
Dashen,good,5,2025-06-10,Google Play,2025-06-10
Dashen,very good .,5,2025-06-09,Google Play,2025-06-09
Dashen,this app is good for you guys,5,2025-06-09,Google Play,2025-06-09
Dashen,wow,5,2025-06-09,Google Play,2025-06-09
Dashen,kalid,5,2025-06-08,Google Play,2025-06-08
Dashen,I like this mobile banking app very much. Overall user interface and navigation is awesome. But it lacks instant response when someone deposit or withdraw money.,2,2025-06-07,Google Play,2025-06-07
Dashen,love,3,2025-06-06,Google Play,2025-06-06
Dashen,መቸሸጠ,5,2025-06-03,Google Play,2025-06-03
Dashen,gadaa,5,2025-06-01,Google Play,2025-06-01
Dashen,Massive upgrade from the Amole app.,5,2025-05-31,Google Play,2025-05-31
Dashen,very good for this app,5,2025-05-31,Google Play,2025-05-31
Dashen,top,5,2025-05-31,Google Play,2025-05-31
Dashen,this app better than Amole . but the biometric on new update doesn't work,4,2025-05-31,Google Play,2025-05-31
Dashen,Wow,5,2025-05-30,Google Play,2025-05-30
Dashen,wow to it saff and this app,5,2025-05-30,Google Play,2025-05-30
Dashen,it too slow,3,2025-05-29,Google Play,2025-05-29
Dashen,ዳሽን ባንክ ይለያል,4,2025-05-28,Google Play,2025-05-28
Dashen,real life changer,5,2025-05-28,Google Play,2025-05-28
Dashen,👍👍👍,5,2025-05-28,Google Play,2025-05-28
Dashen,nice application,5,2025-05-27,Google Play,2025-05-27
Dashen,useless app ever loading take long,1,2025-05-27,Google Play,2025-05-27
Dashen,"Game changer app! Dashen Bank Super App is fast, secure, and easy to use. The three-click payment makes sending money super quick, and the QR code payment is perfect for cashless shopping. I also love the biometric login and easy airtime and bill payments. Everything I need is in one place. Dashen Bank has really raised the bar for digital banking in Ethiopia. Highly recommended!",5,2025-05-26,Google Play,2025-05-26
Dashen,very useful App,1,2025-05-26,Google Play,2025-05-26
Dashen,"Simple, robust features? Yes, please! But the endless loading screen killed the fun—I couldn’t use it for days. Fix the glitch, and I’ll yeet a higher rating!",2,2025-05-26,Google Play,2025-05-26
Dashen,Wawww,5,2025-05-24,Google Play,2025-05-24
Dashen,it is good but some times says duplicate transaction why?,5,2025-05-24,Google Play,2025-05-24
Dashen,very Nice,5,2025-05-23,Google Play,2025-05-23
Dashen,its best,5,2025-05-23,Google Play,2025-05-23
Dashen,it is not as good as to the other mobile bank app.,1,2025-05-22,Google Play,2025-05-22
Dashen,"The best of best is now arrived **Empowering Your Financial Freedom** ""Experience seamless banking at your fingertips with Dashen Bank. Empowering your financial freedom, anytime, anywhere!"" **Innovation Meets Convenience** ""Dashen Bank Mobile Banking: Where innovation meets convenience. **Secure and Reliable** ""Bank with confidence",5,2025-05-22,Google Play,2025-05-22
Dashen,Nothing is changed in the updated version. You have been collecting comments but where is the feed back you improved in this version. superapp is mot functioning today.,4,2025-05-20,Google Play,2025-05-20
Dashen,The best app ever in finance sector,5,2025-05-18,Google Play,2025-05-18
Dashen,Its good app than other compitators but it confuse when we transfer it needs OTP and PIN most user inter their pin instead of OTP we know the litrecy level of our society so if it is device based i dont know the needs of OTP so please try to fix,3,2025-05-18,Google Play,2025-05-18
Dashen,dashen bank or dashen super app?,1,2025-05-17,Google Play,2025-05-17
Dashen,wowwwe app,5,2025-05-17,Google Play,2025-05-17
Dashen,"Transferring to other bank accounts is a hastle and inconvenient .Get used to seeing "" please try again """,2,2025-05-17,Google Play,2025-05-17
Dashen,always lagging,1,2025-05-16,Google Play,2025-05-16
Dashen,Amazing Application...,5,2025-05-16,Google Play,2025-05-16
Dashen,Fantastic,5,2025-05-16,Google Play,2025-05-16
Dashen,"Dashen bank app is very good, but sometimes it is not working well",5,2025-05-15,Google Play,2025-05-15
Dashen,its my choice,5,2025-05-15,Google Play,2025-05-15
Dashen,wow apo,5,2025-05-15,Google Play,2025-05-15
Dashen,awesome app keep going,5,2025-05-14,Google Play,2025-05-14
Dashen,👍,5,2025-05-14,Google Play,2025-05-14
Dashen,"It grows ethiopian digital banking step ahead.All fetures in one,simple fast and convince.",5,2025-05-14,Google Play,2025-05-14
Dashen,Game changer,5,2025-05-13,Google Play,2025-05-13
Dashen,Totally amazing,5,2025-05-13,Google Play,2025-05-13
Dashen,super 😎,5,2025-05-13,Google Play,2025-05-13
Dashen,what a helpful app!!!!,5,2025-05-13,Google Play,2025-05-13
Dashen,Good,4,2025-05-13,Google Play,2025-05-13
Dashen,nice,5,2025-05-13,Google Play,2025-05-13
Dashen,"To be honest, best banking and lifestyle app in Ethiopia.",5,2025-05-12,Google Play,2025-05-12
Dashen,fast,5,2025-05-12,Google Play,2025-05-12
Dashen,"A must have, seamless, all in one digital platform ""DB Superapp""! Keep living your motto ""Always one step ahead""",5,2025-05-12,Google Play,2025-05-12
Dashen,"This App makes digital banking effortless and convenient. User-friendly interface, secure transactions, and excellent features for managing finances efficiently.",4,2025-05-10,Google Play,2025-05-10
Dashen,Amazing app super easy to use and best design. loved it.,5,2025-05-09,Google Play,2025-05-09
Dashen,its the best ever,5,2025-05-09,Google Play,2025-05-09
Dashen,excellent game changer App,5,2025-05-08,Google Play,2025-05-08
Dashen,I am highly excited by using this application and it is the most favorable as well as preferrable mobile app.,5,2025-05-03,Google Play,2025-05-03
Dashen,it seems me logging out within minutes,1,2025-05-03,Google Play,2025-05-03
Dashen,nice app especially GUI and I have got some error when you send within dashen bank the receipter is not get SMS notification,4,2025-05-03,Google Play,2025-05-03
Dashen,yes i want dashen super open,5,2025-05-02,Google Play,2025-05-02
Dashen,Best App,5,2025-05-02,Google Play,2025-05-02
Dashen,faster than this version,5,2025-05-01,Google Play,2025-05-01
Dashen,"Best UI mobile banking app, props to design team",5,2025-04-30,Google Play,2025-04-30
Dashen,thank you,4,2025-04-30,Google Play,2025-04-30
Dashen,great app,5,2025-04-30,Google Play,2025-04-30
Dashen,bad.,1,2025-04-30,Google Play,2025-04-30
Dashen,Dashen bank always one step ahead,5,2025-04-30,Google Play,2025-04-30
Dashen,dashen super app is secure band very easy,5,2025-04-29,Google Play,2025-04-29
Dashen,It is very fast and secured mobile banking app! I like this app!,5,2025-04-29,Google Play,2025-04-29
Dashen,best app I have ever seen,5,2025-04-29,Google Play,2025-04-29
Dashen,best of best,5,2025-04-29,Google Play,2025-04-29
Dashen,waw,5,2025-04-28,Google Play,2025-04-28
Dashen,best app,5,2025-04-28,Google Play,2025-04-28
Dashen,Its slow when i try to see the Recent Transaction and stucked,1,2025-04-28,Google Play,2025-04-28
Dashen,wowslnwoooo wowwww amazing !!!!!!!!,5,2025-04-28,Google Play,2025-04-28
Dashen,wow appl,5,2025-04-28,Google Play,2025-04-28
Dashen,why do i have to change a pin number i use my finger print so dummy,1,2025-04-27,Google Play,2025-04-27
Dashen,very nice,5,2025-04-26,Google Play,2025-04-26
Dashen,great,4,2025-04-26,Google Play,2025-04-26
Dashen,"It is very slow and it lacks many features to be a super app. High rating is given by their employees, not by the customers.",1,2025-04-25,Google Play,2025-04-25
Dashen,"Smooth and secure experience transfers, bill payments, and tracking expenses are all effortless. The intuitive design makes banking on the go.",5,2025-04-24,Google Play,2025-04-24
Dashen,Very easy and Fast.,5,2025-04-24,Google Play,2025-04-24
Dashen,Incomparably user-friendly and fast app for mobile banking.,5,2025-04-24,Google Play,2025-04-24
Dashen,"there is nothing super about this app, repeatedly failed transaction and wastes customer valuable time. if you have to do system upgrade do it at a time when there is less traffic demand. your Technical difficulty should not be reflected on customer.",2,2025-04-24,Google Play,2025-04-24
Dashen,execellent,5,2025-04-24,Google Play,2025-04-24
Dashen,"This super app is a total game-changer—fast, reliable, and packed with everything I need in one place. It’s seamless and super convenient. Love it!""",5,2025-04-23,Google Play,2025-04-23
Dashen,All in One ✍️secure ✍️reliable ✍️convenient. Digital banking game changer!!,5,2025-04-23,Google Play,2025-04-23
Dashen,it is incredible product.,5,2025-04-23,Google Play,2025-04-23
Dashen,"I'm really impressed with this app! It’s user-friendly, runs smoothly, and has all the features I need. Makes my tasks so much easier and saves me a lot of time. Highly recommended!",5,2025-04-23,Google Play,2025-04-23
Dashen,ok,5,2025-04-23,Google Play,2025-04-23
Dashen,"It's an amazing app, experience it!!",5,2025-04-23,Google Play,2025-04-23
Dashen,This is the best banking app ever. I recommend everyone to use it.,5,2025-04-23,Google Play,2025-04-23
Dashen,It is the best application!!!,5,2025-04-22,Google Play,2025-04-22
Dashen,"Exceptional digital experience, SupperApp will bring new paradigm shift in the banking business. Bravo Dashen keep it up!!!!",5,2025-04-22,Google Play,2025-04-22
Dashen,its features are so dynamic,5,2025-04-22,Google Play,2025-04-22
Dashen,fast &Friendly user Application.,5,2025-04-22,Google Play,2025-04-22
Dashen,"Fast, Reliable and User Friendly. Keep it Up",5,2025-04-22,Google Play,2025-04-22
Dashen,"#dashen super app is easy to use, secure & fast transaction😍",5,2025-04-22,Google Play,2025-04-22
Dashen,i love this app esp 3 click that make e-commerce easier and convinient.,5,2025-04-22,Google Play,2025-04-22
Dashen,Dashen Super App contains extended selections for customers and can be easily accessible and also friendly to use.,5,2025-04-22,Google Play,2025-04-22
Dashen,Great for everyday banking and payments on the go,5,2025-04-22,Google Play,2025-04-22
Dashen,"""Dashen Super App'' is impressive with its focus on simplicity, speed, and quality. The user interface is clean and easy to understand. Transactions process quickly, and the overall quality of the app is top-notch. A must-have for Dashen Bank customers. ዳሸን ባንክ አንድ እርምጃ ቀዳሚ።",5,2025-04-22,Google Play,2025-04-22
Dashen,making transactions has never been easier. the new update is just amazing,5,2025-04-22,Google Play,2025-04-22
Dashen,"The app has various usefull functions, which make easy the payment system. Also, it will connect with sellers having reasonable prices.",5,2025-04-22,Google Play,2025-04-22
Dashen,The app has great user interface with comprehensive payments and E-commerce platforms. And also it includes unique features such as chat Banking and budget.,5,2025-04-22,Google Play,2025-04-22
Dashen,betam mirt Ena betam le atikakem kelel Yale Ena michu application nw,5,2025-04-22,Google Play,2025-04-22
Dashen,Convenient!,5,2025-04-22,Google Play,2025-04-22
Dashen,It is an amazing application that meets the needs of customers.,5,2025-04-22,Google Play,2025-04-22
Dashen,Effecting payment via the app has created convenience to the recipients in easily confirming the payments received!,5,2025-04-22,Google Play,2025-04-22
Dashen,the best Supper App ever,5,2025-04-22,Google Play,2025-04-22
Dashen,"This is the best app ever, when is it planned to include digital lending and gasification?",5,2025-04-22,Google Play,2025-04-22
Dashen,"A powerful, local solution that rivals any global app. I love how easy it is to explore services and products.",5,2025-04-22,Google Play,2025-04-22
Dashen,Dashen bank is my number one choice,5,2025-04-22,Google Play,2025-04-22
Dashen,Assefa Genetu = Dashen superup is the latest and inclussive .I am happy with this super up.,5,2025-04-22,Google Play,2025-04-22
Dashen,"The App is incredibly user-friendly and brings multiple services into one place. It's fast, intuitive, and makes daily tasks super convenient. A true all-in-one solution!",5,2025-04-21,Google Play,2025-04-21
Dashen,"Proudly made in Ethiopia, this innovation delivers more than promised. The marketplace is a major boost for local commerce",5,2025-04-21,Google Play,2025-04-21
Dashen,it so fanrastic and user friendly app. Bravo Dashen bank thanks.,5,2025-04-21,Google Play,2025-04-21
Dashen,"one of the best digital platforms I've used! from smooth transactions to a seamless shopping experience, highly recommended.",5,2025-04-21,Google Play,2025-04-21
Dashen,A proudly Ethiopia innovation that delivers beyond expectations. The marketplace feature is a big win for local shoppers bnd sellers,5,2025-04-21,Google Play,2025-04-21
Dashen,"Dashen Super App is a game-changer! It’s fast, user-friendly, and packed with features that make everyday banking and transactions super convenient. I love how everything I need from mobile banking to utility payments is all in one place. The interface is clean, and everything works smoothly. Definitely one of the best apps out there. Highly recommended!",5,2025-04-21,Google Play,2025-04-21
Dashen,Easy to use and has many options. It is the best financial app I have ever used.,5,2025-04-21,Google Play,2025-04-21
Dashen,"Highly impressed! Dash Bank really nailed it with this app. Secure, reliable, and packed with features I use daily",5,2025-04-21,Google Play,2025-04-21
Dashen,"One of the best digital platforms I’ve used! From smooth transactions to a seamless shopping experience, Highly recommended",5,2025-04-21,Google Play,2025-04-21
Dashen,"This app has everything I was looking for, dashen is becoming a grandmaster.",5,2025-04-21,Google Play,2025-04-21
Dashen,Very convenient,5,2025-04-21,Google Play,2025-04-21
Dashen,"The user experience is seamless, and everything just works perfectly right out of the box. I can’t believe how much time and effort it saves me every day.",5,2025-04-21,Google Play,2025-04-21
Dashen,wawwwww what nice super app !!keep it up dashen bank !!,5,2025-04-21,Google Play,2025-04-21
Dashen,"Dashen SuperApp the ultimate all-in-one solution! From banking and shopping to bill payments, everything you need is right at your fingertips. Life just got a whole lot easier!",5,2025-04-21,Google Play,2025-04-21
Dashen,"It is,really super because of its unique offerings to individuals and businesses.It is a secure UX first app intended to cater comprehensive digital meeds.I am also happy to know that Dashen is considering to make the app more inclusive by lowering the mobile version requirements .",5,2025-04-21,Google Play,2025-04-21
Dashen,"the very easy, secured, fast and multifunctional dashen supper application I ever seen. dashen really one steps ahead!!!",5,2025-04-21,Google Play,2025-04-21
Dashen,"One app for everything! I can shop, manage my bank account , and do so much more . Truly a super app",5,2025-04-21,Google Play,2025-04-21
Dashen,one of the best digital platforms I’ve used! From smooth transactions to a seamless shopping experie,5,2025-04-21,Google Play,2025-04-21
Dashen,"Dashen Bank super App is the most suitable, reliable, and fast digital banking system.",5,2025-04-21,Google Play,2025-04-21
Dashen,Excellent app.,5,2025-04-21,Google Play,2025-04-21
Dashen,This is what we call banking app. As professional I want banking app as simple as this and an app rich of features that align with my lifestyle.,5,2025-04-21,Google Play,2025-04-21
Dashen,thanks again,5,2025-04-21,Google Play,2025-04-21
Dashen,Super Easy To Use and Fast Transaction.,5,2025-04-21,Google Play,2025-04-21
Dashen,"I have an incredible experience with Dashen super app, what an amazing platform is it?. keep pioneering in technological advancement 👏👏👏",5,2025-04-21,Google Play,2025-04-21
Dashen,"i can't recommend the Dashen Super App enough! This app is truly a game changer for anyone looking for a seamless and efficient way to manage their daily life. It combines multiple essential services into one easy-to-use platform, saving time and simplifying tasks The user interface is modern, intuitive, and super responsive, making navigation a breeze. Whether it's banking, payment services, or accessing lifestyle features, everything is just a few clicks away!!",5,2025-04-21,Google Play,2025-04-21
Dashen,"The app is incredibly handy for managing multiple financial tasks, from bill payments to managing budgets. It’s saved me a lot of time and made banking way more convenient. Definitely worth checking out!",5,2025-04-21,Google Play,2025-04-21
Dashen,what an App,5,2025-04-21,Google Play,2025-04-21
Dashen,The new e-commerce feature is incredibly amazing and user friendly.,5,2025-04-21,Google Play,2025-04-21
Dashen,"dashen bank supper app is the most easy to use and have high speed,quality and I like features like chat,budget,fuel payment, and security for my opinion this product is techonolgy edge,this international standard thanks for product oweners (dashen bank)",3,2025-04-21,Google Play,2025-04-21
Dashen,"The Dashen supperapp is a revolutionary advancement in digital banking, combining exceptional usability, an intuitive interface and a seamless user experience. among its standout features are the integration of QR codes, account statement, transaction advise, chat, transaction authentication for limit thresholds, budgeting and different app in a single dashboard. Truly ahead of the curve ..... keep up the excellent work 🤝👏",5,2025-04-21,Google Play,2025-04-21
Dashen,"A proudly Ethiopian innovation that delivers beyond expectations. The marketplace feature is a big win for local shoppers and sellers. Very impressed with the new updates, The e-commerce section is smooth and supports Ethiopian merchants!",5,2025-04-21,Google Play,2025-04-21
Dashen,"Very impressed with the new updates, The e-commerce section is smooth and supports Ethiopian merchants.",5,2025-04-21,Google Play,2025-04-21
Dashen,"Dashen Bank Super App is fast, reliable, and super easy to use. All my banking needs are handled smoothly in one place. Clean design and seamless experience – highly recommended!",5,2025-04-21,Google Play,2025-04-21
Dashen,"Db sup app is A platform or an application that can grasp more satisfactions through fastest mode of operation which means for budget planning, to use QR code(scan, pay, go) chat with staff, acc to acc other bank ft, merchant payment, and easly. I addition to i satisfied and i invite everyone to use those platform!!.",5,2025-04-21,Google Play,2025-04-21
Dashen,the chat banking and unique and only app that alow money request!!,5,2025-04-21,Google Play,2025-04-21
Dashen,Better and inclusive app!,5,2025-04-21,Google Play,2025-04-21
Dashen,Amazing Application,5,2025-04-21,Google Play,2025-04-21
Dashen,It keep my time to pay my bills and I generate my satment easily,5,2025-04-21,Google Play,2025-04-21
Dashen,"It's an amazing app that is up-to-date with the times, wow wow",5,2025-04-21,Google Play,2025-04-21
Dashen,A game-changing Ethiopian innovation—where shopping meets opportunity. The marketplace feature connects buyers and sellers like never before.,5,2025-04-21,Google Play,2025-04-21
Dashen,"Dashen Super App isn’t just an app — it’s an experience. Effortless, powerful, and built for the future",5,2025-04-21,Google Play,2025-04-21
Dashen,"This Is An Amazing App with Uniqe Quality,Easy And Fast Mobile Banking App.",5,2025-04-21,Google Play,2025-04-21
Dashen,"Dashen SuperApp is a lifesaver! Banking, shopping, and bills in one super easy app. The new e-commerce feature is awesome and supports local merchants. Fast, secure, and proudly Ethiopian.Download it now—you won’t regret it!",5,2025-04-21,Google Play,2025-04-21
Dashen,"Dashen SuperApp blends finance, shopping, and daily services effortlessly. The new e-commerce feature is smooth and supports local merchants—proud to back an Ethiopian-made solution!",5,2025-04-21,Google Play,2025-04-21
Dashen,"A solid step forward by Dashen Bank. The SuperApp combines essential banking features with lifestyle services, making everything accessible in one place. The interface is smooth, and transactions are quick and reliable. It’s clear a lot of thought went into the design and functionality. Great job!",5,2025-04-21,Google Play,2025-04-21
Dashen,Dashen bank super app is the crucial and convenient app in Ethiopia. there is no other app to compare with Dashen bank super app,5,2025-04-21,Google Play,2025-04-21
Dashen,"All-in-one finance & e-commerce super app! Pay, save, shop seamlessly. Fast, secure. #BankAndShop",5,2025-04-21,Google Play,2025-04-21
Dashen,it's a hestorical app. in the bank industry.,5,2025-04-21,Google Play,2025-04-21
Dashen,"A game changer in Ethiopian digital banking fast, secure, and packed with services. Everything you need, all in one powerful app. A true leap toward financial convenience and innovation!",4,2025-04-21,Google Play,2025-04-21
Dashen,"easy &,simple to use",5,2025-04-21,Google Play,2025-04-21
Dashen,"Banking, but make it smart. Local solutions, all in one place. Smooth, fast, and actually saving time. Feels like the future. Love it!",5,2025-04-21,Google Play,2025-04-21
Dashen,"All in one, that is it 👌",5,2025-04-21,Google Play,2025-04-21
Dashen,", Dashen Bank Supper App is multipurpose, convenient, very attractive and Make life easier",5,2025-04-21,Google Play,2025-04-21
Dashen,very easy and flexible app.,5,2025-04-21,Google Play,2025-04-21
Dashen,"I choose Dashen Bank Super Up since, it is easy to use & it has attractive features !",5,2025-04-21,Google Play,2025-04-21
Dashen,dashen super app is simple faster and reliable.,5,2025-04-21,Google Play,2025-04-21
Dashen,"Dashen Bank Super App is a game-changer! The user-friendly design, wide range of services, and smooth performance make it incredibly convenient for everyday banking. It’s fast, secure, and truly reflects the bank’s commitment to digital excellence. Highly recommended!",5,2025-04-21,Google Play,2025-04-21
Dashen,"The app keeps getting better with every update! Smooth performance, great UI, and top-notch security. Thank you for making banking so convenient!""",5,2025-04-21,Google Play,2025-04-21
Dashen,this app is the most simply to use and secure safe i love it to use for any bank transaction,5,2025-04-21,Google Play,2025-04-21
Dashen,"After i download the app recently had a smooth expriance, its user friendly, fast, and everything works as expected. keep up the good work.",5,2025-04-21,Google Play,2025-04-21
Dashen,An app with High performance and advanced features!,5,2025-04-21,Google Play,2025-04-21
Dashen,"It is a very user friendly, attractive user interface, full of useful features. I really encourage everyone to give it a try.",5,2025-04-21,Google Play,2025-04-21
Dashen,"Good actually , but it have to WORK when developer option is on 🙏",5,2025-04-21,Google Play,2025-04-21
Dashen,"All-in-one convenience, From managing accounts to paying bills and shopping online and the chat banking is game changer, this app does it all seamlessly.",5,2025-04-21,Google Play,2025-04-21
Dashen,I appreciate that Dashen Bank takes lifestyle services into account.,5,2025-04-21,Google Play,2025-04-21
Dashen,keep it up!,5,2025-04-21,Google Play,2025-04-21
Dashen,amazing app really i loved it .that's why we say dashen bank is one stap ahead. It's the best mobile application that should be on every phone.,5,2025-04-21,Google Play,2025-04-21
Dashen,very comfortable app keep it,5,2025-04-21,Google Play,2025-04-21
Dashen,it has clear detail information about the application so it helps customer how to use the app. and it is very easy to use and also app is secure.,5,2025-04-21,Google Play,2025-04-21
Dashen,"I have been using the Dashen Supper app mobile banking app , and overall, I appreciate its features.However,I’ve noticed that when I turn on the developer options on my device, the app stops functioning properly. It would be great if you could look into this issue, as I often need to access developer settings for other applications . Thank you for your attention to this matter!",5,2025-04-21,Google Play,2025-04-21
Dashen,easiness to use with fast response time,5,2025-04-21,Google Play,2025-04-21
Dashen,"The new mobile banking application is a major upgrade! It’s incredibly user-friendly, with a clean and modern design that makes navigation simple and intuitive. I really appreciate how fast it loads and how smooth the overall experience is. All essential services like balance checks, transfers, and bill payments are eas y to find and use. The added security features give me peace of mind, and the app runs reliably without crashes or glitches. It’s clear a lot of thought went into the user experi",5,2025-04-21,Google Play,2025-04-21
Dashen,"As an Internal Customer, Dashen Bank SuperApp has greatly simplified my online banking experience. It's easy to use, allowing me to quickly check balances, transfer money and pay Bills. The app's advanced security features are highly secure, ensuring my data is well protected. The Three click, Chat Banking and IPS features have also given me a smarter experience. In deed Dashen Bank is always steping ahead!",5,2025-04-21,Google Play,2025-04-21
Dashen,"A truly impressive app — user-friendly and a game-changer in Ethiopian banking. The Dashen Super App stands out as one of the most innovative and convenient digital banking solutions in Ethiopia’s financial history. Smooth navigation, seamless features, and a wide range of services all in one place. Well done!",5,2025-04-21,Google Play,2025-04-21
Dashen,dashen bank super up has very fast and convenience and also it has contain more things on one app .I am very interesting to use dashen bank super up,5,2025-04-21,Google Play,2025-04-21
Dashen,"The Dashen Bank Super App has truly elevated my mobile banking experience. It's fast, user-friendly, and packed with all the essential features. The interface is clean and intuitive, making navigation easy even for first-time users. I also appreciate the added security features that give me peace of mind while banking on the go. Dashen Bank has done an amazing job with this app—it’s reliable, efficient, and always improving. Highly recommended for anyone looking for seamless digital banking!",5,2025-04-21,Google Play,2025-04-21
Dashen,A fantastic product!! keep the good work.,5,2025-04-21,Google Play,2025-04-21
Dashen,"I am very impressed with the Dashen super app. It is user-friendly and operates efficiently. The budget and chatbot features are impressive, and all items can be purchased with just three clicks.",5,2025-04-21,Google Play,2025-04-21
Dashen,"The Dashen Super App offers a quick and user-friendly experience, bringing together a variety of services, like budgeting, payments, airtime recharges, and more, all in one convenient platform. Its sleek design and intuitive navigation ensure effortless transactions. It's evident that Dashen Bank has carefully crafted the app to make everyday financial activities easier. A great choice for anyone aiming to streamline their digital routines!",5,2025-04-21,Google Play,2025-04-21
Dashen,Dashen supper App is the most useful app for our customers,5,2025-04-21,Google Play,2025-04-21
Dashen,it is the most amazing mobile app,5,2025-04-21,Google Play,2025-04-21
Dashen,A Good and fast supper app thanks for dashen bank,5,2025-04-21,Google Play,2025-04-21
Dashen,"Dear Users of the Dashen Bank Super App,I have been using the Dashen Bank Super App for a while now, and I must say—it’s truly a game-changer! The app is incredibly fast and reliable; I’ve never encountered any delays with my transactions. One feature I absolutely love is Chat Banking. It makes everyday tasks like checking my balance or transferring money as simple as sending a quick message. Also, the budgeting tool has been a huge help in tracking my spending and giving me a clearer",5,2025-04-21,Google Play,2025-04-21
Dashen,Too best,1,2025-04-21,Google Play,2025-04-21
Dashen,"Dashen Bank Super Up,use the app and makes your easy,fast,convinent.",5,2025-04-21,Google Play,2025-04-21
Dashen,To join digital world use supper app and make your life easy,5,2025-04-21,Google Play,2025-04-21
Dashen,best mobile banking application,5,2025-04-21,Google Play,2025-04-21
Dashen,"This banking superapp is incredibly well designed. The design and appearance of the app and the overall experience I have when using the app is fantastic. The app is packed with features from banking to e-commerce all in one place.It even has a budget setting option which is super useful for managing my money. Everything runs smoothly and I love how convenient it has made my daily life. Huge Kudos to Dashen Bank. You are truly living up to the motto ''Always one step ahead."" Keep it up!",5,2025-04-21,Google Play,2025-04-21
Dashen,I was really amazed by the idea of an e-commerce service on a banking app. This is what it means to be one step ahead. Please include all kinds of products in there as soon as possible.,5,2025-04-21,Google Play,2025-04-21
Dashen,this is what we expect to get service Dashen Bank always like his slogan,5,2025-04-21,Google Play,2025-04-21
Dashen,"Dashen SupApp is the most contemporary application, offering a great experience by enabling users to perform multiple tasks through a single platform—such as chatting with friends, transferring money, paying bills, and more. It is the first app of its kind in the Ethiopian banking industry, making it a remarkable opportunity for entrepreneurs working in app-based sales and software marketing. Good job, Dashen Bank!",5,2025-04-21,Google Play,2025-04-21
Dashen,Dashen Super App gives me an amazing convenience and makes life easy.,5,2025-04-21,Google Play,2025-04-21
Dashen,excellent mobile banking app,5,2025-04-21,Google Play,2025-04-21
Dashen,Wow! like his name Super App...,5,2025-04-21,Google Play,2025-04-21
Dashen,Dashen supper app is the most special. ይምቾቱ ይለያያል!!!!,5,2025-04-21,Google Play,2025-04-21
Dashen,convenient and fast,5,2025-04-21,Google Play,2025-04-21
Dashen,Best- in-class app.,5,2025-04-21,Google Play,2025-04-21
Dashen,I really like this amazing application and Dashen Supper app that has made my life easier.,5,2025-04-21,Google Play,2025-04-21
Dashen,Superb,5,2025-04-21,Google Play,2025-04-21
Dashen,"amazing features, faster and easy to use",5,2025-04-21,Google Play,2025-04-21
Dashen,"The Dashen Super App offers a modern, user-friendly experience that leverages the latest technological advancements to deliver a seamless e-commerce platform",5,2025-04-21,Google Play,2025-04-21
Dashen,Best App!,5,2025-04-21,Google Play,2025-04-21
Dashen,I love it. one of the best mobile banking app in the banking industry,5,2025-04-21,Google Play,2025-04-21
Dashen,I love this app,5,2025-04-21,Google Play,2025-04-21
Dashen,no working for me hulum information asgebiche continue or accept yemilew button ayeseram my phone is Samsung A51,1,2025-04-21,Google Play,2025-04-21
Dashen,waw no idea the best app.,5,2025-04-19,Google Play,2025-04-19
Dashen,fast best app,5,2025-04-19,Google Play,2025-04-19
Dashen,Nice App,5,2025-04-18,Google Play,2025-04-18
Dashen,nice app ever,5,2025-04-17,Google Play,2025-04-17
Dashen,very disappointing app. Closes frequently and unstable in function,2,2025-04-17,Google Play,2025-04-17
Dashen,"Feature-rich? Absolutely. But the speed? Painfully slow. Seriously, is it communicating with a server on Mars or something?",5,2025-04-16,Google Play,2025-04-16
Dashen,nic app,5,2025-04-16,Google Play,2025-04-16
Dashen,Nice,5,2025-04-16,Google Play,2025-04-16
Dashen,"The Dashen Super App delivers a remarkably fast, highly secure, and exceptionally user-friendly experience, establishing it as a leading application in its category.keep it up and stay ahead Dashen Bank.",5,2025-04-14,Google Play,2025-04-14
Dashen,So far so good! their in person customer service is amazing 👏,5,2025-04-14,Google Play,2025-04-14
Dashen,The app is very backward and doesn't always work. If it works three hours out of 24 hours it's great!😥,1,2025-04-14,Google Play,2025-04-14
Dashen,ምርጫዬ ነው,5,2025-04-13,Google Play,2025-04-13
Dashen,It's bad for the connection and too many days are it that not working,1,2025-04-12,Google Play,2025-04-12
Dashen,it's samart,5,2025-04-10,Google Play,2025-04-10
Dashen,"The app is not working properly, I have been using it.",1,2025-04-10,Google Play,2025-04-10
Dashen,it is very good app,5,2025-04-10,Google Play,2025-04-10
Dashen,"I had a disappointing experience with Dashen Bank's Super Up service. The app is very slow and takes forever to load during transactions, which is incredibly frustrating. Additionally, it doesn't generate receipts for any transactions, making it difficult to keep track of my expenses. I also reached out to customer support, but the response time was longer than expected. Overall, I was hoping for a better experience, but I find the service lacking and in need of improvement.",2,2025-04-09,Google Play,2025-04-09
Dashen,slow cumbersome,3,2025-04-08,Google Play,2025-04-08
Dashen,Is really 💀,2,2025-04-08,Google Play,2025-04-08
Dashen,It's slow to send OTP. it's not reliable. It crushed many times. It needs improvement in many ways,1,2025-04-07,Google Play,2025-04-07
Dashen,"This is the worst mobile banking experience I’ve ever had. It doesn’t work when you need it, and it randomly updates itself without warning. You can’t make transactions whenever you want. It’s a nightmare for anyone who relies on this as their main banking option, especially those with a lot of money in their account. I’m lucky I’m not one of them, but still, it’s infuriating not being able to access your money when you need it.""l",1,2025-04-07,Google Play,2025-04-07
Dashen,"I have experienced on using the app of Banks in Ethiopia, this Dashen sup is like old version of the applications for using. I gave 3 star for it's very low speed while login and processing",3,2025-04-07,Google Play,2025-04-07
Dashen,proud by dashen bank,5,2025-04-06,Google Play,2025-04-06
Dashen,best,5,2025-04-06,Google Play,2025-04-06
Dashen,This app is not working unless you turn off developer mode on your phone. So it takes your rights to just use it.,2,2025-04-04,Google Play,2025-04-04
Dashen,real super up,5,2025-04-04,Google Play,2025-04-04
Dashen,it's very disappointing fix it as soon as possible not expected from dashin bank fix it,1,2025-04-04,Google Play,2025-04-04
Dashen,why dashen bank workers hidden my ATM Card 🏧?it's a big problem to me,5,2025-04-04,Google Play,2025-04-04
Dashen,tanku,5,2025-04-04,Google Play,2025-04-04
Dashen,perfect,5,2025-04-03,Google Play,2025-04-03
Dashen,goood,5,2025-04-02,Google Play,2025-04-02
Dashen,why does it ask me for both pin and opt even the opt is touch let alone both,2,2025-04-02,Google Play,2025-04-02
Dashen,it is best app easy to use,5,2025-04-01,Google Play,2025-04-01
Dashen,It is very easy to use and powerful application.,3,2025-04-01,Google Play,2025-04-01
Dashen,this apps have a good feature but but some features like developer mode turn off irritate user,3,2025-04-01,Google Play,2025-04-01
Dashen,"This is not only a mobile banking app, it is beyond that. We will access our account easily, we are able to get many information easily here. i.e. exchage rate. We are able to chat with others, we are able to budget, we are able to transfer to other bank and within Dashen. we are able to access many accounts in a single app, we are able to pay bills in QR scan, we are able to make payments and order delivery items here in a single app. #Always one step ahead.",5,2025-03-31,Google Play,2025-03-31
Dashen,wallahi very fantastic Bank,5,2025-03-31,Google Play,2025-03-31
Dashen,"Waw, It's amazing app. thank you Dashen Bank.",5,2025-03-31,Google Play,2025-03-31
Dashen,nice app,5,2025-03-29,Google Play,2025-03-29
Dashen,"I’ve been using the Dashen Bank Super App for a while now, and it’s been a game-changer. The app is super fast and reliable—I’ve never had an issue with transactions being delayed. One of my favorite features is the chat banking, which makes it so easy to do things like check my balance or transfer money just by typing a quick message. The budgeting tool is also really useful. It helps me keep track of my spending and gives me a clear picture of where",5,2025-03-28,Google Play,2025-03-28
Dashen,Very good app that like it too. B/c it is very fast and easy to use.,5,2025-03-26,Google Play,2025-03-26
Dashen,best experiences,5,2025-03-26,Google Play,2025-03-26
Dashen,too slow to use.,1,2025-03-26,Google Play,2025-03-26
Dashen,ጥሩ ነው,5,2025-03-25,Google Play,2025-03-25
Dashen,the worst app in the market only good ui,1,2025-03-22,Google Play,2025-03-22
Dashen,nic,5,2025-03-22,Google Play,2025-03-22
Dashen,በጣም ቅልል ያለ አፕ በርቱልን ለአጠቃቀም ምቹ,5,2025-03-22,Google Play,2025-03-22
Dashen,thanks for all digital transaction,5,2025-03-21,Google Play,2025-03-21
Dashen,Best,5,2025-03-20,Google Play,2025-03-20
Dashen,"This app is not supporting smart phones that have old android version and so it is none inclusive. At the same time the amole lite is not working properly and once you reached to maximum otp trail mistakes due to network or other errors like stacks , you will be tied up to make Transactions. Ohh... tired!!!!!",1,2025-03-20,Google Play,2025-03-20
Dashen,it's Be Come Busy &not working good,1,2025-03-20,Google Play,2025-03-20
Dashen,I wanted to share some concerns about your Supper App. It appears to be experiencing reliability issues and isn’t performing as expected. I hope this can be addressed soon to improve the user experience. One star 🌟 for now.,1,2025-03-19,Google Play,2025-03-19
Dashen,"best ever digital banking sector essay for understanding ,smart and convince for using",5,2025-03-19,Google Play,2025-03-19
Dashen,good and latest,5,2025-03-18,Google Play,2025-03-18
Dashen,The best App of all,5,2025-03-17,Google Play,2025-03-17
Dashen,Worst app ever,1,2025-03-15,Google Play,2025-03-15
Dashen,"This app is the most unreliable mobile banking application I have ever used for transaction, it is very late, non-responsive and full of bugs. Its is very disappointing. It is just inconvinient, and not user friendly and compatabke at all !!!!!!",1,2025-03-14,Google Play,2025-03-14
Dashen,Naiycapp,5,2025-03-14,Google Play,2025-03-14
Dashen,The app is good but it has no USSD option,4,2025-03-13,Google Play,2025-03-13
Dashen,Hey great,5,2025-03-12,Google Play,2025-03-12
Dashen,I have used many mobile banking and also tellebir and mpesa nothing come close to this app. Well done Dashen indeed one step a head. A lot of cool features that amole hasn't the receipt and the account statement is superb for me. I hope you add more integrated small apps to.,5,2025-03-12,Google Play,2025-03-12
Dashen,The app is good but it ask update every week so tiring,2,2025-03-11,Google Play,2025-03-11
Dashen,It good and easy to use,5,2025-03-11,Google Play,2025-03-11
Dashen,በጣም አሪፍ መተግበሪያ ነው ። አመሠግናለሁ ።,5,2025-03-10,Google Play,2025-03-10
Dashen,"Greately improved since it was released! I really like the budget and expense tegistration feature. For ATM or POS withdrawals, it is not possible to account these expenses, even if it is visible on the transactions window. If that can be worked on, it will be improve so much!!",5,2025-03-10,Google Play,2025-03-10
Dashen,Excellent,5,2025-03-10,Google Play,2025-03-10
Dashen,Wow Excellent app,5,2025-03-08,Google Play,2025-03-08
Dashen,Nice app but i experience some issues with others banks transfer it keeps saying account is not exist most of the time.,4,2025-03-08,Google Play,2025-03-08
Dashen,Add the option to send money to any telebirr account like amole does.,3,2025-03-08,Google Play,2025-03-08
Dashen,It's best,5,2025-03-08,Google Play,2025-03-08
Dashen,no one dashen yichlal,5,2025-03-07,Google Play,2025-03-07
Dashen,In short ! I'm so proud of this app developers for their highest professional of developing. Thanks,5,2025-03-06,Google Play,2025-03-06
Dashen,The speed is too slow. Need some improvements.,2,2025-03-06,Google Play,2025-03-06
Dashen,good app,5,2025-03-04,Google Play,2025-03-04
Dashen,Fantastic app,5,2025-03-01,Google Play,2025-03-01
Dashen,I wish dark mode feature is add as an option but it's good app,5,2025-02-27,Google Play,2025-02-27
Dashen,"Super Up is the ultimate digital banking app, living up to its name with speed, efficiency, and innovation. Designed for a seamless experience, it offers lightning-fast transactions, top-tier security, and effortless financial management. With Super Up, banking has never been this smooth, smart, and super!",5,2025-02-26,Google Play,2025-02-26
Dashen,"The Dashen Super App is a game-changer in digital banking, offering a seamless and convenient experience. With its user-friendly interface, fast transactions, and a wide range of financial services, it simplifies banking for customers. Features like bill payments, fund transfers, mobile top-ups, and loan applications make it an all-in-one solution. Plus, its security measures ensure safe and reliable Experiance effortless banking",5,2025-02-26,Google Play,2025-02-26
Dashen,ከጰነጨየጠ,2,2025-02-26,Google Play,2025-02-26
Dashen,"It has good feature. But, it is Very Slow! difficult to pay or receive. The Speed should be improved, else I didn't recommend.",2,2025-02-24,Google Play,2025-02-24
Dashen,Excellent app,5,2025-02-24,Google Play,2025-02-24
Dashen,አፕልኬሽኑ አሪፍ ሆኖ ሳለ ቴሌብር ወደራስ ብቻ ለምን ሆነ እንደ ድሮው ለሰውም መላክ ቢቻል,4,2025-02-22,Google Play,2025-02-22
Dashen,No good,1,2025-02-22,Google Play,2025-02-22
Dashen,Wow amazing app,5,2025-02-21,Google Play,2025-02-21
Dashen,best platform... Please avoid otp,5,2025-02-21,Google Play,2025-02-21
Dashen,Super smart app.,5,2025-02-18,Google Play,2025-02-18
Dashen,best 👍👍,5,2025-02-16,Google Play,2025-02-16
Dashen,I don't know what happens but the application is not send verification pass code you should fix that,1,2025-02-16,Google Play,2025-02-16
Dashen,This app doesn't work on my phone my phone is Samsung Galaxy s7 android version 9 All other financial apps work like telebirr CBE M_pesa...,1,2025-02-14,Google Play,2025-02-14
Dashen,"Dashen Super app is secure, very easy to use and has more services uniquely like budgeting, chat, IPS...",5,2025-02-14,Google Play,2025-02-14
Dashen,Amazing and user friendly supper app and looking forward the additional features,5,2025-02-14,Google Play,2025-02-14
Dashen,it's amazing app i have seen ever,5,2025-02-13,Google Play,2025-02-13
Dashen,One star deducted for not to able to transfer to telebirr.,4,2025-02-13,Google Play,2025-02-13
Dashen,ጥሩ ነው ግን በደንብ ሊሸሻል ይገባል,4,2025-02-13,Google Play,2025-02-13
Dashen,ፍጥነቱ በጣም አሪፍ ነው! እና ቀለል ያለ ነው ! ነገር ግን ተጨማሪ ወደ ቴሌብር ኤጀንት መላኪያ አፕ ቢካተትበት ጥሩ ነው::,4,2025-02-12,Google Play,2025-02-12
Dashen,Keep up the good work and pleas add water and electric utility payment,5,2025-02-12,Google Play,2025-02-12
Dashen,The app missed some important features 1. It does't show recent transactions 2. Transfer to Telebirr limited to own telebirr 3. The statement does't show running balance,2,2025-02-11,Google Play,2025-02-11
Dashen,"Simple, Fast and Easy ⭐⭐⭐🎉",4,2025-02-10,Google Play,2025-02-10
Dashen,"የሚገርም aplication ነው, ነገር ግን ብር ትራንስፈር ሲደረግ ያለ ፒን መሆኑ risk አለው ሁሉ ጊዜ የ ትራንስፈር መደምደሚያ ፒን መሆን አለበት!!!!!!!!!!!!:: አሱ ቢስተካከል 5 star አስከዛው ግን 4 ሰጥቻለው::",4,2025-02-09,Google Play,2025-02-09
Dashen,Baankii daashin baankii hudna galeessa galatoomaa isinii woliin jirra Godina jimmaa magaalaa Aggaaroo irraa Muaz Abamecha Abamilki,5,2025-02-07,Google Play,2025-02-07
Dashen,It doesn't work,1,2025-02-07,Google Play,2025-02-07
Dashen,"#Dashen Super App; Super easy to use, secure, and fast transaction. Love it!",5,2025-02-07,Google Play,2025-02-07
Dashen,"I tried the new Dash Bank Super App today, and it's amazingly easy and fun.I recommend you download and use it. You really like it",5,2025-02-06,Google Play,2025-02-06
Dashen,Gud app kegza ga mezmn endze new aind ermjh kedme nachu hlam,5,2025-02-06,Google Play,2025-02-06
Dashen,"Good app, bad security",3,2025-02-06,Google Play,2025-02-06
Dashen,On Transaction page only show sent Transaction. Try to include received transaction.,4,2025-02-06,Google Play,2025-02-06
Dashen,Wonderful Application 😍,5,2025-02-05,Google Play,2025-02-05
Dashen,I loved it,5,2025-02-05,Google Play,2025-02-05
Dashen,አሁን ገና አንድ እርምጃ ቀደማችው,5,2025-02-04,Google Play,2025-02-04
Dashen,I am so thankful for having this best app Dashen one step ahead,5,2025-02-04,Google Play,2025-02-04
Dashen,Not good this app,1,2025-02-04,Google Play,2025-02-04
Dashen,Best app,5,2025-02-04,Google Play,2025-02-04
Dashen,Excellent app ever but it needs improvement on speed and transaction lists,1,2025-02-03,Google Play,2025-02-03
Dashen,Perfect,5,2025-02-02,Google Play,2025-02-02
Dashen,"It does not work functional ,",1,2025-02-02,Google Play,2025-02-02
Dashen,Ok,5,2025-02-02,Google Play,2025-02-02
Dashen,all of dashen bank customers use the application it is good to use,5,2025-02-01,Google Play,2025-02-01
Dashen,Gret experience,5,2025-02-01,Google Play,2025-02-01
Dashen,All good we need more,3,2025-01-31,Google Play,2025-01-31
Dashen,"Dashen super app is easy to use, fast and robust",5,2025-01-31,Google Play,2025-01-31
Dashen,it was amazing app.....thank you dashen bank....,5,2025-01-30,Google Play,2025-01-30
Dashen,Dashen bank super app for easy life.,5,2025-01-30,Google Play,2025-01-30
Dashen,Excellent UI/UX and beyond Banking services👍👍,5,2025-01-30,Google Play,2025-01-30
Dashen,Send to oher bank የሚለዉ ዉስጥ ገብተን ወደ addisinternational bank ለመላክ አይሰራም ሁለተኛ ደግሞ ወደ cbe birr ለመላክ account number ይጠይቃል ሞባይል ነበር ነዉ መጠየቅ ያለበት ይመስለኛል,2,2025-01-29,Google Play,2025-01-29
Dashen,Just Wow,5,2025-01-29,Google Play,2025-01-29
Dashen,mobile banking to the next level,5,2025-01-28,Google Play,2025-01-28
Dashen,The first 3 star review is me,3,2025-01-25,Google Play,2025-01-25
Dashen,Is not working,1,2025-01-25,Google Play,2025-01-25
Dashen,"Fast, reliable and user friendly. Amazing chatting features. Keep it up! Always one step ahead!",5,2025-01-24,Google Play,2025-01-24
Dashen,V good ❗️,5,2025-01-24,Google Play,2025-01-24
Dashen,"This app is literally the best thing ever The chat banking is so easy just text and it’s done Super smooth, fast, and honestly a life saverIf you haven’t downloaded it yet you’re missing out big time",5,2025-01-23,Google Play,2025-01-23
Dashen,I only see white page,2,2025-01-23,Google Play,2025-01-23
Dashen,Excellent banking app for all your needs! Who needs a physical branch when you can use Dashen Bank Super App Instead! I've never had an issue with anything that Dashen Bank Super App haven't handled swiftly and resolved to my satisfaction and above I don't often write reviews but this is an app/bank that I would highly recommended to everyone 💯 👌👍,5,2025-01-22,Google Play,2025-01-22
Dashen,Amizing Application 😍,5,2025-01-22,Google Play,2025-01-22
Dashen,Fastest and easy to use,5,2025-01-22,Google Play,2025-01-22
Dashen,ስም ብቻ 😏,2,2025-01-21,Google Play,2025-01-21
Dashen,Exellent app with exellent banking system and exellent bank ever,5,2025-01-21,Google Play,2025-01-21
Dashen,Amazing app to use as usual! But why option of transferring to Telebirr and M pesa which was available on Amole app is omitted?? Dasheen is my favourite keep it up.,4,2025-01-20,Google Play,2025-01-20
Dashen,Needs some improvement,5,2025-01-20,Google Play,2025-01-20
Dashen,Amazing,5,2025-01-20,Google Play,2025-01-20
Dashen,Amazing super app,5,2025-01-19,Google Play,2025-01-19
Dashen,I hope it will be better than amole,5,2025-01-18,Google Play,2025-01-18
Dashen,Wly Super App ilove it ❤️ 😍 💖 💕,5,2025-01-18,Google Play,2025-01-18
Dashen,Dashen yichalal. Ewnetem one step a head,5,2025-01-17,Google Play,2025-01-17
Dashen,It has a Good performance but need more upgrade for more performance like when we login account not be fast balance show other thing looking good. Carry on. Thanks so much for Greatest service,4,2025-01-17,Google Play,2025-01-17
Dashen,"It is a very wonderful work that has saved its time. That is why it is ""Always one step ahead!""",5,2025-01-17,Google Play,2025-01-17
Dashen,“Life-changing!” I can’t imagine going back to traditional banking after using this app. It’s so convenient.,5,2025-01-17,Google Play,2025-01-17
Dashen,Pro max,5,2025-01-17,Google Play,2025-01-17
Dashen,The most good app and easy,5,2025-01-16,Google Play,2025-01-16
Dashen,"Excellent and user friendly App. Excellence is what makes you always one step ahead. Dashen Bank, Always One Step Ahead !!",5,2025-01-16,Google Play,2025-01-16
Dashen,Proud to be dashen family . Shout out to the serial entrepreneur 👏,5,2025-01-16,Google Play,2025-01-16
Dashen,First ATM in East africa ⭐️⭐️⭐️⭐️⭐️,5,2025-01-16,Google Play,2025-01-16
Dashen,Best app.,5,2025-01-16,Google Play,2025-01-16
Dashen,Better Move to catch the competition up👍,5,2025-01-16,Google Play,2025-01-16
Dashen,"Great job my home, my bank.",5,2025-01-16,Google Play,2025-01-16
Dashen,Always one step ahead! What a masterpiece.,5,2025-01-16,Google Play,2025-01-16
Dashen,Great App Well done Dashen Bank,5,2025-01-15,Google Play,2025-01-15
Dashen,Great!,5,2025-01-15,Google Play,2025-01-15
Dashen,"I love it but it has bugs during confirmation of password! So, please make it functional",5,2025-01-15,Google Play,2025-01-15
Dashen,Always one step forward,5,2025-01-15,Google Play,2025-01-15
Dashen,"It's great! But it will be advanced if you include a caption that allow customers to transfer to Telebirr account. Dashen Bank, ""ኩሉ ግዜ፡ ሓደ ስጕሚ ቀዳሚ።"" (Always one step ahead!)",4,2025-01-15,Google Play,2025-01-15
Dashen,Small size with vast features and functionalities.,5,2025-01-15,Google Play,2025-01-15
Dashen,Amazing app 👏 👌 Dashen bank one step a head,5,2025-01-15,Google Play,2025-01-15
Dashen,"It has a great application features from the beginning. I'm glad to use it even I haven't used it yet because I haven't activated my account yet. But it's simple, comprehensive, full of information, and fast. በርቱ ዳሸኖች: The super app has impressed me more than I expected.",5,2025-01-15,Google Play,2025-01-15
Dashen,Dashen Bank Always One Step Ahead!,5,2025-01-15,Google Play,2025-01-15
Dashen,U can't create account,1,2025-01-15,Google Play,2025-01-15
Dashen,Really super app... so seamless and with a nice user interface .. we are proud of you dashen bank ...,5,2025-01-15,Google Play,2025-01-15
Dashen,We will see it,2,2025-01-15,Google Play,2025-01-15
Dashen,Always one step a head!,5,2025-01-15,Google Play,2025-01-15
Dashen,"A lightweight,catchy and smooth app",5,2025-01-15,Google Play,2025-01-15
Dashen,Very impressive interface with best security feature and user friendly app.,5,2025-01-15,Google Play,2025-01-15
Dashen,It is so far so good it has a unique features than telebirr good job Dashen,5,2025-01-15,Google Play,2025-01-15
Dashen,"Yea , it's a good idea to make it with the bank name, it will help for the bank easily to find the application, and customers can easily downloed and use the product. I wish all the best for Dashen bank initiative.",5,2025-01-15,Google Play,2025-01-15
Dashen,This is My Bank!,5,2025-01-15,Google Play,2025-01-15
Dashen,"Truly, db => AlwaysOneStepAhead !!",5,2025-01-14,Google Play,2025-01-14
Dashen,ALWAYS ONE STEP AHEAD,5,2025-01-14,Google Play,2025-01-14
Dashen,Well developed,5,2025-01-14,Google Play,2025-01-14
Dashen,oh nice!!! i wish it's very nice app,5,2025-01-14,Google Play,2025-01-14
Dashen,Really the app looks like amazing. I can't wait to activate in the morning.,5,2025-01-14,Google Play,2025-01-14
Dashen,Applause 👏 Dashen Bank. One of the best super app inorder to pay easily and securely. One step a head.,5,2025-01-14,Google Play,2025-01-14
Dashen,Wow Dashen Super App 🚀🚀,5,2025-01-14,Google Play,2025-01-14
Dashen,All in One,5,2025-01-14,Google Play,2025-01-14
Dashen,The best Banking app I have ever seen,5,2025-01-14,Google Play,2025-01-14
Dashen,It looks good and simple to use,5,2025-01-14,Google Play,2025-01-14
Dashen,App That makes Difference!,5,2025-01-14,Google Play,2025-01-14
Dashen,Faster and userfriendly,5,2025-01-14,Google Play,2025-01-14
Dashen,"Waw Great and innovated,user friendly, always one step ahead",5,2025-01-13,Google Play,2025-01-13
Dashen,It's Best waww 🙏,5,2025-01-13,Google Play,2025-01-13
Dashen,Always one step ahead,5,2025-01-13,Google Play,2025-01-13
Dashen,"Like Me, I Hope It Works Better Than Before.",5,2025-01-11,Google Play,2025-01-11
