review_id,review_text,sentiment_label,sentiment_score,bank,rating
1,Best mobile banking app in Ethiopian banking industry. Keep up CBE,positive,0.9997265934944153,CBE,5
2,it's very helpful app in any way in and out of the county of Ethiopia good luck,positive,0.9995100498199463,CBE,5
3,good app,positive,0.9998493194580078,CBE,5
4,So bad now and hard to use,negative,0.999805748462677,CBE,5
5,"it is so amazing app. but, it is better to update it to access without any internet fees. just make it to open by free internet service when we open data connection.",positive,0.9496427178382874,CBE,5
6,v.good app,positive,0.9952701926231384,CBE,4
7,very good app,positive,0.9998675584793091,CBE,1
8,Very amazing app indeed. I'm enjoying it,positive,0.9998819828033447,CBE,5
9,Best,positive,0.9997941851615906,CBE,5
10,A great app. It's like carrying a bank in your pocket.,positive,0.9992928504943848,CBE,4
11,More than garrantty bank EBC.,positive,0.9971959590911865,CBE,4
12,really am happy to this app it is Siple to use everything,positive,0.9988697171211243,CBE,5
13,I liked this app. But the User interface is very basic and not attractive at all.,negative,0.9996840953826904,CBE,2
14,"""Why don’t your ATMs support account-to-account transfers like other countries( Kenya, Nigeria , South africa)""",negative,0.9964652061462402,CBE,4
15,what is this app problem???,negative,0.9996225833892822,CBE,1
16,the app is proactive and a good connections.,positive,0.9998679161071777,CBE,5
17,I cannot send to cbebirr app. through this app.,negative,0.9953354001045227,CBE,3
18,good,positive,0.9998161196708679,CBE,4
19,not functional,negative,0.999778687953949,CBE,1
20,"everytime you uninstall the app you have to reach them out physically. very oldy! if that's one of security layer, they'd check for fraud attempt via app source directly(source:- app store, play store ... etc) implicitly ! we are in 2025, physical presence for every app install is traditional(traditionally very rare).",negative,0.9905162453651428,CBE,1
21,አካውንት የምናስገባበት ቦታ ስም ጽፈን ነው ከዚህ በፊት የላክንባቸውን አካዉንቶች የምንፈልገዉ ነገር ግን አዲስ አካውንቶች mr ብለዉ የሚጀምሩ በዝተዋል ግን አፕልኬሽኑ space ስንጽፍ አይቀበልም ቢስተካከል,negative,0.9616847634315491,CBE,4
22,best,positive,0.9997941851615906,CBE,5
23,Best Mobile Banking app ever,positive,0.9997294545173645,CBE,5
24,it was good app but it have some issues like it doesnt give me the right amount that I have in the bank and have some issues in transferring,negative,0.9981192946434021,CBE,2
25,Good,positive,0.9998161196708679,CBE,5
26,👌👍,negative,0.6970565915107727,CBE,5
27,very niec,positive,0.5192620754241943,CBE,5
28,best app of finance,positive,0.9996503591537476,CBE,5
29,yetemeta,positive,0.6553664803504944,CBE,1
30,it is not safety,negative,0.9997867941856384,CBE,1
31,NICE bank,positive,0.9998055100440979,CBE,5
32,it is like a childish app make it better the worst I have ever seen,negative,0.9997958540916443,CBE,1
33,"It's a problem solver application, go ahead CBE, I love so much.",positive,0.9997678399085999,CBE,5
34,It's good but try to make it facilitate for your client,positive,0.9491767883300781,CBE,4
35,best app,positive,0.999686598777771,CBE,5
36,Awesome bank,positive,0.9998461008071899,CBE,5
37,this app has developed in a very good ways but there are some comments I need to make 1- preventing the screenshot likely not good for someone like me coz I need to make screenshot for quicker evidence. 2-it would be good if you make us to access recent transaction histories for 30 days coz we don't have to go to the Bank's in person to see old transactions or add colander category so user can easily access old transactions through colanders.,negative,0.9983141422271729,CBE,5
38,Masha alla,negative,0.9514626860618591,CBE,5
39,"Recently there is big problem when sending to safaricom, telebir, and even to cbebirr wallet could anybody who is responsible fix it, it's very frustrating it's been 5 days and my money hasn't been returned it takes it out of my account but doesn't send it to my mpesa update- they have just corrected it and sent me back the money but still I'm afraid now to send again",negative,0.9991102814674377,CBE,2
40,better service,positive,0.9982219338417053,CBE,5
41,"it,s good app and time manager 👍",positive,0.9998370409011841,CBE,5
42,malkaamuu Jiidhaa Namoo,negative,0.9887813329696655,CBE,5
43,lower system everything,negative,0.9993475079536438,CBE,3
44,Nice!,positive,0.999863862991333,CBE,5
45,Keep it up My CBE,positive,0.9996104836463928,CBE,5
46,yes good,positive,0.9998410940170288,CBE,5
47,"I was using this app for the last two years with no problems. It stopped working about 3 months ago. when I tried to transfer funds it gives me error ""can't do this transaction. inactive account.""",negative,0.9996353387832642,CBE,4
48,i like everything of this app,positive,0.9996908903121948,CBE,5
49,🤬🤬🤬🤬 network 🛜,negative,0.685613214969635,CBE,1
50,CBE is the best financial application and and very dimple to use. I would like to say thank you so much for the developer of application. I really appreciate this app.,positive,0.9982792139053345,CBE,5
51,nice,positive,0.9998552799224854,CBE,5
52,good job,positive,0.999835729598999,CBE,5
53,it's awesome!!,positive,0.999871015548706,CBE,5
54,thankyou every one,positive,0.9998461008071899,CBE,5
55,Ronaldo 🇵🇹 🥇,positive,0.9948286414146423,CBE,5
56,"this app is absolutely fantastic I love it and I enjoying to it ,let us support this foundation together .",positive,0.9998852014541626,CBE,5
57,"The CBE app has been highly unreliable in recent weeks. It frequently fails to work properly on both Ethio Telecom and Safaricom networks, whether using Wi-Fi or mobile data. This week, the system was down entirely for extended periods, making it very difficult to access banking services. The app only functions intermittently, and the lack of consistency is frustrating. I hope the issues are addressed soon, and that any non-technical influences are removed from such essential services.",negative,0.9997394680976868,CBE,2
58,mortuary app,negative,0.7924914956092834,CBE,5
59,it is smart app but it has stoped after some period of time on my device with out any reason .,negative,0.9961044788360596,CBE,5
60,amazing app I am used this app for one year,positive,0.9991408586502075,CBE,4
61,👍,negative,0.6970565915107727,CBE,5
62,i love it 😍😘,positive,0.9998791217803955,CBE,5
63,It makes life easy!👌,positive,0.9993600249290466,CBE,5
64,its not fast,negative,0.9949808716773987,CBE,1
65,wow,positive,0.999592125415802,CBE,4
66,it is sooo good,positive,0.9998735189437866,CBE,5
67,excellent,positive,0.9998434782028198,CBE,5
68,ok,positive,0.9997851252555847,CBE,1
69,Fantastic,positive,0.9998743534088135,CBE,5
70,accessible to using,positive,0.999116837978363,CBE,5
71,I like it,positive,0.9998593330383301,CBE,4
72,why you change default network?,negative,0.9962357878684998,CBE,5
73,very nice 👍,positive,0.9998577833175659,CBE,5
74,nice fast app,positive,0.999833345413208,CBE,5
75,how to I get my money,negative,0.9934091567993164,CBE,5
76,"Very bad, can't even load they need to improve their services.",negative,0.9998165965080261,CBE,1
77,"Very good app, but please make it reliable . it crashes sometimes .",positive,0.9649853706359863,CBE,4
78,very busy I don't know why... I prefer 889,negative,0.9991938471794128,CBE,3
79,"Sometimes it has a nasty lag for several hour fix that , the rest is 👌",negative,0.9966771602630615,CBE,4
80,the most boring Mobil banking application in ethiopia.Please use alternative private banks mobile banking apps,negative,0.9986202716827393,CBE,1
81,hojii bonsaadha,positive,0.9568661451339722,CBE,5
82,user-friendly apps.because this app is easy.,positive,0.955450713634491,CBE,5
83,Awosome!!!,positive,0.6944916844367981,CBE,5
84,"Very good app,",positive,0.9998691082000732,CBE,5
85,sync problem may 22 2025 but the date stack on may 8 2025 help pls,negative,0.992516815662384,CBE,5
86,ይህ መተግበሪያ በጣም ጥሩ ነው. this app is very nice,positive,0.9997020363807678,CBE,5
87,I hate this app 😒,negative,0.9996378421783447,CBE,1
88,trustful,positive,0.9998213648796082,CBE,5
89,I like,positive,0.9998149275779724,CBE,5
90,update issue,positive,0.5473260283470154,CBE,4
91,its not working over safari network,negative,0.9991377592086792,CBE,1
92,oldie,negative,0.6663177013397217,CBE,1
93,it doesn't work,negative,0.9997813105583191,CBE,1
94,"This app is good, and we are using it well",positive,0.999855637550354,CBE,1
95,very nice 👌 app for android phone,positive,0.9994401335716248,CBE,5
96,Yes Yes,positive,0.9997482895851135,CBE,5
97,በጣም ከርፋፋ,negative,0.7850590348243713,CBE,1
98,easy to use helpful in my life,positive,0.9981144666671753,CBE,5
99,good 👍,positive,0.9998576641082764,CBE,4
100,the best mobile banking app,positive,0.9998278617858887,CBE,5
101,"this app is very useful app,it saves time,and it is secure",positive,0.9992597699165344,CBE,4
102,it's a good application 👍,positive,0.9998123049736023,CBE,5
103,the screenshot and the reffresh options are so annoying that makes transaction so delaying activity !,negative,0.9997513890266418,CBE,2
104,poor service,negative,0.9996534585952759,CBE,1
105,amazing,positive,0.999875545501709,CBE,5
106,it is reliable and easy to use.,positive,0.9998389482498169,CBE,5
107,the most annoying mobile banking app I've ever seen,negative,0.9994208812713623,CBE,1
108,Cbe mobile banking,positive,0.8304281234741211,CBE,5
109,"i can't make Screenshout in this app, please made modification",negative,0.9966920614242554,CBE,5
110,Best app I loved it,positive,0.999849796295166,CBE,5
111,nice app,positive,0.9998061060905457,CBE,5
112,Amazing applicatiom sometimes doesnt work!,negative,0.6448812484741211,CBE,5
113,well satisfied with this beautiful app,positive,0.9998588562011719,CBE,5
114,very good,positive,0.9998520612716675,CBE,4
115,best app.,positive,0.999774158000946,CBE,5
116,"not working,why???",negative,0.9995881915092468,CBE,5
117,Great impact but why Developer option turnoff if you fix 🙏 🙏 🙏,negative,0.9841780066490173,CBE,5
118,always disappointing ! especially the iOS one !! some similar local applications are extremely superior to this application!! Really disappointing!,negative,0.9996201992034912,CBE,1
119,woxe harimo ribiso,negative,0.9374371767044067,CBE,5
120,"Good ,easy to use",positive,0.9998592138290405,CBE,5
121,Good app,positive,0.9998493194580078,CBE,5
122,Good job👍,positive,0.9998576641082764,CBE,5
123,"Please kindly ask to update the app and allow us to screenshot, it's convenient and efficient as long as you add security to the access there is no reason to block us from screenshooting our screen.",positive,0.9939066767692566,CBE,2
124,I have using the CBE mobile banking app. and overall i appreciate its Feuteres However i.ve Notticed that when i turn on the Developer options on my divice the App.Stop Functioning prorerly It.Would Be Great If You could look into This issue as l often need to access Developer setting for Otter Application ThankYou For Your attention to This Matter,negative,0.9474120736122131,CBE,4
125,customer service is bad nothing is good about this bank,negative,0.9996613264083862,CBE,1
126,It is Amazing Mobile Banking App....But why the screenshot of the receipt doesnt work,negative,0.992915153503418,CBE,5
127,fast and simple easy to use 👌,positive,0.9984942674636841,CBE,5
128,The fastest transferring app I ever had its so reliable,positive,0.9844427704811096,CBE,5
129,"Funds transferred from the same bank do not reflect in the account, even though a confirmation text message was received.",negative,0.9986681938171387,CBE,3
130,it's easy and fast,positive,0.9995684027671814,CBE,5
131,This app don't have self activation only you have to look near cbe branch that's disgusting,negative,0.9960438013076782,CBE,1
132,hello dearest CBE office personnel make some benefits for those using interest free accounts thanks for your help,positive,0.999572217464447,CBE,5
133,wow best application ever,positive,0.9997984766960144,CBE,5
134,"Am sorry but what does developer mode do to the application ? hack it ? are you sure you are developer or are you stupid, doesnt makes sense,",negative,0.9997019171714783,CBE,1
135,the pride of Ethiopian bank 🏦,positive,0.999118983745575,CBE,5
136,why the app telling me to turn of developer options please fix it.,negative,0.9990994930267334,CBE,1
137,i am very happy . i have small prob. after i transfer i cant put the transfer cashe bil to my dic.,positive,0.9976927042007446,CBE,5
138,amazing apps,positive,0.9998716115951538,CBE,5
139,All service of Mobile Banking,positive,0.8924251198768616,CBE,5
140,needs improvement,negative,0.9966731071472168,CBE,1
141,i miss the old one i couldn't send my mony to other bank..,negative,0.995843231678009,CBE,1
142,the app is recently crushing each time you open and try to make transfers...it used to be good. take lessons from the Dashen Super app or ethiotelecom. it is not befitting of your experience and glory. inv3st in making it more friendly and convenient. I am considering leaving CBE for good.,negative,0.9984410405158997,CBE,2
143,good but these week not oky,negative,0.955415666103363,CBE,4
144,well designed! Fixing bugs & two step verification with biometric... simply it's great!,positive,0.9998049139976501,CBE,5
145,If any developer is reading this please fix the screenshot functionality or at least the download button should work flawlessly without me touching it twenty times.,negative,0.9975224137306213,CBE,1
146,"it's a great job.but one more thing, it hasn't been placed for transfer to other banks on face like mobile charge card place",positive,0.8991119265556335,CBE,5
147,CBE mobilr bankg,positive,0.8703056573867798,CBE,5
148,verygood,positive,0.9988996982574463,CBE,3
149,ممتاز جدا,negative,0.8031745553016663,CBE,5
150,it's very low quality application,negative,0.9996594190597534,CBE,1
151,Very Amazing Apps,positive,0.9998774528503418,CBE,5
152,አዛ,negative,0.6970565915107727,CBE,1
153,wow simple life,positive,0.9997076392173767,CBE,5
154,it's nice,positive,0.9998672008514404,CBE,5
155,Why stacked sometimes,negative,0.9941052198410034,CBE,5
156,okay 👍 but sometimes busy,negative,0.8515542149543762,CBE,1
157,the worst commercial company that fails to do even the most normal things again and and again.,negative,0.9997990727424622,CBE,1
158,Very good app. but disappointed by general cessation of system.,negative,0.9981188178062439,CBE,5
159,Good and fast,positive,0.9998561143875122,CBE,5
160,Unreliable!,negative,0.9997379183769226,CBE,1
161,Best the best fast,positive,0.9998427629470825,CBE,5
162,happy,positive,0.9998753070831299,CBE,5
163,fast and reliable,positive,0.9998595714569092,CBE,5
164,network errorrrrrr,negative,0.9978076815605164,CBE,2
165,Best app but there is some problem I can't send money to telebirr or mpesa so if you can add that it could be use full,negative,0.9982808828353882,CBE,4
166,its good and simple to use,positive,0.9998610019683838,CBE,5
167,worest app like that bank for security and network access,negative,0.9927296042442322,CBE,1
168,it's the best app i,positive,0.999834418296814,CBE,5
169,not bad not good,negative,0.9715350866317749,CBE,1
170,its very nice,positive,0.9998526573181152,CBE,5
171,do not work this week,negative,0.9977602958679199,CBE,3
172,It crashes frequently,negative,0.9993256330490112,CBE,4
173,the best,positive,0.9998332262039185,CBE,5
174,"I can simply describe this app as ""Making all your work easier"".",positive,0.8382593393325806,CBE,5
175,goid,negative,0.7086994647979736,CBE,5
176,best appearance,positive,0.9996986389160156,CBE,5
177,it's very good 👍 app,positive,0.999859094619751,CBE,5
178,I need support you,negative,0.9881443977355957,CBE,5
179,the worst Mobile banking i have ever seen in my life,negative,0.9997807145118713,CBE,1
180,super,positive,0.998783528804779,CBE,5
181,ጠጀጨገጀ።ጀገ,negative,0.8337252736091614,CBE,5
182,i like the app,positive,0.9994398951530457,CBE,5
183,the Best,positive,0.9998332262039185,CBE,1
184,to other bank is bad,negative,0.9997149109840393,CBE,1
185,tank's,negative,0.9855976700782776,CBE,5
186,its good but add more features such like. bank statement showing,positive,0.9881665110588074,CBE,5
187,it is so nice,positive,0.9998714923858643,CBE,5
188,Very Good👍,positive,0.8243637084960938,CBE,5
189,"my first frequent experience of cbe app is critical-time failure such as suspending payment on air for 2-5 days with zero explanation, deducting from sender account without depositing to the receiver act. Another fatal error by the banking company as a whole (not the app itself though) is forced-banking with corporations without consent of employers-users of the corresponding corporations",negative,0.9995972514152527,CBE,2
190,"wow, amazing app",positive,0.9998503923416138,CBE,5
191,use ful,negative,0.9949980974197388,CBE,5
192,Great app,positive,0.999821126461029,CBE,5
193,well app,positive,0.9993765950202942,CBE,5
194,Actually it is inactive,negative,0.9996483325958252,CBE,4
195,"slow, only one account is used",negative,0.9997527003288269,CBE,2
196,always CBE is the leading Commercial Bank💪💪💪,positive,0.9975135326385498,CBE,5
197,i like it,positive,0.9998593330383301,CBE,5
198,why removing screenshot feature why?,negative,0.9981147050857544,CBE,1
199,nice apps where network is good in connection,positive,0.9994925260543823,CBE,5
200,Thank you!!!,positive,0.9998666048049927,CBE,5
201,i can't take screenshot,negative,0.9897894263267517,CBE,1
202,"every update was made the system better and better until the March 19th, 2025 update, not allowing us to screenshot. you guys didn't understand how much it's a really quick and significant thing. You add extra steps to us, which makes the process draw back",negative,0.9861215949058533,CBE,3
203,perfectly special,positive,0.999879002571106,CBE,5
204,Fast and Reliable,positive,0.9998595714569092,CBE,5
205,The best application I have ever seen in Ethiopia banking industry.,positive,0.9997448325157166,CBE,5
206,great app!!!,positive,0.9998501539230347,CBE,5
207,because sometimes it doesn't working it load too much,negative,0.9911932349205017,CBE,3
208,"Absolutely the best app! It works flawlessly, anytime and anywhere.",positive,0.9998784065246582,CBE,5
209,very nice app ever!!!,positive,0.999826967716217,CBE,5
210,the best app,positive,0.9998469352722168,CBE,5
211,Biometric security for mobile banking is not available,negative,0.9996340274810791,CBE,5
212,great,positive,0.9998630285263062,CBE,5
213,Nice service,positive,0.9998397827148438,CBE,5
214,great app,positive,0.999821126461029,CBE,5
215,it's special apps,positive,0.9995416402816772,CBE,5
216,"In the updated version of the app, it takes more time to download the receipt.",negative,0.9985652565956116,CBE,3
217,ለምንድነው ትራንዛክሽን ትንሽ ብቻ የሚያሳየው ?,negative,0.9647620320320129,CBE,3
218,Good 🔥,positive,0.9998576641082764,CBE,5
219,very interesting app i am using every day fantastic,positive,0.9998443126678467,CBE,5
220,lebaa bank,negative,0.9437296390533447,CBE,5
221,Can't scan/recognize other banks' Interoperable QR Codes,negative,0.9983273148536682,CBE,1
222,OK,positive,0.9997851252555847,CBE,5
223,grateful app,positive,0.9998038411140442,CBE,5
224,100% ❤️❤️❤️🙏🙏🙏🙏🙏🙏🙏🙏🙏🙏🙏🙏🙏🙏🙏🙏,positive,0.9974650144577026,CBE,5
225,everthing wellbeok,negative,0.7055779695510864,CBE,3
226,"""This mobile banking app is fast and user-friendly, but the only issue I encountered is that I can't access my bank statement within the app. I kindly request that this feature be added, similar to what is offered by other private bank mobile banking apps.",negative,0.9963226318359375,CBE,4
227,nice app 👌,positive,0.9996724128723145,CBE,5
228,why did this app is not screenshot,negative,0.9989493489265442,CBE,5
229,it so good app,positive,0.999868631362915,CBE,5
230,جميل,positive,0.9271727204322815,CBE,5
231,"less network, specially to make fee for utility purpose",negative,0.994688868522644,CBE,1
232,simply for used,negative,0.9918004870414734,CBE,4
233,wow keep up,positive,0.9998539686203003,CBE,5
234,its great app but when updating we can't take screen shot please try to fix it,negative,0.9934490323066711,CBE,3
235,good one,positive,0.9998288154602051,CBE,5
236,everything is easy thank you cebe,positive,0.9998396635055542,CBE,5
237,ፈጣን ቀልጣፋ,negative,0.7850590348243713,CBE,5
238,ጎበዝ,negative,0.6970565915107727,CBE,5
239,but this app says can't sync,negative,0.9988365769386292,CBE,5
240,waw,negative,0.7346178889274597,CBE,5
241,to slow,negative,0.9994872808456421,CBE,3
242,work on screen shot system,negative,0.5902671217918396,CBE,4
243,very very nice aplication,positive,0.9998292922973633,CBE,1
244,wonder full and it is easy to use,positive,0.9996142387390137,CBE,5
245,easy and reliable,positive,0.9998584985733032,CBE,2
246,it is Very Useful app 👍,positive,0.994536280632019,CBE,5
247,perfect app,positive,0.9998340606689453,CBE,5
248,I like it.,positive,0.9998694658279419,CBE,5
249,bugs,negative,0.9988303780555725,CBE,3
250,commerial Bank,negative,0.6810258030891418,CBE,5
251,Genat biru,negative,0.966159999370575,CBE,2
252,🙏,negative,0.6970565915107727,CBE,5
253,it is good but it doesn't allow screen shot,positive,0.6723125576972961,CBE,4
254,the best one,positive,0.9998371601104736,CBE,5
255,You need to copy many things from other bank apps like Amole(Dashen),negative,0.9967620372772217,CBE,2
256,bring back the screenshot feature.,positive,0.9942916631698608,CBE,1
257,Good!👍,positive,0.9998579025268555,CBE,3
258,best app to experience him that to smooth transaction among the customers,positive,0.9985142350196838,CBE,1
259,nice app suitable to use it. the only weak side is it need data connections and hoping will be fixed to offline i gave 4 rate,negative,0.9551454782485962,CBE,4
260,easy to use,positive,0.9988542795181274,CBE,5
261,"Good job to the CBE team on this mobile app! It's designed in a way that's simple and intuitive to navigate, which is great for everyone. It effectively handles the essential banking tasks I need to perform regularly. It's a practical and reliable tool that makes everyday banking much more convenient. Thank you for this useful application.",positive,0.9998189806938171,CBE,5
262,ለኔ በጣም ምርጥ ነው ግን screenshot ማረግ ቢቻል ምርጥ ነበር,negative,0.881923258304596,CBE,5
263,before it was smooth and good. this time after the new update in 2025 i can not make screenshot of my recite. even the downlod button is very delayed in putting my recite in my gallery for simple proof. please fix this i am unable to show proof of payment to my clients. thankyou.,negative,0.9973511695861816,CBE,3
264,cool ❤,positive,0.9997991919517517,CBE,4
265,Best app,positive,0.999686598777771,CBE,5
266,best banking App,positive,0.999736487865448,CBE,4
267,satisfied,positive,0.9997212290763855,CBE,5
268,this app is very necessary app many people found it,positive,0.9980692267417908,CBE,5
269,cbe very active Bank I'm using CBE app very very satisfaction,positive,0.989459753036499,CBE,5
270,It made life alot easier. I cant even imagine having to make all those transactions in person. So this app was crucial for me. Very good app. well done.,positive,0.9997400641441345,CBE,5
271,perfect,positive,0.9998517036437988,CBE,5
272,thankyou,positive,0.9998428821563721,CBE,5
273,I Like it,positive,0.9998593330383301,CBE,5
274,"I don't understand the reason, why I need to disable developer options to access the app, it has no security risks nor does it hinder the app's functionalities. This goes out to the dev, I hope your life is filled with inconveniences.",negative,0.9986600875854492,CBE,1
275,smart app,positive,0.999789297580719,CBE,5
276,isin ga'a,positive,0.7607281804084778,CBE,2
277,it's great,positive,0.9998691082000732,CBE,5
278,very good app and stars faction with work,positive,0.9998588562011719,CBE,5
279,It is excelent,positive,0.9998881816864014,CBE,5
280,Smart,positive,0.9998456239700317,CBE,5
281,በየወሩ አፕደት እየጠየቀኝ ነው ለነገሩ ብር ስሌለኝ ይሆናል እና ምን ለማለት ፈልገ መሰላቹ ወላህ ቼግሮኛል 🥺🥺🥺,negative,0.9570208191871643,CBE,3
282,very interesting app,positive,0.9997968077659607,CBE,5
283,wow.......cbe.....keep it up.....!!!!!!,positive,0.9985969662666321,CBE,5
284,ጊዜን ቆጣቢ እና ህይወትን ቀለል ከሚያደርጉ ኢትዬጲያ ካሉ ፋይናንስ አፕልኬሽኖች ሁሉ ይሄ ይለያል,negative,0.9510265588760376,CBE,5
285,Excellent🙏app,negative,0.6970565915107727,CBE,5
286,the most useful,positive,0.9997223019599915,CBE,5
287,I am more satisfied in this app . More sure you have to secure.,positive,0.9787841439247131,CBE,4
288,Easy to use,positive,0.9988542795181274,CBE,5
289,"very good, but sometimes NUR CBE comes without my consent. even if I choose locked, it appears",negative,0.9585953950881958,CBE,4
290,Excellent !!!,positive,0.9998651742935181,CBE,5
291,always we relay on,positive,0.9971832633018494,CBE,5
292,I'm lucky to have this🙏 thank you CBE.,positive,0.9997507929801941,CBE,5
293,it's need more improvement like Tellbirr.,negative,0.999363124370575,CBE,4
294,goode app,positive,0.9997406601905823,CBE,5
295,a very nice app.👍👍👍,positive,0.9998323917388916,CBE,5
296,safe easy & fast,positive,0.9997115731239319,CBE,5
297,it's good app,positive,0.9998689889907837,CBE,5
298,It is veary useful app but screen shout was impossible .solve this problem,negative,0.9958590865135193,CBE,5
299,ጥሩ ነው,negative,0.7850590348243713,CBE,5
300,እጅግ በጣም ጥሩ አፕ,negative,0.8616330027580261,CBE,5
301,በጣም ሃሪፍ ነው ግን ብር በሚተላለፍበት ወቅት ተቀንሷል ይላል እላፊ መልክቱ ይደርሳል ግን አይቀንስም,negative,0.9528433680534363,CBE,5
302,suitable app,positive,0.9997665286064148,CBE,4
303,Dear cbe this app is not comparable with 21century and pls try to solve it.💀💀💀,negative,0.9995038509368896,CBE,1
304,best transaction method of financial,positive,0.9995972514152527,CBE,5
305,#CBE is Now going to on the right Pathway/track/!! Thank you CBE one step ahead on payment platform app!!,positive,0.9995881915092468,CBE,5
306,It literarily don't work at all,negative,0.9995075464248657,CBE,4
307,good give us plus,positive,0.9998716115951538,CBE,5
308,"Very good application. However, I have one functionality recommendation. What if you let the app transfer money to any telebirr account as for MPESA? By the way, I am not the only one to ask this. Thank you!",positive,0.9895473718643188,CBE,4
309,before update it was able to screenshot while after update I can't able to screenshot the transfere details,negative,0.9852171540260315,CBE,4
310,Tnc Cbe,positive,0.9070308804512024,CBE,5
311,it is good app. But you have integrate cbe with cbe birr. to allow cardless withdrawal directly from our accout!,negative,0.9151973128318787,CBE,4
312,great apps,positive,0.9998534917831421,CBE,5
313,Excellent,positive,0.9998434782028198,CBE,5
314,Great app!,positive,0.9998462200164795,CBE,4
315,CBE,positive,0.9966009855270386,CBE,5
316,very good 👍 👏,positive,0.9998593330383301,CBE,5
317,great when it works,positive,0.9998693466186523,CBE,5
318,"the app is very good, but why screenshots is impossible?",negative,0.981265127658844,CBE,5
319,excellent match application,positive,0.9998453855514526,CBE,5
320,The Best app😍😍😍,positive,0.9998503923416138,CBE,5
321,excellent app,positive,0.9998356103897095,CBE,5
322,easy to use and user friendly,positive,0.9979179501533508,CBE,5
323,very nice,positive,0.9998563528060913,CBE,5
324,አሪፍ ነው በተለይ የአሻራ ደህነቱ መረጋገጡ ተመችቶኛል,negative,0.9200406670570374,CBE,3
325,well software,positive,0.999262273311615,CBE,5
326,ጥሩ ነው አንዳንዴ ስታክ ቢያደርግም,negative,0.8832131028175354,CBE,4
327,CBE very good apps,positive,0.9998394250869751,CBE,5
328,"This application fast, secure and more convenient. Thanks CBE",positive,0.9992094039916992,CBE,5
329,excellent service,positive,0.9998576641082764,CBE,5
330,it's best,positive,0.999842643737793,CBE,5
331,Why didn't you display cash transactions and bank statement in the mobile banking app?,negative,0.9976195693016052,CBE,4
332,Amazing app,positive,0.9998670816421509,CBE,5
333,our legitimate bank,positive,0.9954161643981934,CBE,4
334,Ever and never seen this kind of app I proud my CBE,positive,0.9952196478843689,CBE,5
335,very good and safe for me!,positive,0.9998769760131836,CBE,5
336,it is best bank,positive,0.9997767806053162,CBE,5
337,"very good, but sometimes....",positive,0.9997310042381287,CBE,4
338,ከአንድ መስሪያ ቤት ወይም ድርጅት ወይም ግለሰብ በርከት ላለ ሰው ሲላክ የላኪውን መስሪያ ቤት ወይም ድርጅት ወይም ግለሰብ እንዲያሳይ አታደርጉም ? ግለሰብ ለግለሰብ ወይም ለድርጅት ሲከፍል ያሳያል ።,negative,0.972727358341217,CBE,5
339,Why not allowed to pay for fuel?,negative,0.9974955916404724,CBE,4
340,Really! this app is more simple to use at any time in every where also it's transaction quality between the users within the transaction receipt as abank that means this app is our bank on hand in mobile frankly I proud on this bank digital. I have no word to wrote ...... but it's have weakness on poor connection.,negative,0.9962796568870544,CBE,5
341,ቆንጆ ነው,negative,0.7850590348243713,CBE,5
342,Great version,positive,0.9998726844787598,CBE,5
343,Good and easy to use,positive,0.9998656511306763,CBE,5
344,nice app and fast money transfer,positive,0.9994321465492249,CBE,5
345,Really automated...,positive,0.8894475102424622,CBE,5
346,good App,positive,0.9998493194580078,CBE,5
347,bek betam kelal,positive,0.9325478076934814,CBE,5
348,ምርጥ አፕ ነው ተመችቶኛል❤❤,negative,0.8616330027580261,CBE,3
349,Recently app keeps closing and the notification after says this app has a bug. Can you make an update please,negative,0.9968405961990356,CBE,4
350,"very good, keep it up",positive,0.9998643398284912,CBE,5
351,there is some issue the process it delay,negative,0.9957571625709534,CBE,3
352,what an amazing application in Ethiopian Banking industry which is very interested one!,positive,0.9997572302818298,CBE,5
353,interesting,positive,0.9998446702957153,CBE,3
354,simple&fast!!!,positive,0.9997504353523254,CBE,5
355,it is very good app,positive,0.9998699426651001,CBE,5
356,It is very excellent anddynamic plus user friend all in one bank apps of the era. I loved it.,positive,0.999854326248169,CBE,5
357,Very God thanks,positive,0.9993305206298828,CBE,5
358,The sum is good.,positive,0.9998589754104614,CBE,3
359,best of bests,positive,0.99969482421875,CBE,5
360,am happy thank you CBE🫡,positive,0.9998605251312256,CBE,5
361,it's very nice 👍.,positive,0.9998632669448853,CBE,5
362,"The history sometimes misses transactions, tranfer to cbe birr debited but not really transferred, We need to really cop up with the world for real. The hacks and security problems, invest on and solve them.",negative,0.9945583343505859,CBE,3
363,Very good,positive,0.9998520612716675,CBE,5
364,halan garidhaa cbe,positive,0.9760899543762207,CBE,5
365,best apps for useing,positive,0.9989523887634277,CBE,5
366,like it,positive,0.9997184872627258,CBE,5
367,Good apps ...But fix the screenshot its not easy like before ......,negative,0.9470352530479431,CBE,5
368,l love it,positive,0.9998722076416016,CBE,5
369,"I am not exaggerating when I say that this application is one of the biggest players in the banking industry. It has simplified a lot of things for the user, even if the bank is in his pocket. But my opinion is (1), when we transfer money, there is a word limit on the (Note) at the end. Why can't we write our reason briefly? I don't understand why it is limited. On the other hand, there is no limit on the bank. Could you explain this? (2), when we pay for water, why is the code not mentioned",negative,0.9912715554237366,CBE,5
370,in this update why screenshoot is disabled now it's not working,negative,0.9996315240859985,CBE,1
371,"realy I donot seen like this application ! fast ,safe ande confortable",positive,0.9892323017120361,CBE,5
372,Excellent but needed upgrading!,positive,0.9263746738433838,CBE,5
373,goods app!! pleace update this apps??,negative,0.9845630526542664,CBE,4
374,"The latest update prevents taking screenshots, which is really annoying! please allow us to take screenshots! we need it for evidence (particularly, in case of transfer failure!).",negative,0.9977697134017944,CBE,1
375,Fantastic app! I appreciate it very much,positive,0.9998745918273926,CBE,5
376,Convenient app,positive,0.9977468848228455,CBE,5
377,Doesn't work properly. It crashes some many times. commercial bank of Ethiopia not only the application but also sending money to own CBE birr doesn't get your money in your bank account. forcefully you must wait 3-5 days to get your money back to your account. walk up CBE the world is going to decentralized finance.,negative,0.9995678067207336,CBE,1
378,It crashes multiple times everytime you launch it. Fix it. Edit: crash fixed but screenshots has been disabled. I don't know who thought this was a good idea.,negative,0.9995493292808533,CBE,1
379,why why u remove screen shoot😡😡,negative,0.9993287324905396,CBE,2
380,"I fails mid transaction, No screenshot, download don't work, link shared not working bring back the old app this is usless",negative,0.9996533393859863,CBE,1
381,very nice one,positive,0.9998561143875122,CBE,5
382,good application,positive,0.999854564666748,CBE,5
383,problem solver and the best fast app,positive,0.9997761845588684,CBE,5
384,ምርጥ አፕሊከሽን ነው ገንዘብ ለመላክም ሆነ ለማንኛውም ነገር ተመችቶኛል በዚው ቀጥሉበት,negative,0.944585382938385,CBE,5
385,Please bring back the screenshot option. The screenshot download option takes like 15 second appear in gallery and most people don't know about it.,negative,0.995722770690918,CBE,3
386,you must added dark mode options ❗,negative,0.9864996671676636,CBE,3
387,Thank you,positive,0.9998352527618408,CBE,5
388,cbe,positive,0.9966009855270386,CBE,5
389,ممتاز جدا جدا,negative,0.8608055710792542,CBE,5
390,very nice and convenient app,positive,0.9998267292976379,CBE,5
391,there are to many bugs app keeps crashi ng and the update file seems to keep getting worse,negative,0.9997902512550354,CBE,2
392,👍👍👍,negative,0.6970565915107727,CBE,5
393,best financial app.,positive,0.9997761845588684,BOA,5
394,ቆንጆ ነው በርቱ,negative,0.8337252736091614,BOA,5
395,the worst app humans ever created,negative,0.9998008608818054,BOA,1
396,it's not working,negative,0.9997857213020325,BOA,3
397,"Hello, I’m facing a problem with the BOA Mobile app. Every time I enter my phone number and password, the app crashes and shows an error that says “BoaMobile closed because this app has a bug.” I tried updating, reinstalling, and clearing cache, but nothing worked. Please fix this bug in the next update. I really need access to my account. Thank you.",negative,0.9994151592254639,BOA,1
398,exceptional,positive,0.9998514652252197,BOA,5
399,BoA Mobile good bank,positive,0.9984728693962097,BOA,5
400,this is worest app 24/7 loading,negative,0.9934743046760559,BOA,1
401,This App is not interest for Android phone Please update it .,negative,0.9971383810043335,BOA,1
402,BoA system is confartable,negative,0.9980142116546631,BOA,5
403,"this app, for me , is a waste of time. It doesn't work . I can't even long in, and it really piss me off. FIX THE PROBLEM",negative,0.9998049139976501,BOA,1
404,Good service.,positive,0.9998533725738525,BOA,3
405,the app crush frequently,negative,0.998525083065033,BOA,1
406,good,positive,0.9998161196708679,BOA,5
407,You guys keeps getting worst,negative,0.9997075200080872,BOA,1
408,"This app is a joke. It crashes more than it works, takes forever to load, and half the features are just decorative at this point. Can’t log in, can’t transfer money, can’t even check my balance without it bugging out. To the developer: Are you actually trying to make this work, or is this some kind of social experiment to test our patience? Did you build this in your sleep? Because it definitely looks like it. If this is your idea of a functional app, maybe consider a different career path🙏",negative,0.9990266561508179,BOA,1
409,BoA,negative,0.7410542368888855,BOA,2
410,but not opening on android,negative,0.9952228665351868,BOA,4
411,Worst App ever. Totally unreliable. And it didn't work at all for the last 4 months.,negative,0.9997984766960144,BOA,1
412,amazing,positive,0.999875545501709,BOA,5
413,excellent app,positive,0.9998356103897095,BOA,4
414,excellent,positive,0.9998434782028198,BOA,5
415,ሞላዬ ከበደ,negative,0.7850590348243713,BOA,5
416,"this app does no work on Samsung a51, it just gives a preview of the logo",negative,0.9992283582687378,BOA,1
417,nice,positive,0.9998552799224854,BOA,5
418,"i entered incorrect security question by mistake boa app lock pin forever, why is there no other options? ?? i contacted different branchs more then 4times but they didn't able to solve this issue .",negative,0.9994921684265137,BOA,5
419,Best app,positive,0.999686598777771,BOA,5
420,liking this application good 👍,positive,0.9996829032897949,BOA,5
421,"This app future is good, but there is problems with apps to reset and activate it, which is difficult even to the branch staffs, and it takes too long times to active at the branch plus most of the time high expected failure of activation after process at the counter and OTP sent not work",negative,0.9989790916442871,BOA,1
422,wow,positive,0.999592125415802,BOA,5
423,it's really good 👍,positive,0.9998701810836792,BOA,5
424,Bad app . it stuck when you open and noting WORKS.,negative,0.9995198249816895,BOA,1
425,"the app isn't working after it asked me the password it starts loading, but it doesn't open",negative,0.9997255206108093,BOA,3
426,Best,positive,0.9997941851615906,BOA,2
427,It keeps showing this pop up to turn off developer options even tho it's off! I had to turn on and then off to make it work! This is a horrible experience and needs a fix asap! Plus kinda slow.,negative,0.9996699094772339,BOA,1
428,yideg,negative,0.7675821781158447,BOA,1
429,አይከፍትም እኮ,negative,0.7850590348243713,BOA,1
430,great boa,positive,0.9992689490318298,BOA,5
431,boa of mobile backing,negative,0.980626106262207,BOA,5
432,faster bank of Abissinya,positive,0.9722142815589905,BOA,5
433,i would have given it a lower if it was possible because it crush so much and it take the bank so long to fix the bug,negative,0.9996716976165771,BOA,1
434,it just doesn't work...so frustrating,negative,0.999774158000946,BOA,1
435,like,positive,0.9910564422607422,BOA,5
436,it's not work correctly... you must have update it,negative,0.9998013377189636,BOA,1
437,"the app gets a considerable improvements like language , QR scanner and unlimited transfers survice. but BOA Please do alot on its fastness and convenient when we login and making a transactions.",positive,0.9575353264808655,BOA,5
438,after i typed in my password it says successfully logged out ...and goes back to the first page,negative,0.5856854915618896,BOA,2
439,good but they don't update enough don't add new things,negative,0.9693678617477417,BOA,3
440,very good,positive,0.9998520612716675,BOA,5
441,thank you,positive,0.9998352527618408,BOA,5
442,it doesn't work period z slowest mobile banking ever i would rather use *815#,negative,0.9990907907485962,BOA,1
443,"after activated the application it not allowed to sign , automatically it is turn off In my phone, why ?",negative,0.9973751306533813,BOA,1
444,good application,positive,0.999854564666748,BOA,5
445,this version is not working for me I cannot even buy card. I cannot send money,negative,0.9995684027671814,BOA,1
446,"It can't actively on initialization, it says incorrect OTP getting the exact OTP",negative,0.9996182918548584,BOA,1
447,always problematic hardly works,negative,0.9995555281639099,BOA,1
448,considering the fact the bank is huge this app really bad you could do better,negative,0.9997418522834778,BOA,1
449,best app,positive,0.999686598777771,BOA,5
450,"worst app and Bank ever u be ashamed, scammer",negative,0.9998050332069397,BOA,1
451,great BoA,positive,0.9992689490318298,BOA,5
452,best,positive,0.9997941851615906,BOA,5
453,i have went to the bank so many times because i couldn't make any transaction i can only see my balance nothing else so what is the point of having mobile banking if i can't make any transaction with it please work in that,negative,0.9988333582878113,BOA,1
454,there is no speed,negative,0.9994422793388367,BOA,1
455,"For anyone who wants to download it, just don't!!!",negative,0.9993981122970581,BOA,1
456,wonderful,positive,0.9998772144317627,BOA,5
457,all worck,negative,0.9971314668655396,BOA,5
458,Loved it,positive,0.9998797178268433,BOA,5
459,Wow,positive,0.999592125415802,BOA,1
460,"Edit: New bug, app not letting me type in my otp codes. Shameful Why does this app not allow me to use it while having developer options on? Did y'all consider that I might, perhaps, be an actual developer? Why am I expected to toggle the option on and off just to bank (restarting my phone when I do)? Why is the message labled as somthing that will ""smoothen"" the experience? This is like the most ""security consultant"" thing to implement in an app. Please invest in actual security, not this mess.",negative,0.9985970854759216,BOA,1
461,Improved to be the best,positive,0.9998570680618286,BOA,5
462,"Decent, but there problems sometimes it says error When i transfer money but infact it transferred because of this bug i transferred 2 times instead of 1 and also we can't transfer money to others telebirr acc we only can to our self BOE Dev fix this !!!",negative,0.9974843263626099,BOA,3
463,BoA Greqt Ethiopian bank.,negative,0.8457716703414917,BOA,5
464,"The bug is still there,the app crashes every time i try to log in, especially in old phones like my Galaxy A32",negative,0.9994600415229797,BOA,1
465,Almost better compared to cbe where it is not qualified for,negative,0.9741679430007935,BOA,4
466,what awesome apps. it is very simple to use and more much important apps.,positive,0.9998214840888977,BOA,5
467,Wonderfull app,positive,0.9998815059661865,BOA,5
468,i can't use this app why?,negative,0.9993101358413696,BOA,5
469,Worst mobile banking app I ever experienced I was blaming other apps but comparing with this they're too much better!!!! It clashes it takes much longer time to login while loading in short it's a complete of trash,negative,0.9997013211250305,BOA,1
470,bro the worst app made by human kind!! as a software engineer it make me so sad seeing enterprise as big as BOA make apps like this. it is a disgrace for our country!!,negative,0.9998133778572083,BOA,1
471,AGA B Girja Miss language of admin Afaan oromo & other Itoophiyaa languages,negative,0.9959415793418884,BOA,1
472,Good app,positive,0.9998493194580078,BOA,5
473,"I downloaded the app for the first time while reading other customers reviews and as soon as i installed and opened the app it closes back automatically, what unserious bank, now i uninstalled the app immediately",negative,0.9916398525238037,BOA,1
474,It has good features but sometimes it doesn't work...0,negative,0.9956711530685425,BOA,1
475,Very poor proformance,negative,0.9998043179512024,BOA,1
476,It's not opening. Really frustrating,negative,0.9997020363807678,BOA,1
477,Verry Amazing App from all IB,positive,0.9997394680976868,BOA,5
478,Not working on this days,negative,0.9972773194313049,BOA,1
479,Thank you BoA,positive,0.9998399019241333,BOA,5
480,best banking app in the wworld,positive,0.999572217464447,BOA,5
481,Nice app and it's easy to use,positive,0.999751627445221,BOA,5
482,"please add language in the apps setting(amharic afan oromo, tigniya,and others) sometimes bank to bank transfer is not available through time and even if if it is available not reachable…it is serious issue!",negative,0.9992678761482239,BOA,1
483,This is help full i like ittttt,positive,0.9977995753288269,BOA,5
484,The is not functional at all?,negative,0.9997331500053406,BOA,2
485,Best bank,positive,0.9997438788414001,BOA,5
486,Make it easy and convienient to use and perfect for all to high prefrence and choice.,positive,0.9997236132621765,BOA,3
487,🇪🇹🇪🇹🇪🇹🇪🇹🇪🇹🇪🇹👍👍👍👍👍👍👍,negative,0.6970565915107727,BOA,5
488,I have been using this app for two years.It is amazing.,positive,0.9998595714569092,BOA,5
489,Good 👍,positive,0.9998576641082764,BOA,5
490,Sad experience,negative,0.9990687966346741,BOA,1
491,Always do update and that is annoying,negative,0.9994439482688904,BOA,3
492,"Best app, somehow waiting a few minutes",negative,0.6387038230895996,BOA,5
493,I can't dijitalize my atm in the apollo app on my phone,negative,0.9946038126945496,BOA,1
494,Whenever I try to sign in app close please fixed it out,negative,0.9976609945297241,BOA,2
495,Beter,positive,0.6771944165229797,BOA,5
496,Boa,negative,0.7410542368888855,BOA,4
497,በጣም የሚያስጠላ አፕ በጣም የወረደ ዜሮ ነው የምሰጠው ዘሮ It's not App it's very slow ehhhh. Why don't you upgrade the app???? It's always zero,negative,0.9979276657104492,BOA,1
498,Aadan Axmed Barkhadle,positive,0.6127519011497498,BOA,5
499,😡😡😡🤬🤬🤬,negative,0.6970565915107727,BOA,1
500,Horrible customer service and app crashes Horrible!!,negative,0.9997913241386414,BOA,1
501,I love it,positive,0.9998799562454224,BOA,5
502,It keeps asking me to turn off developer mode even when dev mode is off. Couldn't use it.,negative,0.9985793828964233,BOA,1
503,Good🙏,negative,0.6970565915107727,BOA,5
504,Like to much,positive,0.9997984766960144,BOA,5
505,Thank you,positive,0.9998352527618408,BOA,5
506,Perfect,positive,0.9998517036437988,BOA,5
507,The best of best,positive,0.9998393058776855,BOA,5
508,I was using this app for long time it amazing user friendly UI but the i can't found for get pin button in the app,negative,0.9016599655151367,BOA,3
509,Great 👍,positive,0.9997692704200745,BOA,5
510,Fast and suitable for the customers.,positive,0.9997920393943787,BOA,5
511,Good app and helpful,positive,0.9998565912246704,BOA,5
512,"I will give only one star, because it faced with multiple of problems. 1. The app is not as fast as the other banks App, for e.g like CBE 2. The App asks repeatedly to switch off developer options, even if it is switched off. 3. Bank of Abyssinia's services are interesting, but they ignored the issues on the App service. 4. Most customers gave a complain on the App, but no one accept their complain to fix the issue. 5. Lastly, I will not recommend the App unless the issue has been solved ASAP!!",negative,0.9978498220443726,BOA,1
513,By assessing this you can tell Abyssinia bank has no idea what mobile banking is ?,negative,0.9992759823799133,BOA,1
514,It doesn't work at all.,negative,0.9997771382331848,BOA,2
515,this app is not available,negative,0.9997593760490417,BOA,1
516,Wow what amazing,positive,0.9998555183410645,BOA,5
517,love it,positive,0.9998753070831299,BOA,5
518,በጣም መሻሻል አለበት....... ለ ባንኩ ማይመጥን መተግበርያ ነው ::,negative,0.9733067750930786,BOA,2
519,Lemn embi yilal??,negative,0.9906971454620361,BOA,5
520,Good,positive,0.9998161196708679,BOA,5
521,It's useless app downgraded.,negative,0.9998070597648621,BOA,1
522,Why is not letting me access my account. The whole point of this app is for me to gey access to my account without physically being at the bank. I would give it a zero but a one will suffice to get my point accross.,negative,0.7652340531349182,BOA,1
523,Nice,positive,0.9998552799224854,BOA,5
524,When are you going to get rid of this and have a real app that works? By far the worst mobile banking app.,negative,0.9997933506965637,BOA,1
525,አይሰራም ሼም ነው፤,negative,0.8616330027580261,BOA,1
526,Not that much bad,positive,0.9988158941268921,BOA,3
527,Fine,positive,0.9998335838317871,BOA,5
528,The dirtiest application ever seen...,negative,0.995487630367279,BOA,1
529,Nic ap,positive,0.9873360991477966,BOA,5
530,The forest app ever,positive,0.9840954542160034,BOA,1
531,"I love BoA more than anyone but they are cursed when it comed to mobile banking. Even though this ine is hetter it still s*cks! It will ask me to turn off developer options other wise it won't work! I use CBE, Awash birr, tekebirr, Dashen bank and others but non of them asked me this, why only BoA? Please improve your mobile banking, be competitive!",negative,0.9967040419578552,BOA,1
532,Bank of abissena,positive,0.9480117559432983,BOA,1
533,"Easy and sooo simple to use it, also its easy to stole someones money using the app",negative,0.9888866543769836,BOA,3
534,GOOD,positive,0.9998161196708679,BOA,5
535,The worst banking app ever. Never works!,negative,0.9998007416725159,BOA,1
536,Poorly functioning app,negative,0.999775230884552,BOA,3
537,Very nice,positive,0.9998563528060913,BOA,5
538,Your system is the worst you should do better😡😡😡😡😡😡,negative,0.9998007416725159,BOA,2
539,It has been a while since you guys started giving the mobile app service but still couldn't get it to work. I'm sure you know that it doesn't work already but not sure if you're lazy or incompetent to fix it. You are losing business because of this. Complacency will have consequences.,negative,0.9997615218162537,BOA,1
540,"This is the best app; many features are awesome, but it should work without the need to turn off the developer options. I'm tired of having to constantly switch the developer options off and on. I've been expressing my struggles about this. I have precious settings enabled in the developer options, and to open the App Boa app, I have to turn them off. Please help us, Abyssinia Bank. I hope you can provide an update soon.",positive,0.9543284177780151,BOA,4
541,"I’m giving this app one star because there are no options below that. My experience has been incredibly frustrating due to the extremely long loading times, and the app even closes automatically at times. People choose mobile banking for its convenience, but this app is far too time-consuming, making it the worst I’ve used. I hope improvements are made to enhance the user experience.",negative,0.9997000694274902,BOA,1
542,Very unprofessional and mischievous bank in my opinion. I have had several occasions but recently I used Abyssinia Card to withdraw money and it was deducted from my account but despite reporting several times they said they are processing it but I learned yesterday that since it has been 3 months the bank has decided to include it in their income. How absurd. If you can avoid this bank.,negative,0.9941067695617676,BOA,1
543,It doesn't work on my 2 devices A05 and A34 😡,negative,0.9996792078018188,BOA,1
544,It's better to say I don't use boa rather than pulling your phone out and opening this app,negative,0.9981752634048462,BOA,1
545,My attention is very important because it will be the most difficult time for me,positive,0.9926175475120544,BOA,5
546,"I have a worst experience while using this mobile application through out the year. Most of the time it fails to ""Login"" or automatically closed the app. And also it takes so much loading time (5 minutes +) trying to access the internal services. Sometimes also while transferring within and to other bank also fails. So, BOA please fix your app.",negative,0.9998001456260681,BOA,1
547,I don't know why but your apps start out great then all of a sudden don't work🤷‍♀️,positive,0.806429922580719,BOA,1
548,This application is losing major factions on a daily basis. I can count how many times I have used this app; it is completely useless and disappointing if I am not going to use it in times of need then I don't see the point.,negative,0.9997996687889099,BOA,1
549,exellent digital transaction of money,negative,0.9944479465484619,BOA,5
550,The latest update has stopped android 9 phones not to open this App. Never work properly since i started using it.,negative,0.9997497200965881,BOA,1
551,Great,positive,0.9998630285263062,BOA,5
552,👏👏👏,negative,0.6970565915107727,BOA,5
553,Money,positive,0.9659326076507568,BOA,5
554,It needs more improvment,negative,0.998616099357605,BOA,2
555,Hey Google,positive,0.9950044751167297,BOA,5
556,ab,positive,0.9603192806243896,BOA,3
557,Ademtahir,positive,0.9930111765861511,BOA,5
558,✌️✌️,negative,0.6970565915107727,BOA,5
559,Please this app on my android phone,positive,0.6488659381866455,BOA,3
560,GOAT 🐐 🐐,negative,0.9337347149848938,BOA,5
561,"Your app doesn't match your bank, the app is disaster, super slow. Please learn something from tele birr app.",negative,0.9994460940361023,BOA,1
562,Fast and reliable,positive,0.9998595714569092,BOA,5
563,"The worst app update ever. Why would you include the ""developer option off"" thing here? Why do you care? It is my phone my money, right? That is the reason why I switched to other banks. So either turn it off or everyone will discontinue their business one by one.",negative,0.9998020529747009,BOA,1
564,Very good,positive,0.9998520612716675,BOA,5
565,One of the poorest mobile banking system,negative,0.9997566342353821,BOA,1
566,❤❤❤❤❤❤,negative,0.6970565915107727,BOA,5
567,Oene,positive,0.8278864026069641,BOA,5
568,i find it interesting specially in reciept downloading,positive,0.9981314539909363,BOA,1
569,it good,positive,0.9998427629470825,BOA,5
570,"This app crashes everytime, please fix it",negative,0.9996472597122192,BOA,1
571,አንድ star ራሱ ይበዛበታል። i dont recomend to use this app also the bank,negative,0.9964038133621216,BOA,1
572,I need a support the app is not working,negative,0.9998034834861755,BOA,5
573,Bast bank of ethiopia,positive,0.9978061318397522,BOA,5
574,very slow app. አቢሲኒያን ከሚያክል ባንክ የማይጠበቅ software app. ከቻላችሁ ሙሉ ለሙሉ እንደገና አሰሩት።በጣም ይመራያል ያሳፍራል።ለapp የወጣው ወጭ በሙስና የተበላ ነው የሚመስለው።,negative,0.9990527033805847,BOA,1
575,"thank you for your social services like, vertual banking, non touch ATM, Cadrless and withdrwal with out passbook...",positive,0.9878897070884705,BOA,5
576,The worst App i have never seen like this before,negative,0.999774158000946,BOA,1
577,Wweeeer,negative,0.8910733461380005,BOA,4
578,Infinx,negative,0.904255747795105,BOA,5
579,Great service,positive,0.9998434782028198,BOA,5
580,👍,negative,0.6970565915107727,BOA,5
581,This app is not available on all android versions and some times it is not functional.,negative,0.9997187256813049,BOA,1
582,senayt Mesfin,positive,0.887482225894928,BOA,4
583,Bad app vety bad.,negative,0.9998058676719666,BOA,1
584,Abessnya Banke,negative,0.9873653054237366,BOA,5
585,"The most useless app, I never expected such an irrelevant app from BOA. big shame!",negative,0.9997209906578064,BOA,1
586,Okay,positive,0.9997709393501282,BOA,5
587,Professional on banking app,positive,0.9616296291351318,BOA,5
588,Has some nice interface but always freezes or slow to load .App developers please fix this issue.,negative,0.993607759475708,BOA,3
589,አይሰራም አስተካክሉት,negative,0.7850590348243713,BOA,5
590,Please try another because this app doesn't feet the need of this generation,negative,0.9962698221206665,BOA,1
591,Fast transfer,positive,0.9989985823631287,BOA,5
592,"What's up I can't log in, what's wrong",negative,0.9989662170410156,BOA,5
593,Amrumehamed,positive,0.6924042105674744,BOA,1
594,"Nice to meet you my proud bank in Ethiopia.. I'm a member of this bank, i need to solve my problem of international receiving money for me from my online digital working service's over the world please? I'm working a lot of international money.But i can't get direct in Ethiopia because of don't knowing the legal ways of getting money in Ethiopia please can I get and direct deposit with BoA please 🙏🙏🙏?",positive,0.9683733582496643,BOA,5
595,ደደገነሐ,negative,0.6970565915107727,BOA,5
596,"Terrible Bank Experience It’s unbelievable that with all the modern technology, this bank still struggles with even basic transactions. The app constantly crashes, services are limited, and every time I try to transfer money or load Telebirr, there’s a huge delay. I have to wait 5 days for failed transactions to be refunded! Even USSD is unreliable. They’ve put me in embarrassing situations countless times, and customer care never fixes anything. I’ve switched banks, and you should too!",negative,0.9995194673538208,BOA,1
597,A painfully slow banking app service. Please don't make it your choice!,negative,0.999660849571228,BOA,1
598,Good App,positive,0.9998493194580078,BOA,4
599,Best app to me,positive,0.9978218078613281,BOA,5
600,BOA,negative,0.7410542368888855,BOA,5
601,Abdulkadir,positive,0.981449544429779,BOA,5
602,Bad,negative,0.999782383441925,BOA,1
603,If it is possible I would gove0 star,negative,0.9928192496299744,BOA,1
604,Nise mobile bankig,negative,0.9858755469322205,BOA,4
605,Overall good app but performance needs some improvement also sometimes when using instant other bank transfers it refuses causing to be repeated several times to transfer,negative,0.9532790780067444,BOA,4
606,Ok,positive,0.9997851252555847,BOA,5
607,Just make it work please🤣 this is embarrassing for a bank of your size,negative,0.9992843270301819,BOA,1
608,Update to the simplest way it requires the developer option on and off why this is,negative,0.998016357421875,BOA,5
609,"Stop telling me what to do with my phone, BOA. Why does your newly updated app keep asking me to disable the developer options? I’m not slowing down my phone just to use your God damn app. 🤮🤮🤮🤮",negative,0.9964292645454407,BOA,1
610,I'm living out of country how may I download and use mobile banking? It asks me the Ethiopia phone number and I can't receive text to confirm because I'm out side the country. So please lete know if I can use while I'm outside the country. Thanks,negative,0.6597372889518738,BOA,1
611,Worest app,negative,0.7789772152900696,BOA,1
612,The worest app ever,positive,0.9535900950431824,BOA,1
613,አሪፍ ነው በርቱልን,negative,0.8337252736091614,BOA,5
614,Wwwerrr,negative,0.8502515554428101,BOA,5
615,ጀማል ውቀቱ,negative,0.7850590348243713,BOA,5
616,Great For Financial company,positive,0.9998703002929688,BOA,5
617,Very easy to use,positive,0.9991422891616821,BOA,5
618,The App's crash always.. Error.....,negative,0.9996880292892456,BOA,3
619,This app is incredibly frustrating to use. It’s filled with issues that make it difficult to navigate and complete tasks efficiently. I’ve never encountered such a poorly designed banking application before. It needs significant improvements to enhance user experience. It deserves a vey low rating.,negative,0.998582124710083,BOA,1
620,Great UI and seamless UX. I love it!!,positive,0.9998557567596436,BOA,5
621,That's too good application but try to add more alternatives and futures or possibilitys for your customers,negative,0.9941336512565613,BOA,3
622,It's easy used to operate program and secured 👍👍,negative,0.9652978181838989,BOA,4
623,I bought a mobile card on this app but I didn't receive it and it took my money and I didn't get my money back.,negative,0.9994741082191467,BOA,1
624,Amazing,positive,0.999875545501709,BOA,5
625,Great app with great services,positive,0.9998226761817932,BOA,5
626,Yes active user,positive,0.9983929991722107,BOA,5
627,Shameful,negative,0.998016357421875,BOA,1
628,The worest app ever made i would not recommende for no one,negative,0.5611275434494019,BOA,1
629,Good application,positive,0.999854564666748,BOA,5
630,I like,positive,0.9998149275779724,BOA,5
631,"How many hours should I wait after transferring money to telebirr, please do something about the transfer delay issue I need my money when ever.",negative,0.9988893866539001,BOA,1
632,"BOA is unreasonably holding and delaying transactions for more than a day, even transactions within the same bank itself. This is a huge gap that I observed in BOA mobile banking. I didn't experience this kind of challenge while having transactions in other banks' mobile banking platforms. After waiting so long, I called your customer support team and the response they gave me was ""it was the system that holds the transaction & will be released on working days"". This is not totally fair.",negative,0.9993953704833984,BOA,1
633,የእርስዎን ተሞክሮ ይግለጹ (አማራጭ),negative,0.8698039650917053,BOA,5
634,It's not working. It needs a big update. Can't you update the app quickly?,negative,0.9997778534889221,BOA,1
635,"I am Aimohon Joel , It's can be Good for a Better Conversation in Time 🙂",negative,0.9925205707550049,BOA,3
636,"Better app than most mobile apps, but why do I have to turn off developer option every time I wanna use the app?? It's annoying.",negative,0.9993253946304321,BOA,1
637,Bes and freindly app,negative,0.9136511087417603,BOA,5
638,It doesn't work.,negative,0.9997761845588684,BOA,1
639,"It say ""The request was not successful. please check device connectivity or try again"" why? One of the bank manager told me it is because of my phone's android version which is 9.1 It is ridiculous! Disappointing",negative,0.9997968077659607,BOA,1
640,How to download or screenshot of payment receipt...what kinda worst app ever 🤮🤮🤢,negative,0.9998114705085754,BOA,1
641,Smart technology,positive,0.9998468160629272,BOA,5
642,Yegema app tish🪨,negative,0.9501880407333374,BOA,1
643,"This is not an appropriate app, i don't know how boa develops this app, i don't expect this much crazy and un confortable app form BOA, I'm soory!!!",negative,0.9996864795684814,BOA,1
644,"Shockingly bad! Even when it decides to work, it's painfully slow and frustrating. Such a shame that it has become a stain on an extraordinary bank",negative,0.9997275471687317,BOA,1
645,"It crashes frequently. It launches on Android 8.1 but I don't think it actually works on versions less than 10. If so, it shouldn't be available for download by such devices to begin with, like many other finance apps are not. It was so much better three months ago, upgrades should be for the better.",negative,0.999210000038147,BOA,1
646,Awesome application. But lately its crashing everytime i opened it.,negative,0.9127689599990845,BOA,4
647,እጅም በጣም ደካማ አፕ ነው ሲፈልግ ይከፍታል ሲፈልግ አይከፍትም ከአዋሽ እና ንግድ ባንክ የመሳሰሉ ባንኮች ሲወዳደር ሞባይል ባንኪንግ App እጅግ የሚያበሳጭ ነው ለውጥ ያስፈልጋችኋል,negative,0.9639249444007874,BOA,1
648,Fast one,positive,0.9994491934776306,BOA,3
649,Nice looking app but a terrible user experience.,negative,0.9958102703094482,BOA,1
650,The worest MB app ever!!🙄,negative,0.8734644651412964,BOA,1
651,It is ok,positive,0.9998496770858765,BOA,5
652,Plz fix the Apps ....screenshot lovation hide from glarey share botten not work😔😔,negative,0.9987314343452454,BOA,1
653,Apollo's,positive,0.9974138736724854,BOA,1
654,The worst experience ever,negative,0.999792754650116,BOA,1
655,Hussenaliumar,negative,0.6654537916183472,BOA,5
656,Hi I have problem with this App BOA mobile I don't know what is wrong with this App I did many times download but it's sam doesn't work if sam like that this app way I have to be customer with them how I know my account and checking save The book is no Not enough alone,negative,0.999367892742157,BOA,1
657,It is not work for my device,negative,0.9997636675834656,BOA,5
658,"I'm Sick and tiered of enabling and disabling Developer Option Everytime I use this app. maybe you know it maybe you dont, fix it please it's anoying",negative,0.9990233182907104,BOA,1
659,The worst app ever,negative,0.9997934699058533,BOA,1
660,Betanya Gebre,positive,0.8911886215209961,BOA,3
661,I dont recommand it to any one,negative,0.9855504035949707,BOA,1
662,Excellent app,positive,0.9998356103897095,BOA,5
663,"The application used to work well. But after updates I'm not able to use the forgot password feature, which is blocking me from accessing it as a whole.",negative,0.9988825917243958,BOA,1
664,ትርሃስ,negative,0.6970565915107727,BOA,5
665,Gio,positive,0.9969680905342102,BOA,4
666,App isn't working,negative,0.9995692372322083,BOA,1
667,so far good but always it lugs,negative,0.982947051525116,BOA,3
668,Don't trust this bank and its service.,negative,0.9996311664581299,BOA,1
669,"I can not open and use the application,please help me!",negative,0.9995014667510986,BOA,5
670,Horrible,negative,0.9997841715812683,BOA,1
671,Mostly not working 😑,negative,0.9995824694633484,BOA,1
672,Awesome 👌,positive,0.9998607635498047,BOA,5
673,"Despite the enhanced technology you have, the application doesn't work properly, and it asks for the developer option to be turned off, fix that.",negative,0.9997915625572205,BOA,3
674,Very poor app b/c highly slow to open the app,negative,0.9998080134391785,BOA,1
675,Wedi Tekle .,negative,0.8421270847320557,BOA,5
676,Bad app📱👎👎👎,negative,0.9997676014900208,BOA,1
677,Dura nan fayyadaman ture amma garuu naaf hojjechaa hin jiru maaf?,negative,0.9956488013267517,BOA,5
678,Nice appp,positive,0.9997910857200623,BOA,5
679,ሰላም አቢሲኒያዎች የሞባይል ባንኪንጋችሁ ተጠቃሚ ነኝ አገልግሎቱን ስላስጀመራችሁለን እናመሰግናለን። ነገር ግን አለፎ አልፎ የነበረው የማስፈንጠሪያው በአግባቡ አለመስራት አልፎ አልፎ ወደመስራት ተቀይሯል ድሮ እንደነበራችሁ እናውቃለን ዘንድሮም ብትኖሩልን እንመርጣለን *ከዘመን አንጉደል*,negative,0.952187716960907,BOA,3
680,Gooood app my dear,negative,0.9005938172340393,BOA,5
681,Harun tamam galanaa,negative,0.9410594701766968,BOA,3
682,"A total disaster of an app. Always offline, never works, it's embarassing. I've lost hope and taken my business to a competitor",negative,0.9998038411140442,BOA,1
683,Gamebela,positive,0.8994184732437134,BOA,1
684,so poor app to use can't start up when open the app,negative,0.9997444748878479,BOA,1
685,"This app takes too long time to be opened. And even it is not working simply as other banks application. Why this app does not give a digital invoice. Even, I am not able to find where the screeshot is kept after transaction. So, please the developer should fix all these.",negative,0.9987001419067383,BOA,1
686,Good job,positive,0.999835729598999,BOA,5
687,"Worst app ever, not user friendly, even doesn't serve basic functionality correctly, takes to much time to login and navigate through the app, we expected more from this bank",negative,0.9998094439506531,BOA,1
688,Bad app .,negative,0.9997915625572205,BOA,1
689,"I mean how could a big financial company like this, be this much irresponsible to release this app? You should be ashamed!",negative,0.9994394183158875,BOA,1
690,Review,positive,0.9946893453598022,BOA,5
691,Goood,negative,0.9943867921829224,BOA,4
692,👎👎👎👎👎👎👎👎👎,negative,0.6970565915107727,BOA,1
693,Is it necessary to switch off developer options every time to use mobile banking?🤔🤔😡😡😡,negative,0.99793541431427,BOA,1
694,The previous version is better it doesn't work,negative,0.9997755885124207,BOA,1
695,"I don't know what is wrong with BOA as a bank in general. It's been going backwards since last year or so. The app is a disaster to use in every possible way. Not stable to log in and very slow to perform transactions, couldn't take a screenshot (or can't even find the pictures even using its save screenshot option). Most of the time, it fails to perform transactions and so on. Simply, it's the worst!",negative,0.9998201727867126,BOA,1
696,ok,positive,0.9997851252555847,BOA,5
697,"Take some note from CBE mobile banking app, it's the best banking app currently take some note and improve ur app . Sometimes u have to learn from the bests 🙌",positive,0.9958856701850891,BOA,1
698,It's a useless app,negative,0.9998058676719666,BOA,1
699,"It's not working as it was , so much need to improve, it was the best but not anymore",negative,0.9968530535697937,BOA,2
700,Poor network,negative,0.9997891783714294,BOA,1
701,Not yet completely working this App. i don't know when is it will be working properly! Its Sad!!!,negative,0.9993754029273987,BOA,1
702,The app does not open sometimes it says coonection issue which i dont have and after it opens it has bugs while using its not smooth to work with please improve it,negative,0.9953023195266724,BOA,1
703,"It's not working totally, what a useless app is it,",negative,0.9998171925544739,BOA,1
704,"This app has become the most troubling every day. It doesn't work. I love the bank, and I hate the app",negative,0.9989368319511414,BOA,1
705,this is so disappointing app 😞,negative,0.9998024106025696,BOA,1
706,አቢስኒያ የሁሉም ምርጫ,negative,0.8337252736091614,BOA,5
707,Nays,negative,0.9894010424613953,BOA,5
708,The worst app,negative,0.9997969269752502,BOA,1
709,it can't even open and only display error messages,negative,0.9993472695350647,BOA,1
710,not active,negative,0.999765932559967,BOA,1
711,To get good quality,positive,0.9998683929443359,BOA,5
712,አይሰራም እኮ ምንድን ነው ችግሩ?,negative,0.9647620320320129,BOA,1
713,uselss app dont download,negative,0.9977203011512756,BOA,1
714,"Is this app fake i try it not working it say please try again later, unable to make transactions what is the purpose of this app . If it is not working delete it",negative,0.9997162222862244,BOA,1
715,"This app didn't work. They have a new version (new app) but still not compatible with my Samsung S8+ , which is v.funny.",negative,0.9991223216056824,BOA,1
716,Corrupted and poor app,negative,0.9997439980506897,BOA,1
717,When I try to use the application it says 'developer setting should be off' where is the setting to off this play Still doesn't work for me,negative,0.9998012185096741,BOA,3
718,FIX YOUR Apollo!! You guys where the best 👌,positive,0.9994503855705261,BOA,1
719,Always slow and doesn't work on weekends if you are in a rush or a merchant this app is not for you,negative,0.9994396567344666,BOA,1
720,"It's very difficult to use the user, app,ones dawenload the user can't operate well , no one can help me,",negative,0.9997815489768982,BOA,1
721,Poor application. It turned off by itself,negative,0.9997444748878479,BOA,1
722,Allowed,positive,0.9978752136230469,BOA,5
723,It usually crashes and the reason it gives is a problem on internet connection although the internet was fine.,negative,0.9991043210029602,BOA,1
724,we want international mobile banking,positive,0.958784818649292,BOA,1
725,"screenshot isn't working, Please modify it",negative,0.9996084570884705,BOA,2
726,Naziriet measho 89160437,negative,0.9862651228904724,BOA,1
727,Ahmed Mohammed husen,positive,0.9124148488044739,BOA,3
728,Is not working both this one and apollo did u make it better pls am gonne stop using this bank because of the mobile banking,negative,0.9996222257614136,BOA,1
729,I have experiance,negative,0.8070297837257385,BOA,5
730,The App is not working on Android 9.1 at all. It shows an error notification and forcefully closes the app. Must be fixed ASAP.,negative,0.9997739195823669,BOA,1
731,Crashes very frequently is not stable overall need improvement such a huge bank needs a better app than the current one,negative,0.999760091304779,BOA,1
732,ርይርፍ,negative,0.6970565915107727,BOA,3
733,The previous application is much better than this one,positive,0.9991149306297302,BOA,1
734,"Worst app. It is wise to invest money and you can make it like CBE app. Even the incon has no image. My app has better UI than yours. So, please invest more and hire professional developer companies and improve it.",negative,0.9994294047355652,BOA,1
735,mal,negative,0.9996137022972107,BOA,5
736,It is not working at all,negative,0.9997811913490295,BOA,1
737,Excellent,positive,0.9998434782028198,BOA,5
738,The poorest mobile banking survice ever. Only error reports frequently,negative,0.999705970287323,BOA,1
739,😞😞😞😞,negative,0.6970565915107727,BOA,1
740,😡😡😡😡😡😡😡,negative,0.6970565915107727,BOA,1
741,The worst banking app,negative,0.9998050332069397,BOA,1
742,The app is constantly crashing and freezing when to send to BOA customers' accounts.,negative,0.9988401532173157,BOA,1
743,No work app,negative,0.9968982934951782,BOA,5
744,Is ok but stop sundenly,positive,0.9309312105178833,BOA,5
745,🤷🤷🤷,negative,0.6970565915107727,BOA,3
746,experienced,positive,0.9950610995292664,BOA,5
747,Very poor app. Its Always cresh and not compatible,negative,0.999818742275238,BOA,2
748,"It's not functional at all. It keeps saying ""error"". Unable to activate.",negative,0.9998112320899963,BOA,1
749,I can't believe that Abyssinia develop this kind of trash app it have a lot of issues 👎👎👎,negative,0.9983154535293579,BOA,1
750,The new app is very good,positive,0.9998589754104614,BOA,5
751,It's very good but sometimes isn't work probably,negative,0.937102735042572,BOA,5
752,It doesn't work,negative,0.9997813105583191,BOA,1
753,ጭራሽ አይነፋም,negative,0.7850590348243713,BOA,1
754,"This is the most stupid app I've seen, why would I turn off developer mode just because you can't make your app secure, this clearly indicates the app has very poor implementation and unskilled developers.. There are a lot of people who need developer option for different reasons. Please for the sake of the bank, fix this thing... Even the most secure international banking apps don't require it. Not to mention the lag and crashes",negative,0.9997655749320984,BOA,1
755,The worst mobile banking app,negative,0.9997923970222473,BOA,1
756,It is not fast,negative,0.99720698595047,BOA,3
757,Useless,negative,0.9997991919517517,BOA,1
758,The app keeps crashing it stops responding while I'm using it or trying to open the app. Now I have to go to the bank in person to do any banking activities. In short it is the worst mobile banking system in Ethiopia,negative,0.9997914433479309,BOA,1
759,ሀየ,negative,0.6970565915107727,BOA,5
760,Too late!,negative,0.9988941550254822,BOA,1
761,No work,negative,0.999386191368103,BOA,5
762,"Pretty good for a banking app, it still lacks some things with in the ui and with the speed of the app but overall it's a good application. Thank you 5/5👍🏻",positive,0.9995549321174622,BOA,5
763,After update it doesn't work well,negative,0.9996452331542969,BOA,2
764,Error occurred try again for 5 days tele birr user not found ለራሴ አዝዤ,negative,0.9983060359954834,BOA,1
765,Good but Very slow.,positive,0.9877548813819885,BOA,1
766,Very good app,positive,0.9998675584793091,BOA,5
767,"It is so bad apps ,it doesn't work",negative,0.9998026490211487,BOA,1
768,"From now on I will never going to use this app,It is a trash app.No one care about this app from bank I will rate them 0/5.",negative,0.9991281628608704,BOA,1
769,It usually crashes and unable to process also it request to off the developer options,negative,0.9996892213821411,BOA,1
770,Miliyone.,negative,0.9675788879394531,BOA,5
771,Workneh girmamo,positive,0.9400009512901306,BOA,5
772,🙏🙏🙏,negative,0.6970565915107727,BOA,5
773,"I can't believe in this day and age, one of the major banks of the country can't seem to understand that having a working mobile payment option is a **MUST** to survive. I have decided to move my accounts to CBE and Awash because of this. Can't be bothered with this useless app.",negative,0.9974097609519958,BOA,1
774,Is it even working these days? Please check it.,positive,0.9892704486846924,BOA,1
775,"The app is essentially unusable, it asks to disable developer mode even when it is already disabled and crashes, sometimes it only works with wifi and sometimes only with data, or it crashes just because.......",negative,0.9995259046554565,BOA,1
776,Please make it functional.,positive,0.9997920393943787,BOA,5
777,its best app but its don't working in poor connection area so,negative,0.9705929756164551,BOA,5
778,Please Recover thank you,positive,0.9997314810752869,BOA,5
779,This app doesn't work,negative,0.9997921586036682,BOA,1
780,"the app used to run fine, but now it takes like forever to even open the main dashboard and sometimes it just crashes on its own. you guys gotta step it up. we need this app to be way faster",negative,0.9726091623306274,BOA,1
781,the underrated app I've ever seen and ur banking system is Soo Idiocracy,negative,0.9977184534072876,BOA,1
782,It demands to disable developer option.,negative,0.9994282126426697,BOA,1
783,"It's been two months now, I cannot do any transaction using this app. It's really disappointing. I am using bank of Abyssinia currently because it's the nearest bank to my work place. The bank is turning to the worst bank in the country day by day. They always respond to customers that they are updating their system all year long, I think that's what they train their customer service operators to do.",negative,0.9996359348297119,BOA,1
784,Open Open service,positive,0.9997770190238953,BOA,5
785,አፑ በጣም አስቸጋሪ ሆኗል,negative,0.8616330027580261,BOA,1
786,Its not working.,negative,0.9997856020927429,BOA,1
787,"Riddled with crashes, cant use it anymore. Very frustrating!",negative,0.9994331002235413,BOA,1
788,Always error occured. The worst app ever,negative,0.9997997879981995,BOA,1
789,ከዚህ ትልቅ ባንክ የማይጠበቅ ድንዝዝዝዝ ያለ App.... ዛግግግ ነው ያረገኝ 😡😡😡,negative,0.9611338376998901,BOA,1
790,Excellent service,positive,0.9998576641082764,BOA,5
791,It's not convenient,negative,0.9998067021369934,BOA,1
792,meskelu Metku,positive,0.8474318981170654,BOA,5
793,Verry nice,positive,0.9997273087501526,BOA,5
794,It has become the most unreliable mibile banking app ever.,negative,0.999081015586853,BOA,1
795,"አኘልኬሽኑ በሁሉም ነገር ጥሩ ነዉ,ነገር ግን Network በጣም ነዉ እሚያስቸገረው",negative,0.9465042948722839,BOA,2
796,The poorest mobile banking I have seen in the industry. Is not stable to login and post transactions. Is not attractive. Error reports frequently.,negative,0.9998160004615784,BOA,5
797,👍👍👍,negative,0.6970565915107727,BOA,5
798,Really Bank,positive,0.9820581078529358,BOA,5
799,I like the the bank of Abyssinia is the best first bank of Ethiopia,positive,0.999809205532074,BOA,1
800,The app is not good need a few work,negative,0.9997538924217224,BOA,3
801,"The worst mob app i have ever seen. Slow, uncomfortable and stupid. It is better to learn from the best app (tele birr). The released updates is even worst.",negative,0.9997610449790955,BOA,1
802,"Unreliable, expensive service. Most of the time, it is not working. Sometimes, it will take more than a day to complete transactions and charges more for this unworthy service. I will not recommend this bank app to anyone.",negative,0.9994435906410217,BOA,1
803,excellent service,positive,0.9998576641082764,BOA,5
804,You are beutiful,negative,0.8399409055709839,BOA,5
805,The best app,positive,0.9998469352722168,BOA,5
806,አይሰራም አፑ ለምንድነው,negative,0.8337252736091614,BOA,1
807,Awful,negative,0.9997954964637756,BOA,1
808,Developer option to be off really,negative,0.9903939366340637,BOA,1
809,Good app boa,positive,0.9998428821563721,BOA,5
810,I'm disappointed with the recent changes to this app. Disabling developer options for functionality seems unnecessary. The previous version offered a more user-friendly experience.,negative,0.9997298121452332,BOA,1
811,"Worest app, it cannot be downloaded",negative,0.9979676604270935,BOA,2
812,😭😭😭😭😭😭😭,negative,0.6970565915107727,BOA,1
813,slow only some times the wey it is veary nice app,positive,0.9498575329780579,BOA,5
814,ok yes,positive,0.9997628331184387,BOA,5
815,It's nice apps,positive,0.999875545501709,BOA,1
816,Wow! what a disgrace for BOA. The app barely works. Too slow and always returns error.,negative,0.9997871518135071,BOA,1
817,Excited by your service,positive,0.9997963309288025,BOA,5
818,Kerfafa new,positive,0.8148752450942993,BOA,1
819,ABDU MUDESR,positive,0.7394681572914124,BOA,2
820,"The worst mobile banking app! It doesn't load (seems like with the perfect WiFi and data connection it still manages to have network issues), when you finally get into the app, it makes it so hard more than it should be to send money.",negative,0.9996273517608643,BOA,1
821,It is Good to save time 👌👌,positive,0.9998168349266052,BOA,3
822,"I'm sorry but what kind of stupid developer thinks the app will be faster if we disable ""Developer mode""? I've never seen such degeneracy in my entire life, please get rid of this feature",negative,0.9996848106384277,BOA,1
823,What is the purpose or point of not allowing to take a screenshot of the recipe after transferring???,negative,0.9991626739501953,BOA,1
824,Ayseram,negative,0.6560930013656616,BOA,1
825,very simple and user friendly app Thank you Dashen Bank,positive,0.9996474981307983,Dashen,5
826,wow,positive,0.999592125415802,Dashen,5
827,qaasim Aliyyi,positive,0.9319135546684265,Dashen,5
828,good,positive,0.9998161196708679,Dashen,5
829,very good .,positive,0.9998475313186646,Dashen,5
830,this app is good for you guys,positive,0.9998170733451843,Dashen,5
831,kalid,positive,0.8998875617980957,Dashen,5
832,I like this mobile banking app very much. Overall user interface and navigation is awesome. But it lacks instant response when someone deposit or withdraw money.,negative,0.9904449582099915,Dashen,2
833,love,positive,0.9998735189437866,Dashen,3
834,መቸሸጠ,negative,0.6970565915107727,Dashen,5
835,gadaa,negative,0.7211463451385498,Dashen,5
836,Massive upgrade from the Amole app.,positive,0.9646419286727905,Dashen,5
837,very good for this app,positive,0.9998138546943665,Dashen,5
838,top,positive,0.9997069239616394,Dashen,5
839,this app better than Amole . but the biometric on new update doesn't work,negative,0.999607503414154,Dashen,4
840,Wow,positive,0.999592125415802,Dashen,5
841,wow to it saff and this app,positive,0.9985712766647339,Dashen,5
842,it too slow,negative,0.9996801614761353,Dashen,3
843,ዳሽን ባንክ ይለያል,negative,0.8337252736091614,Dashen,4
844,real life changer,positive,0.9997788071632385,Dashen,5
845,👍👍👍,negative,0.6970565915107727,Dashen,5
846,nice application,positive,0.9998229146003723,Dashen,5
847,useless app ever loading take long,negative,0.9997350573539734,Dashen,1
848,"Game changer app! Dashen Bank Super App is fast, secure, and easy to use. The three-click payment makes sending money super quick, and the QR code payment is perfect for cashless shopping. I also love the biometric login and easy airtime and bill payments. Everything I need is in one place. Dashen Bank has really raised the bar for digital banking in Ethiopia. Highly recommended!",positive,0.999617338180542,Dashen,5
849,very useful App,positive,0.9995785355567932,Dashen,1
850,"Simple, robust features? Yes, please! But the endless loading screen killed the fun—I couldn’t use it for days. Fix the glitch, and I’ll yeet a higher rating!",negative,0.8351486325263977,Dashen,2
851,Wawww,negative,0.9418038129806519,Dashen,5
852,it is good but some times says duplicate transaction why?,negative,0.9836630821228027,Dashen,5
853,very Nice,positive,0.9998563528060913,Dashen,5
854,its best,positive,0.9998121857643127,Dashen,5
855,it is not as good as to the other mobile bank app.,negative,0.999786913394928,Dashen,1
856,"The best of best is now arrived **Empowering Your Financial Freedom** ""Experience seamless banking at your fingertips with Dashen Bank. Empowering your financial freedom, anytime, anywhere!"" **Innovation Meets Convenience** ""Dashen Bank Mobile Banking: Where innovation meets convenience. **Secure and Reliable** ""Bank with confidence",positive,0.9996517896652222,Dashen,5
857,Nothing is changed in the updated version. You have been collecting comments but where is the feed back you improved in this version. superapp is mot functioning today.,negative,0.9939862489700317,Dashen,4
858,The best app ever in finance sector,positive,0.9998089671134949,Dashen,5
859,Its good app than other compitators but it confuse when we transfer it needs OTP and PIN most user inter their pin instead of OTP we know the litrecy level of our society so if it is device based i dont know the needs of OTP so please try to fix,negative,0.9983357787132263,Dashen,3
860,dashen bank or dashen super app?,negative,0.9937525391578674,Dashen,1
861,wowwwe app,positive,0.9829692840576172,Dashen,5
862,"Transferring to other bank accounts is a hastle and inconvenient .Get used to seeing "" please try again """,negative,0.9994332194328308,Dashen,2
863,always lagging,negative,0.9998013377189636,Dashen,1
864,Amazing Application...,positive,0.9998786449432373,Dashen,5
865,Fantastic,positive,0.9998743534088135,Dashen,5
866,"Dashen bank app is very good, but sometimes it is not working well",negative,0.9976341724395752,Dashen,5
867,its my choice,positive,0.9962010979652405,Dashen,5
868,wow apo,positive,0.9994785189628601,Dashen,5
869,awesome app keep going,positive,0.9998502731323242,Dashen,5
870,👍,negative,0.6970565915107727,Dashen,5
871,"It grows ethiopian digital banking step ahead.All fetures in one,simple fast and convince.",positive,0.9992207288742065,Dashen,5
872,Game changer,positive,0.9887570738792419,Dashen,5
873,Totally amazing,positive,0.9998782873153687,Dashen,5
874,super 😎,positive,0.9331682920455933,Dashen,5
875,what a helpful app!!!!,positive,0.9990901947021484,Dashen,5
876,Good,positive,0.9998161196708679,Dashen,4
877,nice,positive,0.9998552799224854,Dashen,5
878,"To be honest, best banking and lifestyle app in Ethiopia.",positive,0.9997262358665466,Dashen,5
879,fast,positive,0.9989494681358337,Dashen,5
880,"A must have, seamless, all in one digital platform ""DB Superapp""! Keep living your motto ""Always one step ahead""",positive,0.9966461062431335,Dashen,5
881,"This App makes digital banking effortless and convenient. User-friendly interface, secure transactions, and excellent features for managing finances efficiently.",positive,0.9991555213928223,Dashen,4
882,Amazing app super easy to use and best design. loved it.,positive,0.9998630285263062,Dashen,5
883,its the best ever,positive,0.9998552799224854,Dashen,5
884,excellent game changer App,positive,0.9998358488082886,Dashen,5
885,I am highly excited by using this application and it is the most favorable as well as preferrable mobile app.,positive,0.9995176792144775,Dashen,5
886,it seems me logging out within minutes,negative,0.9982207417488098,Dashen,1
887,nice app especially GUI and I have got some error when you send within dashen bank the receipter is not get SMS notification,negative,0.9857989549636841,Dashen,4
888,yes i want dashen super open,positive,0.9994350075721741,Dashen,5
889,Best App,positive,0.999686598777771,Dashen,5
890,faster than this version,positive,0.9991979002952576,Dashen,5
891,"Best UI mobile banking app, props to design team",positive,0.9991565942764282,Dashen,5
892,thank you,positive,0.9998352527618408,Dashen,4
893,great app,positive,0.999821126461029,Dashen,5
894,bad.,negative,0.9997698664665222,Dashen,1
895,Dashen bank always one step ahead,positive,0.9996015429496765,Dashen,5
896,dashen super app is secure band very easy,positive,0.9899651408195496,Dashen,5
897,It is very fast and secured mobile banking app! I like this app!,positive,0.9995939135551453,Dashen,5
898,best app I have ever seen,positive,0.9996102452278137,Dashen,5
899,best of best,positive,0.9997496008872986,Dashen,5
900,waw,negative,0.7346178889274597,Dashen,5
901,best app,positive,0.999686598777771,Dashen,5
902,Its slow when i try to see the Recent Transaction and stucked,negative,0.9992387294769287,Dashen,1
903,wowslnwoooo wowwww amazing !!!!!!!!,positive,0.9997221827507019,Dashen,5
904,wow appl,positive,0.9994691014289856,Dashen,5
905,why do i have to change a pin number i use my finger print so dummy,negative,0.9994646906852722,Dashen,1
906,very nice,positive,0.9998563528060913,Dashen,5
907,great,positive,0.9998630285263062,Dashen,4
908,"It is very slow and it lacks many features to be a super app. High rating is given by their employees, not by the customers.",negative,0.9997708201408386,Dashen,1
909,"Smooth and secure experience transfers, bill payments, and tracking expenses are all effortless. The intuitive design makes banking on the go.",positive,0.9996446371078491,Dashen,5
910,Very easy and Fast.,positive,0.9995487332344055,Dashen,5
911,Incomparably user-friendly and fast app for mobile banking.,negative,0.9392755627632141,Dashen,5
912,"there is nothing super about this app, repeatedly failed transaction and wastes customer valuable time. if you have to do system upgrade do it at a time when there is less traffic demand. your Technical difficulty should not be reflected on customer.",negative,0.9993688464164734,Dashen,2
913,execellent,negative,0.9866806864738464,Dashen,5
914,"This super app is a total game-changer—fast, reliable, and packed with everything I need in one place. It’s seamless and super convenient. Love it!""",positive,0.9998038411140442,Dashen,5
915,All in One ✍️secure ✍️reliable ✍️convenient. Digital banking game changer!!,negative,0.7598550915718079,Dashen,5
916,it is incredible product.,positive,0.9998867511749268,Dashen,5
917,"I'm really impressed with this app! It’s user-friendly, runs smoothly, and has all the features I need. Makes my tasks so much easier and saves me a lot of time. Highly recommended!",positive,0.9997783303260803,Dashen,5
918,ok,positive,0.9997851252555847,Dashen,5
919,"It's an amazing app, experience it!!",positive,0.9998760223388672,Dashen,5
920,This is the best banking app ever. I recommend everyone to use it.,positive,0.9997599720954895,Dashen,5
921,It is the best application!!!,positive,0.9998468160629272,Dashen,5
922,"Exceptional digital experience, SupperApp will bring new paradigm shift in the banking business. Bravo Dashen keep it up!!!!",positive,0.9998323917388916,Dashen,5
923,its features are so dynamic,positive,0.999643087387085,Dashen,5
924,fast &Friendly user Application.,positive,0.9993237257003784,Dashen,5
925,"Fast, Reliable and User Friendly. Keep it Up",positive,0.9997664093971252,Dashen,5
926,"#dashen super app is easy to use, secure & fast transaction😍",positive,0.9874821901321411,Dashen,5
927,i love this app esp 3 click that make e-commerce easier and convinient.,positive,0.9995126724243164,Dashen,5
928,Dashen Super App contains extended selections for customers and can be easily accessible and also friendly to use.,positive,0.9990369081497192,Dashen,5
929,Great for everyday banking and payments on the go,positive,0.9998255372047424,Dashen,5
930,"""Dashen Super App'' is impressive with its focus on simplicity, speed, and quality. The user interface is clean and easy to understand. Transactions process quickly, and the overall quality of the app is top-notch. A must-have for Dashen Bank customers. ዳሸን ባንክ አንድ እርምጃ ቀዳሚ።",positive,0.9997794032096863,Dashen,5
931,making transactions has never been easier. the new update is just amazing,positive,0.9998310804367065,Dashen,5
932,"The app has various usefull functions, which make easy the payment system. Also, it will connect with sellers having reasonable prices.",positive,0.9850903749465942,Dashen,5
933,The app has great user interface with comprehensive payments and E-commerce platforms. And also it includes unique features such as chat Banking and budget.,positive,0.999284565448761,Dashen,5
934,betam mirt Ena betam le atikakem kelel Yale Ena michu application nw,negative,0.9886249303817749,Dashen,5
935,Convenient!,positive,0.9936902523040771,Dashen,5
936,It is an amazing application that meets the needs of customers.,positive,0.999864935874939,Dashen,5
937,Effecting payment via the app has created convenience to the recipients in easily confirming the payments received!,positive,0.9731148481369019,Dashen,5
938,the best Supper App ever,positive,0.999849796295166,Dashen,5
939,"This is the best app ever, when is it planned to include digital lending and gasification?",positive,0.9990382194519043,Dashen,5
940,"A powerful, local solution that rivals any global app. I love how easy it is to explore services and products.",positive,0.999815046787262,Dashen,5
941,Dashen bank is my number one choice,positive,0.9996331930160522,Dashen,5
942,Assefa Genetu = Dashen superup is the latest and inclussive .I am happy with this super up.,positive,0.9994714856147766,Dashen,5
943,"The App is incredibly user-friendly and brings multiple services into one place. It's fast, intuitive, and makes daily tasks super convenient. A true all-in-one solution!",positive,0.9991614818572998,Dashen,5
944,"Proudly made in Ethiopia, this innovation delivers more than promised. The marketplace is a major boost for local commerce",positive,0.9998248219490051,Dashen,5
945,it so fanrastic and user friendly app. Bravo Dashen bank thanks.,positive,0.9990429282188416,Dashen,5
946,"one of the best digital platforms I've used! from smooth transactions to a seamless shopping experience, highly recommended.",positive,0.9997945427894592,Dashen,5
947,A proudly Ethiopia innovation that delivers beyond expectations. The marketplace feature is a big win for local shoppers bnd sellers,positive,0.9997891783714294,Dashen,5
948,"Dashen Super App is a game-changer! It’s fast, user-friendly, and packed with features that make everyday banking and transactions super convenient. I love how everything I need from mobile banking to utility payments is all in one place. The interface is clean, and everything works smoothly. Definitely one of the best apps out there. Highly recommended!",positive,0.9998010993003845,Dashen,5
949,Easy to use and has many options. It is the best financial app I have ever used.,positive,0.9997546076774597,Dashen,5
950,"Highly impressed! Dash Bank really nailed it with this app. Secure, reliable, and packed with features I use daily",positive,0.9998537302017212,Dashen,5
951,"One of the best digital platforms I’ve used! From smooth transactions to a seamless shopping experience, Highly recommended",positive,0.9997860789299011,Dashen,5
952,"This app has everything I was looking for, dashen is becoming a grandmaster.",positive,0.9995651841163635,Dashen,5
953,Very convenient,positive,0.9988445043563843,Dashen,5
954,"The user experience is seamless, and everything just works perfectly right out of the box. I can’t believe how much time and effort it saves me every day.",positive,0.9997797608375549,Dashen,5
955,wawwwww what nice super app !!keep it up dashen bank !!,positive,0.9991359114646912,Dashen,5
956,"Dashen SuperApp the ultimate all-in-one solution! From banking and shopping to bill payments, everything you need is right at your fingertips. Life just got a whole lot easier!",positive,0.9991750121116638,Dashen,5
957,"It is,really super because of its unique offerings to individuals and businesses.It is a secure UX first app intended to cater comprehensive digital meeds.I am also happy to know that Dashen is considering to make the app more inclusive by lowering the mobile version requirements .",positive,0.9995538592338562,Dashen,5
958,"the very easy, secured, fast and multifunctional dashen supper application I ever seen. dashen really one steps ahead!!!",positive,0.9982724189758301,Dashen,5
959,"One app for everything! I can shop, manage my bank account , and do so much more . Truly a super app",positive,0.9994187355041504,Dashen,5
960,one of the best digital platforms I’ve used! From smooth transactions to a seamless shopping experie,positive,0.9995588660240173,Dashen,5
961,"Dashen Bank super App is the most suitable, reliable, and fast digital banking system.",positive,0.9992392063140869,Dashen,5
962,Excellent app.,positive,0.9998461008071899,Dashen,5
963,This is what we call banking app. As professional I want banking app as simple as this and an app rich of features that align with my lifestyle.,positive,0.9991500377655029,Dashen,5
964,thanks again,positive,0.9998217225074768,Dashen,5
965,Super Easy To Use and Fast Transaction.,positive,0.996877908706665,Dashen,5
966,"I have an incredible experience with Dashen super app, what an amazing platform is it?. keep pioneering in technological advancement 👏👏👏",positive,0.999527096748352,Dashen,5
967,"i can't recommend the Dashen Super App enough! This app is truly a game changer for anyone looking for a seamless and efficient way to manage their daily life. It combines multiple essential services into one easy-to-use platform, saving time and simplifying tasks The user interface is modern, intuitive, and super responsive, making navigation a breeze. Whether it's banking, payment services, or accessing lifestyle features, everything is just a few clicks away!!",positive,0.9953939914703369,Dashen,5
968,"The app is incredibly handy for managing multiple financial tasks, from bill payments to managing budgets. It’s saved me a lot of time and made banking way more convenient. Definitely worth checking out!",positive,0.9982413053512573,Dashen,5
969,what an App,positive,0.9938238859176636,Dashen,5
970,The new e-commerce feature is incredibly amazing and user friendly.,positive,0.9998598098754883,Dashen,5
971,"dashen bank supper app is the most easy to use and have high speed,quality and I like features like chat,budget,fuel payment, and security for my opinion this product is techonolgy edge,this international standard thanks for product oweners (dashen bank)",positive,0.9974797368049622,Dashen,3
972,"The Dashen supperapp is a revolutionary advancement in digital banking, combining exceptional usability, an intuitive interface and a seamless user experience. among its standout features are the integration of QR codes, account statement, transaction advise, chat, transaction authentication for limit thresholds, budgeting and different app in a single dashboard. Truly ahead of the curve ..... keep up the excellent work 🤝👏",positive,0.9997472167015076,Dashen,5
973,"A proudly Ethiopian innovation that delivers beyond expectations. The marketplace feature is a big win for local shoppers and sellers. Very impressed with the new updates, The e-commerce section is smooth and supports Ethiopian merchants!",positive,0.9998795986175537,Dashen,5
974,"Very impressed with the new updates, The e-commerce section is smooth and supports Ethiopian merchants.",positive,0.9998557567596436,Dashen,5
975,"Dashen Bank Super App is fast, reliable, and super easy to use. All my banking needs are handled smoothly in one place. Clean design and seamless experience – highly recommended!",positive,0.9997962117195129,Dashen,5
976,"Db sup app is A platform or an application that can grasp more satisfactions through fastest mode of operation which means for budget planning, to use QR code(scan, pay, go) chat with staff, acc to acc other bank ft, merchant payment, and easly. I addition to i satisfied and i invite everyone to use those platform!!.",positive,0.8947896361351013,Dashen,5
977,the chat banking and unique and only app that alow money request!!,negative,0.9822685718536377,Dashen,5
978,Better and inclusive app!,positive,0.999285876750946,Dashen,5
979,Amazing Application,positive,0.9998698234558105,Dashen,5
980,It keep my time to pay my bills and I generate my satment easily,positive,0.996675968170166,Dashen,5
981,"It's an amazing app that is up-to-date with the times, wow wow",positive,0.9998683929443359,Dashen,5
982,A game-changing Ethiopian innovation—where shopping meets opportunity. The marketplace feature connects buyers and sellers like never before.,positive,0.9993858337402344,Dashen,5
983,"Dashen Super App isn’t just an app — it’s an experience. Effortless, powerful, and built for the future",positive,0.9997283816337585,Dashen,5
984,"This Is An Amazing App with Uniqe Quality,Easy And Fast Mobile Banking App.",positive,0.9997382760047913,Dashen,5
985,"Dashen SuperApp is a lifesaver! Banking, shopping, and bills in one super easy app. The new e-commerce feature is awesome and supports local merchants. Fast, secure, and proudly Ethiopian.Download it now—you won’t regret it!",positive,0.9996484518051147,Dashen,5
986,"Dashen SuperApp blends finance, shopping, and daily services effortlessly. The new e-commerce feature is smooth and supports local merchants—proud to back an Ethiopian-made solution!",positive,0.9998247027397156,Dashen,5
987,"A solid step forward by Dashen Bank. The SuperApp combines essential banking features with lifestyle services, making everything accessible in one place. The interface is smooth, and transactions are quick and reliable. It’s clear a lot of thought went into the design and functionality. Great job!",positive,0.9998260140419006,Dashen,5
988,Dashen bank super app is the crucial and convenient app in Ethiopia. there is no other app to compare with Dashen bank super app,positive,0.9817668795585632,Dashen,5
989,"All-in-one finance & e-commerce super app! Pay, save, shop seamlessly. Fast, secure. #BankAndShop",positive,0.9943593144416809,Dashen,5
990,it's a hestorical app. in the bank industry.,negative,0.9915915727615356,Dashen,5
991,"A game changer in Ethiopian digital banking fast, secure, and packed with services. Everything you need, all in one powerful app. A true leap toward financial convenience and innovation!",positive,0.9996839761734009,Dashen,4
992,"easy &,simple to use",positive,0.9968307614326477,Dashen,5
993,"Banking, but make it smart. Local solutions, all in one place. Smooth, fast, and actually saving time. Feels like the future. Love it!",positive,0.9998811483383179,Dashen,5
994,"All in one, that is it 👌",positive,0.8945450782775879,Dashen,5
995,", Dashen Bank Supper App is multipurpose, convenient, very attractive and Make life easier",positive,0.9995104074478149,Dashen,5
996,very easy and flexible app.,positive,0.9997106194496155,Dashen,5
997,"I choose Dashen Bank Super Up since, it is easy to use & it has attractive features !",positive,0.9998281002044678,Dashen,5
998,dashen super app is simple faster and reliable.,positive,0.999518632888794,Dashen,5
999,"Dashen Bank Super App is a game-changer! The user-friendly design, wide range of services, and smooth performance make it incredibly convenient for everyday banking. It’s fast, secure, and truly reflects the bank’s commitment to digital excellence. Highly recommended!",positive,0.999748170375824,Dashen,5
1000,"The app keeps getting better with every update! Smooth performance, great UI, and top-notch security. Thank you for making banking so convenient!""",positive,0.9995062351226807,Dashen,5
1001,this app is the most simply to use and secure safe i love it to use for any bank transaction,positive,0.9964408278465271,Dashen,5
1002,"After i download the app recently had a smooth expriance, its user friendly, fast, and everything works as expected. keep up the good work.",positive,0.9997468590736389,Dashen,5
1003,An app with High performance and advanced features!,positive,0.9995831847190857,Dashen,5
1004,"It is a very user friendly, attractive user interface, full of useful features. I really encourage everyone to give it a try.",positive,0.9997954964637756,Dashen,5
1005,"Good actually , but it have to WORK when developer option is on 🙏",negative,0.9746389389038086,Dashen,5
1006,"All-in-one convenience, From managing accounts to paying bills and shopping online and the chat banking is game changer, this app does it all seamlessly.",positive,0.9981800317764282,Dashen,5
1007,I appreciate that Dashen Bank takes lifestyle services into account.,positive,0.9980393052101135,Dashen,5
1008,keep it up!,positive,0.9998477697372437,Dashen,5
1009,amazing app really i loved it .that's why we say dashen bank is one stap ahead. It's the best mobile application that should be on every phone.,positive,0.9998038411140442,Dashen,5
1010,very comfortable app keep it,positive,0.999691367149353,Dashen,5
1011,it has clear detail information about the application so it helps customer how to use the app. and it is very easy to use and also app is secure.,positive,0.999531626701355,Dashen,5
1012,"I have been using the Dashen Supper app mobile banking app , and overall, I appreciate its features.However,I’ve noticed that when I turn on the developer options on my device, the app stops functioning properly. It would be great if you could look into this issue, as I often need to access developer settings for other applications . Thank you for your attention to this matter!",negative,0.9068745970726013,Dashen,5
1013,easiness to use with fast response time,negative,0.964725911617279,Dashen,5
1014,"The new mobile banking application is a major upgrade! It’s incredibly user-friendly, with a clean and modern design that makes navigation simple and intuitive. I really appreciate how fast it loads and how smooth the overall experience is. All essential services like balance checks, transfers, and bill payments are eas y to find and use. The added security features give me peace of mind, and the app runs reliably without crashes or glitches. It’s clear a lot of thought went into the user experi",positive,0.9992745518684387,Dashen,5
1015,"As an Internal Customer, Dashen Bank SuperApp has greatly simplified my online banking experience. It's easy to use, allowing me to quickly check balances, transfer money and pay Bills. The app's advanced security features are highly secure, ensuring my data is well protected. The Three click, Chat Banking and IPS features have also given me a smarter experience. In deed Dashen Bank is always steping ahead!",positive,0.9990044236183167,Dashen,5
1016,"A truly impressive app — user-friendly and a game-changer in Ethiopian banking. The Dashen Super App stands out as one of the most innovative and convenient digital banking solutions in Ethiopia’s financial history. Smooth navigation, seamless features, and a wide range of services all in one place. Well done!",positive,0.9998193383216858,Dashen,5
1017,dashen bank super up has very fast and convenience and also it has contain more things on one app .I am very interesting to use dashen bank super up,positive,0.9974090456962585,Dashen,5
1018,"The Dashen Bank Super App has truly elevated my mobile banking experience. It's fast, user-friendly, and packed with all the essential features. The interface is clean and intuitive, making navigation easy even for first-time users. I also appreciate the added security features that give me peace of mind while banking on the go. Dashen Bank has done an amazing job with this app—it’s reliable, efficient, and always improving. Highly recommended for anyone looking for seamless digital banking!",positive,0.9998351335525513,Dashen,5
1019,A fantastic product!! keep the good work.,positive,0.9998842477798462,Dashen,5
1020,"I am very impressed with the Dashen super app. It is user-friendly and operates efficiently. The budget and chatbot features are impressive, and all items can be purchased with just three clicks.",positive,0.9998030066490173,Dashen,5
1021,"The Dashen Super App offers a quick and user-friendly experience, bringing together a variety of services, like budgeting, payments, airtime recharges, and more, all in one convenient platform. Its sleek design and intuitive navigation ensure effortless transactions. It's evident that Dashen Bank has carefully crafted the app to make everyday financial activities easier. A great choice for anyone aiming to streamline their digital routines!",positive,0.999062716960907,Dashen,5
1022,Dashen supper App is the most useful app for our customers,positive,0.9988586902618408,Dashen,5
1023,it is the most amazing mobile app,positive,0.9998717308044434,Dashen,5
1024,A Good and fast supper app thanks for dashen bank,positive,0.9997884631156921,Dashen,5
1025,"Dear Users of the Dashen Bank Super App,I have been using the Dashen Bank Super App for a while now, and I must say—it’s truly a game-changer! The app is incredibly fast and reliable; I’ve never encountered any delays with my transactions. One feature I absolutely love is Chat Banking. It makes everyday tasks like checking my balance or transferring money as simple as sending a quick message. Also, the budgeting tool has been a huge help in tracking my spending and giving me a clearer",positive,0.9993189573287964,Dashen,5
1026,Too best,positive,0.877548098564148,Dashen,1
1027,"Dashen Bank Super Up,use the app and makes your easy,fast,convinent.",positive,0.9985912442207336,Dashen,5
1028,To join digital world use supper app and make your life easy,positive,0.987091064453125,Dashen,5
1029,best mobile banking application,positive,0.9996380805969238,Dashen,5
1030,"This banking superapp is incredibly well designed. The design and appearance of the app and the overall experience I have when using the app is fantastic. The app is packed with features from banking to e-commerce all in one place.It even has a budget setting option which is super useful for managing my money. Everything runs smoothly and I love how convenient it has made my daily life. Huge Kudos to Dashen Bank. You are truly living up to the motto ''Always one step ahead."" Keep it up!",positive,0.9998156428337097,Dashen,5
1031,I was really amazed by the idea of an e-commerce service on a banking app. This is what it means to be one step ahead. Please include all kinds of products in there as soon as possible.,positive,0.9981945157051086,Dashen,5
1032,this is what we expect to get service Dashen Bank always like his slogan,negative,0.8835362792015076,Dashen,5
1033,"Dashen SupApp is the most contemporary application, offering a great experience by enabling users to perform multiple tasks through a single platform—such as chatting with friends, transferring money, paying bills, and more. It is the first app of its kind in the Ethiopian banking industry, making it a remarkable opportunity for entrepreneurs working in app-based sales and software marketing. Good job, Dashen Bank!",positive,0.9997934699058533,Dashen,5
1034,Dashen Super App gives me an amazing convenience and makes life easy.,positive,0.999823272228241,Dashen,5
1035,excellent mobile banking app,positive,0.9998179078102112,Dashen,5
1036,Wow! like his name Super App...,positive,0.9985873699188232,Dashen,5
1037,Dashen supper app is the most special. ይምቾቱ ይለያያል!!!!,positive,0.9926958084106445,Dashen,5
1038,convenient and fast,positive,0.9996170997619629,Dashen,5
1039,Best- in-class app.,positive,0.999584972858429,Dashen,5
1040,I really like this amazing application and Dashen Supper app that has made my life easier.,positive,0.9997171759605408,Dashen,5
1041,Superb,positive,0.9998656511306763,Dashen,5
1042,"amazing features, faster and easy to use",positive,0.9998817443847656,Dashen,5
1043,"The Dashen Super App offers a modern, user-friendly experience that leverages the latest technological advancements to deliver a seamless e-commerce platform",positive,0.999481737613678,Dashen,5
1044,Best App!,positive,0.9997498393058777,Dashen,5
1045,I love it. one of the best mobile banking app in the banking industry,positive,0.9998683929443359,Dashen,5
1046,I love this app,positive,0.9998608827590942,Dashen,5
1047,no working for me hulum information asgebiche continue or accept yemilew button ayeseram my phone is Samsung A51,negative,0.9980541467666626,Dashen,1
1048,waw no idea the best app.,negative,0.9923465251922607,Dashen,5
1049,fast best app,positive,0.999737560749054,Dashen,5
1050,Nice App,positive,0.9998061060905457,Dashen,5
1051,nice app ever,positive,0.9998384714126587,Dashen,5
1052,very disappointing app. Closes frequently and unstable in function,negative,0.9997677206993103,Dashen,2
1053,"Feature-rich? Absolutely. But the speed? Painfully slow. Seriously, is it communicating with a server on Mars or something?",negative,0.9992289543151855,Dashen,5
1054,nic app,positive,0.9797857403755188,Dashen,5
1055,Nice,positive,0.9998552799224854,Dashen,5
1056,"The Dashen Super App delivers a remarkably fast, highly secure, and exceptionally user-friendly experience, establishing it as a leading application in its category.keep it up and stay ahead Dashen Bank.",positive,0.9997890591621399,Dashen,5
1057,So far so good! their in person customer service is amazing 👏,positive,0.9998642206192017,Dashen,5
1058,The app is very backward and doesn't always work. If it works three hours out of 24 hours it's great!😥,negative,0.9958034157752991,Dashen,1
1059,ምርጫዬ ነው,negative,0.7850590348243713,Dashen,5
1060,It's bad for the connection and too many days are it that not working,negative,0.9996840953826904,Dashen,1
1061,it's samart,positive,0.9992457628250122,Dashen,5
1062,"The app is not working properly, I have been using it.",negative,0.999715268611908,Dashen,1
1063,it is very good app,positive,0.9998699426651001,Dashen,5
1064,"I had a disappointing experience with Dashen Bank's Super Up service. The app is very slow and takes forever to load during transactions, which is incredibly frustrating. Additionally, it doesn't generate receipts for any transactions, making it difficult to keep track of my expenses. I also reached out to customer support, but the response time was longer than expected. Overall, I was hoping for a better experience, but I find the service lacking and in need of improvement.",negative,0.9996039271354675,Dashen,2
1065,slow cumbersome,negative,0.9997989535331726,Dashen,3
1066,Is really 💀,positive,0.9858713746070862,Dashen,2
1067,It's slow to send OTP. it's not reliable. It crushed many times. It needs improvement in many ways,negative,0.9997294545173645,Dashen,1
1068,"This is the worst mobile banking experience I’ve ever had. It doesn’t work when you need it, and it randomly updates itself without warning. You can’t make transactions whenever you want. It’s a nightmare for anyone who relies on this as their main banking option, especially those with a lot of money in their account. I’m lucky I’m not one of them, but still, it’s infuriating not being able to access your money when you need it.""l",negative,0.9996976852416992,Dashen,1
1069,"I have experienced on using the app of Banks in Ethiopia, this Dashen sup is like old version of the applications for using. I gave 3 star for it's very low speed while login and processing",negative,0.9981010556221008,Dashen,3
1070,proud by dashen bank,positive,0.9998666048049927,Dashen,5
1071,best,positive,0.9997941851615906,Dashen,5
1072,This app is not working unless you turn off developer mode on your phone. So it takes your rights to just use it.,negative,0.9994447827339172,Dashen,2
1073,real super up,positive,0.9998282194137573,Dashen,5
1074,it's very disappointing fix it as soon as possible not expected from dashin bank fix it,negative,0.9993618130683899,Dashen,1
1075,why dashen bank workers hidden my ATM Card 🏧?it's a big problem to me,negative,0.999297022819519,Dashen,5
1076,tanku,negative,0.9159653186798096,Dashen,5
1077,perfect,positive,0.9998517036437988,Dashen,5
1078,goood,negative,0.9943867921829224,Dashen,5
1079,why does it ask me for both pin and opt even the opt is touch let alone both,negative,0.9958769083023071,Dashen,2
1080,it is best app easy to use,positive,0.9864110350608826,Dashen,5
1081,It is very easy to use and powerful application.,positive,0.9997655749320984,Dashen,3
1082,this apps have a good feature but but some features like developer mode turn off irritate user,negative,0.997230589389801,Dashen,3
1083,"This is not only a mobile banking app, it is beyond that. We will access our account easily, we are able to get many information easily here. i.e. exchage rate. We are able to chat with others, we are able to budget, we are able to transfer to other bank and within Dashen. we are able to access many accounts in a single app, we are able to pay bills in QR scan, we are able to make payments and order delivery items here in a single app. #Always one step ahead.",positive,0.9897826910018921,Dashen,5
1084,wallahi very fantastic Bank,positive,0.999818742275238,Dashen,5
1085,"Waw, It's amazing app. thank you Dashen Bank.",positive,0.99986732006073,Dashen,5
1086,nice app,positive,0.9998061060905457,Dashen,5
1087,"I’ve been using the Dashen Bank Super App for a while now, and it’s been a game-changer. The app is super fast and reliable—I’ve never had an issue with transactions being delayed. One of my favorite features is the chat banking, which makes it so easy to do things like check my balance or transfer money just by typing a quick message. The budgeting tool is also really useful. It helps me keep track of my spending and gives me a clear picture of where",positive,0.9992021918296814,Dashen,5
1088,Very good app that like it too. B/c it is very fast and easy to use.,positive,0.9998027682304382,Dashen,5
1089,best experiences,positive,0.9992781281471252,Dashen,5
1090,too slow to use.,negative,0.9997276663780212,Dashen,1
1091,ጥሩ ነው,negative,0.7850590348243713,Dashen,5
1092,the worst app in the market only good ui,negative,0.9997721314430237,Dashen,1
1093,nic,positive,0.9977141618728638,Dashen,5
1094,በጣም ቅልል ያለ አፕ በርቱልን ለአጠቃቀም ምቹ,negative,0.9200406670570374,Dashen,5
1095,thanks for all digital transaction,positive,0.9994550347328186,Dashen,5
1096,Best,positive,0.9997941851615906,Dashen,5
1097,"This app is not supporting smart phones that have old android version and so it is none inclusive. At the same time the amole lite is not working properly and once you reached to maximum otp trail mistakes due to network or other errors like stacks , you will be tied up to make Transactions. Ohh... tired!!!!!",negative,0.9997400641441345,Dashen,1
1098,it's Be Come Busy &not working good,negative,0.9993822574615479,Dashen,1
1099,I wanted to share some concerns about your Supper App. It appears to be experiencing reliability issues and isn’t performing as expected. I hope this can be addressed soon to improve the user experience. One star 🌟 for now.,negative,0.9980534315109253,Dashen,1
1100,"best ever digital banking sector essay for understanding ,smart and convince for using",positive,0.9997392296791077,Dashen,5
1101,good and latest,positive,0.9998561143875122,Dashen,5
1102,The best App of all,positive,0.9998633861541748,Dashen,5
1103,Worst app ever,negative,0.9997803568840027,Dashen,1
1104,"This app is the most unreliable mobile banking application I have ever used for transaction, it is very late, non-responsive and full of bugs. Its is very disappointing. It is just inconvinient, and not user friendly and compatabke at all !!!!!!",negative,0.9997894167900085,Dashen,1
1105,Naiycapp,positive,0.8075174689292908,Dashen,5
1106,The app is good but it has no USSD option,negative,0.9952346682548523,Dashen,4
1107,Hey great,positive,0.999745786190033,Dashen,5
1108,I have used many mobile banking and also tellebir and mpesa nothing come close to this app. Well done Dashen indeed one step a head. A lot of cool features that amole hasn't the receipt and the account statement is superb for me. I hope you add more integrated small apps to.,positive,0.9984980821609497,Dashen,5
1109,The app is good but it ask update every week so tiring,negative,0.9951795339584351,Dashen,2
1110,It good and easy to use,positive,0.9998750686645508,Dashen,5
1111,በጣም አሪፍ መተግበሪያ ነው ። አመሠግናለሁ ።,negative,0.9200406670570374,Dashen,5
1112,"Greately improved since it was released! I really like the budget and expense tegistration feature. For ATM or POS withdrawals, it is not possible to account these expenses, even if it is visible on the transactions window. If that can be worked on, it will be improve so much!!",positive,0.9655697345733643,Dashen,5
1113,Excellent,positive,0.9998434782028198,Dashen,5
1114,Wow Excellent app,positive,0.9998443126678467,Dashen,5
1115,Nice app but i experience some issues with others banks transfer it keeps saying account is not exist most of the time.,negative,0.9983522891998291,Dashen,4
1116,Add the option to send money to any telebirr account like amole does.,negative,0.995681881904602,Dashen,3
1117,It's best,positive,0.999842643737793,Dashen,5
1118,no one dashen yichlal,negative,0.9842472076416016,Dashen,5
1119,In short ! I'm so proud of this app developers for their highest professional of developing. Thanks,positive,0.9998522996902466,Dashen,5
1120,The speed is too slow. Need some improvements.,negative,0.9997935891151428,Dashen,2
1121,good app,positive,0.9998493194580078,Dashen,5
1122,Fantastic app,positive,0.9998588562011719,Dashen,5
1123,I wish dark mode feature is add as an option but it's good app,positive,0.9998013377189636,Dashen,5
1124,"Super Up is the ultimate digital banking app, living up to its name with speed, efficiency, and innovation. Designed for a seamless experience, it offers lightning-fast transactions, top-tier security, and effortless financial management. With Super Up, banking has never been this smooth, smart, and super!",positive,0.9995073080062866,Dashen,5
1125,"The Dashen Super App is a game-changer in digital banking, offering a seamless and convenient experience. With its user-friendly interface, fast transactions, and a wide range of financial services, it simplifies banking for customers. Features like bill payments, fund transfers, mobile top-ups, and loan applications make it an all-in-one solution. Plus, its security measures ensure safe and reliable Experiance effortless banking",positive,0.9977291226387024,Dashen,5
1126,ከጰነጨየጠ,negative,0.6970565915107727,Dashen,2
1127,"It has good feature. But, it is Very Slow! difficult to pay or receive. The Speed should be improved, else I didn't recommend.",negative,0.9960646033287048,Dashen,2
1128,Excellent app,positive,0.9998356103897095,Dashen,5
1129,አፕልኬሽኑ አሪፍ ሆኖ ሳለ ቴሌብር ወደራስ ብቻ ለምን ሆነ እንደ ድሮው ለሰውም መላክ ቢቻል,negative,0.9528433680534363,Dashen,4
1130,No good,negative,0.9996987581253052,Dashen,1
1131,Wow amazing app,positive,0.9998513460159302,Dashen,5
1132,best platform... Please avoid otp,positive,0.9228948950767517,Dashen,5
1133,Super smart app.,positive,0.9997984766960144,Dashen,5
1134,best 👍👍,positive,0.9997019171714783,Dashen,5
1135,I don't know what happens but the application is not send verification pass code you should fix that,negative,0.9973721504211426,Dashen,1
1136,This app doesn't work on my phone my phone is Samsung Galaxy s7 android version 9 All other financial apps work like telebirr CBE M_pesa...,negative,0.9974337220191956,Dashen,1
1137,"Dashen Super app is secure, very easy to use and has more services uniquely like budgeting, chat, IPS...",positive,0.9937819838523865,Dashen,5
1138,Amazing and user friendly supper app and looking forward the additional features,positive,0.9998486042022705,Dashen,5
1139,it's amazing app i have seen ever,positive,0.9998574256896973,Dashen,5
1140,One star deducted for not to able to transfer to telebirr.,negative,0.9903808236122131,Dashen,4
1141,ጥሩ ነው ግን በደንብ ሊሸሻል ይገባል,negative,0.9046952724456787,Dashen,4
1142,ፍጥነቱ በጣም አሪፍ ነው! እና ቀለል ያለ ነው ! ነገር ግን ተጨማሪ ወደ ቴሌብር ኤጀንት መላኪያ አፕ ቢካተትበት ጥሩ ነው::,negative,0.9328106045722961,Dashen,4
1143,Keep up the good work and pleas add water and electric utility payment,positive,0.9986761212348938,Dashen,5
1144,The app missed some important features 1. It does't show recent transactions 2. Transfer to Telebirr limited to own telebirr 3. The statement does't show running balance,negative,0.9995891451835632,Dashen,2
1145,"Simple, Fast and Easy ⭐⭐⭐🎉",positive,0.9996811151504517,Dashen,4
1146,"የሚገርም aplication ነው, ነገር ግን ብር ትራንስፈር ሲደረግ ያለ ፒን መሆኑ risk አለው ሁሉ ጊዜ የ ትራንስፈር መደምደሚያ ፒን መሆን አለበት!!!!!!!!!!!!:: አሱ ቢስተካከል 5 star አስከዛው ግን 4 ሰጥቻለው::",negative,0.8565719723701477,Dashen,4
1147,Baankii daashin baankii hudna galeessa galatoomaa isinii woliin jirra Godina jimmaa magaalaa Aggaaroo irraa Muaz Abamecha Abamilki,negative,0.9961472749710083,Dashen,5
1148,It doesn't work,negative,0.9997813105583191,Dashen,1
1149,"#Dashen Super App; Super easy to use, secure, and fast transaction. Love it!",positive,0.9998102784156799,Dashen,5
1150,"I tried the new Dash Bank Super App today, and it's amazingly easy and fun.I recommend you download and use it. You really like it",positive,0.9998507499694824,Dashen,5
1151,Gud app kegza ga mezmn endze new aind ermjh kedme nachu hlam,negative,0.985221803188324,Dashen,5
1152,"Good app, bad security",positive,0.989300549030304,Dashen,3
1153,On Transaction page only show sent Transaction. Try to include received transaction.,negative,0.9956958293914795,Dashen,4
1154,Wonderful Application 😍,positive,0.9998589754104614,Dashen,5
1155,I loved it,positive,0.9998809099197388,Dashen,5
1156,አሁን ገና አንድ እርምጃ ቀደማችው,negative,0.8832131028175354,Dashen,5
1157,I am so thankful for having this best app Dashen one step ahead,positive,0.999471127986908,Dashen,5
1158,Not good this app,negative,0.9997790455818176,Dashen,1
1159,Best app,positive,0.999686598777771,Dashen,5
1160,Excellent app ever but it needs improvement on speed and transaction lists,negative,0.990936815738678,Dashen,1
1161,Perfect,positive,0.9998517036437988,Dashen,5
1162,"It does not work functional ,",negative,0.9997901320457458,Dashen,1
1163,Ok,positive,0.9997851252555847,Dashen,5
1164,all of dashen bank customers use the application it is good to use,positive,0.9958037734031677,Dashen,5
1165,Gret experience,negative,0.7600314021110535,Dashen,5
1166,All good we need more,positive,0.9996538162231445,Dashen,3
1167,"Dashen super app is easy to use, fast and robust",positive,0.9997517466545105,Dashen,5
1168,it was amazing app.....thank you dashen bank....,positive,0.9998608827590942,Dashen,5
1169,Dashen bank super app for easy life.,positive,0.7723069190979004,Dashen,5
1170,Excellent UI/UX and beyond Banking services👍👍,positive,0.9995208978652954,Dashen,5
1171,Send to oher bank የሚለዉ ዉስጥ ገብተን ወደ addisinternational bank ለመላክ አይሰራም ሁለተኛ ደግሞ ወደ cbe birr ለመላክ account number ይጠይቃል ሞባይል ነበር ነዉ መጠየቅ ያለበት ይመስለኛል,negative,0.9945861101150513,Dashen,2
1172,Just Wow,positive,0.999775230884552,Dashen,5
1173,mobile banking to the next level,positive,0.9409880042076111,Dashen,5
1174,The first 3 star review is me,positive,0.9967767596244812,Dashen,3
1175,Is not working,negative,0.9997809529304504,Dashen,1
1176,"Fast, reliable and user friendly. Amazing chatting features. Keep it up! Always one step ahead!",positive,0.9998725652694702,Dashen,5
1177,V good ❗️,positive,0.9993855953216553,Dashen,5
1178,"This app is literally the best thing ever The chat banking is so easy just text and it’s done Super smooth, fast, and honestly a life saverIf you haven’t downloaded it yet you’re missing out big time",positive,0.9862456321716309,Dashen,5
1179,I only see white page,negative,0.9910238981246948,Dashen,2
1180,Excellent banking app for all your needs! Who needs a physical branch when you can use Dashen Bank Super App Instead! I've never had an issue with anything that Dashen Bank Super App haven't handled swiftly and resolved to my satisfaction and above I don't often write reviews but this is an app/bank that I would highly recommended to everyone 💯 👌👍,positive,0.9994206428527832,Dashen,5
1181,Amizing Application 😍,negative,0.9905142784118652,Dashen,5
1182,Fastest and easy to use,positive,0.9997114539146423,Dashen,5
1183,ስም ብቻ 😏,negative,0.8337252736091614,Dashen,2
1184,Exellent app with exellent banking system and exellent bank ever,negative,0.9579959511756897,Dashen,5
1185,Amazing app to use as usual! But why option of transferring to Telebirr and M pesa which was available on Amole app is omitted?? Dasheen is my favourite keep it up.,positive,0.9711757302284241,Dashen,4
1186,Needs some improvement,negative,0.998008668422699,Dashen,5
1187,Amazing,positive,0.999875545501709,Dashen,5
1188,Amazing super app,positive,0.9998658895492554,Dashen,5
1189,I hope it will be better than amole,positive,0.9969701766967773,Dashen,5
1190,Wly Super App ilove it ❤️ 😍 💖 💕,negative,0.9463614821434021,Dashen,5
1191,Dashen yichalal. Ewnetem one step a head,negative,0.9832625389099121,Dashen,5
1192,It has a Good performance but need more upgrade for more performance like when we login account not be fast balance show other thing looking good. Carry on. Thanks so much for Greatest service,positive,0.9967933297157288,Dashen,4
1193,"It is a very wonderful work that has saved its time. That is why it is ""Always one step ahead!""",positive,0.9998805522918701,Dashen,5
1194,“Life-changing!” I can’t imagine going back to traditional banking after using this app. It’s so convenient.,positive,0.9968047142028809,Dashen,5
1195,Pro max,positive,0.9984601736068726,Dashen,5
1196,The most good app and easy,positive,0.9998631477355957,Dashen,5
1197,"Excellent and user friendly App. Excellence is what makes you always one step ahead. Dashen Bank, Always One Step Ahead !!",positive,0.9998682737350464,Dashen,5
1198,Proud to be dashen family . Shout out to the serial entrepreneur 👏,positive,0.9998549222946167,Dashen,5
1199,First ATM in East africa ⭐️⭐️⭐️⭐️⭐️,positive,0.9874703288078308,Dashen,5
1200,Best app.,positive,0.999774158000946,Dashen,5
1201,Better Move to catch the competition up👍,positive,0.9914566874504089,Dashen,5
1202,"Great job my home, my bank.",positive,0.9998712539672852,Dashen,5
1203,Always one step ahead! What a masterpiece.,positive,0.9998708963394165,Dashen,5
1204,Great App Well done Dashen Bank,positive,0.9997735619544983,Dashen,5
1205,Great!,positive,0.9998692274093628,Dashen,5
1206,"I love it but it has bugs during confirmation of password! So, please make it functional",positive,0.9805046916007996,Dashen,5
1207,Always one step forward,positive,0.999639630317688,Dashen,5
1208,"It's great! But it will be advanced if you include a caption that allow customers to transfer to Telebirr account. Dashen Bank, ""ኩሉ ግዜ፡ ሓደ ስጕሚ ቀዳሚ።"" (Always one step ahead!)",positive,0.9995723366737366,Dashen,4
1209,Small size with vast features and functionalities.,positive,0.9981461763381958,Dashen,5
1210,Amazing app 👏 👌 Dashen bank one step a head,positive,0.9995114803314209,Dashen,5
1211,"It has a great application features from the beginning. I'm glad to use it even I haven't used it yet because I haven't activated my account yet. But it's simple, comprehensive, full of information, and fast. በርቱ ዳሸኖች: The super app has impressed me more than I expected.",positive,0.999612033367157,Dashen,5
1212,Dashen Bank Always One Step Ahead!,positive,0.9996882677078247,Dashen,5
1213,U can't create account,negative,0.9984429478645325,Dashen,1
1214,Really super app... so seamless and with a nice user interface .. we are proud of you dashen bank ...,positive,0.9998613595962524,Dashen,5
1215,We will see it,positive,0.9998630285263062,Dashen,2
1216,Always one step a head!,positive,0.9981322884559631,Dashen,5
1217,"A lightweight,catchy and smooth app",positive,0.9987092018127441,Dashen,5
1218,Very impressive interface with best security feature and user friendly app.,positive,0.9997988343238831,Dashen,5
1219,It is so far so good it has a unique features than telebirr good job Dashen,positive,0.9998282194137573,Dashen,5
1220,"Yea , it's a good idea to make it with the bank name, it will help for the bank easily to find the application, and customers can easily downloed and use the product. I wish all the best for Dashen bank initiative.",positive,0.7550340890884399,Dashen,5
1221,This is My Bank!,positive,0.9968095421791077,Dashen,5
1222,"Truly, db => AlwaysOneStepAhead !!",negative,0.9989049434661865,Dashen,5
1223,ALWAYS ONE STEP AHEAD,positive,0.9997699856758118,Dashen,5
1224,Well developed,positive,0.9998576641082764,Dashen,5
1225,oh nice!!! i wish it's very nice app,positive,0.9996349811553955,Dashen,5
1226,Really the app looks like amazing. I can't wait to activate in the morning.,positive,0.9997010827064514,Dashen,5
1227,Applause 👏 Dashen Bank. One of the best super app inorder to pay easily and securely. One step a head.,positive,0.9996860027313232,Dashen,5
1228,Wow Dashen Super App 🚀🚀,positive,0.9978638291358948,Dashen,5
1229,All in One,positive,0.9988051652908325,Dashen,5
1230,The best Banking app I have ever seen,positive,0.9997634291648865,Dashen,5
1231,It looks good and simple to use,positive,0.9998189806938171,Dashen,5
1232,App That makes Difference!,positive,0.9998338222503662,Dashen,5
1233,Faster and userfriendly,positive,0.9199284911155701,Dashen,5
1234,"Waw Great and innovated,user friendly, always one step ahead",positive,0.999778687953949,Dashen,5
1235,It's Best waww 🙏,positive,0.9997444748878479,Dashen,5
1236,Always one step ahead,positive,0.9997699856758118,Dashen,5
1237,"Like Me, I Hope It Works Better Than Before.",positive,0.99872225522995,Dashen,5
