review_id,review_text,sentiment_label,sentiment_score,bank,rating,clean_text,theme
1,good app,positive,0.9998493194580078,CBE,5,good app,Positive Feedback
2,So bad now and hard to use,negative,0.999805748462677,CBE,5,bad hard use,"Negative Feedback, User Experience"
3,"it is so amazing app. but, it is better to update it to access without any internet fees. just make it to open by free internet service when we open data connection.",positive,0.9496427178382874,CBE,5,amazing app well update access internet fee open free internet service open datum connection,"Account Access, UI/UX, Customer Support, Positive Feedback"
4,v.good app,positive,0.9952701926231384,CBE,4,app,Other
5,very good app,positive,0.9998675584793092,CBE,1,good app,Positive Feedback
6,Very amazing app indeed. I'm enjoying it,positive,0.9998819828033448,CBE,5,amazing app enjoy,Positive Feedback
7,Best,positive,0.9997941851615906,CBE,5,well,Other
8,A great app. It's like carrying a bank in your pocket.,positive,0.9992928504943848,CBE,4,great app like carry bank pocket,Positive Feedback
9,More than garrantty bank EBC.,positive,0.9971959590911864,CBE,4,garrantty bank ebc,Other
10,really am happy to this app it is Siple to use everything,positive,0.9988697171211244,CBE,5,happy app siple use,User Experience
11,I liked this app. But the User interface is very basic and not attractive at all.,negative,0.9996840953826904,CBE,2,like app user interface basic attractive,User Experience
12,"""Why don’t your ATMs support account-to-account transfers like other countries( Kenya, Nigeria , South africa)""",negative,0.9964652061462402,CBE,4,atm support account account transfer like country kenya nigeria south africa,"Transaction, Customer Support"
13,what is this app problem???,negative,0.9996225833892822,CBE,1,app problem,Negative Feedback
14,the app is proactive and a good connections.,positive,0.9998679161071776,CBE,5,app proactive good connection,Positive Feedback
15,I cannot send to cbebirr app. through this app.,negative,0.9953354001045228,CBE,3,send cbebirr app app,Transaction
16,good,positive,0.999816119670868,CBE,4,good,Positive Feedback
17,not functional,negative,0.999778687953949,CBE,1,functional,User Experience
18,"everytime you uninstall the app you have to reach them out physically. very oldy! if that's one of security layer, they'd check for fraud attempt via app source directly(source:- app store, play store ... etc) implicitly ! we are in 2025, physical presence for every app install is traditional(traditionally very rare).",negative,0.9905162453651428,CBE,1,everytime uninstall app reach physically oldy security layer check fraud attempt app source app store play store etc implicitly physical presence app install rare,Security
19,አካውንት የምናስገባበት ቦታ ስም ጽፈን ነው ከዚህ በፊት የላክንባቸውን አካዉንቶች የምንፈልገዉ ነገር ግን አዲስ አካውንቶች mr ብለዉ የሚጀምሩ በዝተዋል ግን አፕልኬሽኑ space ስንጽፍ አይቀበልም ቢስተካከል,negative,0.9616847634315492,CBE,4,አካውንት የምናስገባበት ቦታ ስም ጽፈን ነው ከዚህ በፊት የላክንባቸውን አካዉንቶች የምንፈልገዉ ነገር ግን አዲስ አካውንቶች mr ብለዉ የሚጀምሩ በዝተዋል ግን አፕልኬሽኑ space ስንጽፍ አይቀበልም ቢስተካከል,Other
20,best,positive,0.9997941851615906,CBE,5,well,Other
21,Best Mobile Banking app ever,positive,0.9997294545173644,CBE,5,best mobile banking app,Positive Feedback
22,it was good app but it have some issues like it doesnt give me the right amount that I have in the bank and have some issues in transferring,negative,0.998119294643402,CBE,2,good app issue like not right bank issue transfer,"Transaction, Positive Feedback"
23,Good,positive,0.999816119670868,CBE,5,good,Positive Feedback
25,very niec,positive,0.5192620754241943,CBE,5,niec,Other
26,best app of finance,positive,0.9996503591537476,CBE,5,good app finance,Positive Feedback
27,yetemeta,positive,0.6553664803504944,CBE,1,yetemeta,Other
28,it is not safety,negative,0.9997867941856384,CBE,1,safety,Security
29,NICE bank,positive,0.999805510044098,CBE,5,nice bank,Positive Feedback
30,it is like a childish app make it better the worst I have ever seen,negative,0.9997958540916444,CBE,1,like childish app well bad see,Negative Feedback
31,"It's a problem solver application, go ahead CBE, I love so much.",positive,0.9997678399086,CBE,5,problem solver application ahead cbe love,"Positive Feedback, Negative Feedback"
32,It's good but try to make it facilitate for your client,positive,0.949176788330078,CBE,4,good try facilitate client,Positive Feedback
33,best app,positive,0.999686598777771,CBE,5,good app,Positive Feedback
34,Awesome bank,positive,0.99984610080719,CBE,5,awesome bank,Positive Feedback
35,this app has developed in a very good ways but there are some comments I need to make 1- preventing the screenshot likely not good for someone like me coz I need to make screenshot for quicker evidence. 2-it would be good if you make us to access recent transaction histories for 30 days coz we don't have to go to the Bank's in person to see old transactions or add colander category so user can easily access old transactions through colanders.,negative,0.9983141422271729,CBE,5,app develop good way comment need prevent screenshot likely good like coz need screenshot quick evidence good access recent transaction history day coz bank person old transaction add colander category user easily access old transaction colander,"Account Access, Transaction, Feature Request, Positive Feedback, User Experience"
36,Masha alla,negative,0.9514626860618592,CBE,5,masha alla,Other
37,"Recently there is big problem when sending to safaricom, telebir, and even to cbebirr wallet could anybody who is responsible fix it, it's very frustrating it's been 5 days and my money hasn't been returned it takes it out of my account but doesn't send it to my mpesa update- they have just corrected it and sent me back the money but still I'm afraid now to send again",negative,0.9991102814674376,CBE,2,recently big problem send safaricom telebir cbebirr wallet anybody responsible fix frustrating day money return take account send mpesa correct send money afraid send,"UI/UX, Transaction, Negative Feedback"
38,better service,positive,0.9982219338417052,CBE,5,well service,Customer Support
39,"it,s good app and time manager 👍",positive,0.999837040901184,CBE,5,s good app time manager,Positive Feedback
40,malkaamuu Jiidhaa Namoo,negative,0.9887813329696656,CBE,5,malkaamuu jiidhaa namoo,Other
41,lower system everything,negative,0.9993475079536438,CBE,3,low system,UI/UX
42,Nice!,positive,0.999863862991333,CBE,5,nice,Positive Feedback
43,Keep it up My CBE,positive,0.9996104836463928,CBE,5,cbe,Other
44,yes good,positive,0.9998410940170288,CBE,5,yes good,Positive Feedback
45,"I was using this app for the last two years with no problems. It stopped working about 3 months ago. when I tried to transfer funds it gives me error ""can't do this transaction. inactive account.""",negative,0.9996353387832642,CBE,4,app year problem stop work month ago try transfer fund give error transaction inactive account,"Transaction, Negative Feedback"
46,i like everything of this app,positive,0.9996908903121948,CBE,5,like app,Other
47,🤬🤬🤬🤬 network 🛜,negative,0.685613214969635,CBE,1,network,UI/UX
48,CBE is the best financial application and and very dimple to use. I would like to say thank you so much for the developer of application. I really appreciate this app.,positive,0.9982792139053344,CBE,5,cbe good financial application dimple use like thank developer application appreciate app,"Positive Feedback, User Experience"
49,nice,positive,0.9998552799224854,CBE,5,nice,Positive Feedback
50,good job,positive,0.999835729598999,CBE,5,good job,Positive Feedback
51,it's awesome!!,positive,0.999871015548706,CBE,5,awesome,Positive Feedback
52,thankyou every one,positive,0.99984610080719,CBE,5,thankyou,Positive Feedback
53,Ronaldo 🇵🇹 🥇,positive,0.9948286414146424,CBE,5,ronaldo,Other
54,"this app is absolutely fantastic I love it and I enjoying to it ,let us support this foundation together .",positive,0.9998852014541626,CBE,5,app absolutely fantastic love enjoy let support foundation,"Customer Support, Positive Feedback"
55,"The CBE app has been highly unreliable in recent weeks. It frequently fails to work properly on both Ethio Telecom and Safaricom networks, whether using Wi-Fi or mobile data. This week, the system was down entirely for extended periods, making it very difficult to access banking services. The app only functions intermittently, and the lack of consistency is frustrating. I hope the issues are addressed soon, and that any non-technical influences are removed from such essential services.",negative,0.9997394680976868,CBE,2,cbe app highly unreliable recent week frequently fail work properly ethio telecom safaricom network wi fi mobile datum week system entirely extended period make difficult access banking service app function intermittently lack consistency frustrating hope issue address soon non technical influence remove essential service,"Account Access, UI/UX, Customer Support, Feature Request"
56,mortuary app,negative,0.7924914956092834,CBE,5,mortuary app,Other
57,it is smart app but it has stoped after some period of time on my device with out any reason .,negative,0.9961044788360596,CBE,5,smart app stop period time device reason,User Experience
58,amazing app I am used this app for one year,positive,0.9991408586502076,CBE,4,amazing app app year,Positive Feedback
60,i love it 😍😘,positive,0.9998791217803956,CBE,5,love,Positive Feedback
61,It makes life easy!👌,positive,0.9993600249290466,CBE,5,make life easy,User Experience
62,its not fast,negative,0.9949808716773988,CBE,1,fast,Other
63,wow,positive,0.999592125415802,CBE,4,wow,Positive Feedback
64,it is sooo good,positive,0.9998735189437866,CBE,5,sooo good,Positive Feedback
65,excellent,positive,0.9998434782028198,CBE,5,excellent,Positive Feedback
66,ok,positive,0.9997851252555848,CBE,1,ok,Other
67,Fantastic,positive,0.9998743534088136,CBE,5,fantastic,Positive Feedback
68,accessible to using,positive,0.999116837978363,CBE,5,accessible,Account Access
69,I like it,positive,0.99985933303833,CBE,4,like,Other
70,why you change default network?,negative,0.9962357878684998,CBE,5,change default network,UI/UX
71,very nice 👍,positive,0.999857783317566,CBE,5,nice,Positive Feedback
72,nice fast app,positive,0.999833345413208,CBE,5,nice fast app,Positive Feedback
73,how to I get my money,negative,0.9934091567993164,CBE,5,money,Transaction
74,"Very bad, can't even load they need to improve their services.",negative,0.999816596508026,CBE,1,bad load need improve service,"Customer Support, Feature Request, Negative Feedback"
75,"Very good app, but please make it reliable . it crashes sometimes .",positive,0.9649853706359864,CBE,4,good app reliable crash,"UI/UX, Positive Feedback"
76,very busy I don't know why... I prefer 889,negative,0.9991938471794128,CBE,3,busy know prefer,Other
77,"Sometimes it has a nasty lag for several hour fix that , the rest is 👌",negative,0.9966771602630616,CBE,4,nasty lag hour fix rest,UI/UX
78,the most boring Mobil banking application in ethiopia.Please use alternative private banks mobile banking apps,negative,0.9986202716827391,CBE,1,boring mobil banking application ethiopia use alternative private bank mobile banking app,User Experience
79,hojii bonsaadha,positive,0.9568661451339722,CBE,5,hojii bonsaadha,Other
80,user-friendly apps.because this app is easy.,positive,0.955450713634491,CBE,5,user friendly app easy,User Experience
81,Awosome!!!,positive,0.6944916844367981,CBE,5,awosome,Other
82,"Very good app,",positive,0.9998691082000732,CBE,5,good app,Positive Feedback
83,sync problem may 22 2025 but the date stack on may 8 2025 help pls,negative,0.992516815662384,CBE,5,sync problem date stack help pls,"Customer Support, Negative Feedback"
84,ይህ መተግበሪያ በጣም ጥሩ ነው. this app is very nice,positive,0.9997020363807678,CBE,5,ይህ መተግበሪያ በጣም ጥሩ ነው app nice,Positive Feedback
85,I hate this app 😒,negative,0.9996378421783448,CBE,1,hate app,Other
86,trustful,positive,0.9998213648796082,CBE,5,trustful,Other
87,I like,positive,0.9998149275779724,CBE,5,like,Other
88,update issue,positive,0.5473260283470154,CBE,4,update issue,UI/UX
89,its not working over safari network,negative,0.9991377592086792,CBE,1,work safari network,UI/UX
90,oldie,negative,0.6663177013397217,CBE,1,oldie,Other
91,it doesn't work,negative,0.9997813105583192,CBE,1,work,Other
92,"This app is good, and we are using it well",positive,0.999855637550354,CBE,1,app good,Positive Feedback
93,very nice 👌 app for android phone,positive,0.9994401335716248,CBE,5,nice app android phone,Positive Feedback
94,Yes Yes,positive,0.9997482895851136,CBE,5,yes yes,Other
95,በጣም ከርፋፋ,negative,0.7850590348243713,CBE,1,በጣም ከርፋፋ,Other
96,easy to use helpful in my life,positive,0.9981144666671752,CBE,5,easy use helpful life,"Customer Support, User Experience"
97,good 👍,positive,0.9998576641082764,CBE,4,good,Positive Feedback
98,the best mobile banking app,positive,0.9998278617858888,CBE,5,good mobile banking app,Positive Feedback
99,"this app is very useful app,it saves time,and it is secure",positive,0.9992597699165344,CBE,4,app useful app save time secure,"Security, User Experience"
100,it's a good application 👍,positive,0.9998123049736024,CBE,5,good application,Positive Feedback
101,the screenshot and the reffresh options are so annoying that makes transaction so delaying activity !,negative,0.9997513890266418,CBE,2,screenshot reffresh option annoying make transaction delay activity,"Transaction, Feature Request"
102,poor service,negative,0.999653458595276,CBE,1,poor service,"Customer Support, Negative Feedback"
103,amazing,positive,0.999875545501709,CBE,5,amazing,Positive Feedback
104,it is reliable and easy to use.,positive,0.9998389482498168,CBE,5,reliable easy use,User Experience
105,the most annoying mobile banking app I've ever seen,negative,0.9994208812713624,CBE,1,annoying mobile banking app see,Other
106,Cbe mobile banking,positive,0.8304281234741211,CBE,5,cbe mobile banking,Other
107,"i can't make Screenshout in this app, please made modification",negative,0.9966920614242554,CBE,5,screenshout app modification,Other
108,Best app I loved it,positive,0.999849796295166,CBE,5,good app love,Positive Feedback
109,nice app,positive,0.9998061060905457,CBE,5,nice app,Positive Feedback
110,Amazing applicatiom sometimes doesnt work!,negative,0.6448812484741211,CBE,5,amazing applicatiom not work,Positive Feedback
111,well satisfied with this beautiful app,positive,0.999858856201172,CBE,5,satisfied beautiful app,Other
112,very good,positive,0.9998520612716676,CBE,4,good,Positive Feedback
113,best app.,positive,0.999774158000946,CBE,5,good app,Positive Feedback
114,"not working,why???",negative,0.9995881915092468,CBE,5,work,Other
115,Great impact but why Developer option turnoff if you fix 🙏 🙏 🙏,negative,0.9841780066490172,CBE,5,great impact developer option turnoff fix,"UI/UX, Feature Request, Positive Feedback"
116,always disappointing ! especially the iOS one !! some similar local applications are extremely superior to this application!! Really disappointing!,negative,0.9996201992034912,CBE,1,disappointing especially ios similar local application extremely superior application disappointing,"Positive Feedback, Negative Feedback"
117,woxe harimo ribiso,negative,0.9374371767044068,CBE,5,woxe harimo ribiso,Other
118,"Good ,easy to use",positive,0.9998592138290404,CBE,5,good easy use,"Positive Feedback, User Experience"
119,Good app,positive,0.9998493194580078,CBE,5,good app,Positive Feedback
120,Good job👍,positive,0.9998576641082764,CBE,5,good job,Positive Feedback
121,"Please kindly ask to update the app and allow us to screenshot, it's convenient and efficient as long as you add security to the access there is no reason to block us from screenshooting our screen.",positive,0.9939066767692566,CBE,2,kindly ask update app allow screenshot convenient efficient long add security access reason block screenshoote screen,"Account Access, UI/UX, Security, Feature Request, User Experience"
122,I have using the CBE mobile banking app. and overall i appreciate its Feuteres However i.ve Notticed that when i turn on the Developer options on my divice the App.Stop Functioning prorerly It.Would Be Great If You could look into This issue as l often need to access Developer setting for Otter Application ThankYou For Your attention to This Matter,negative,0.9474120736122132,CBE,4,cbe mobile banking app overall appreciate feutere nottice turn developer option divice app stop function prorerly great look issue l need access developer setting otter application thankyou attention matter,"Account Access, Feature Request, Positive Feedback"
123,customer service is bad nothing is good about this bank,negative,0.9996613264083862,CBE,1,customer service bad good bank,"Customer Support, Positive Feedback, Negative Feedback"
124,It is Amazing Mobile Banking App....But why the screenshot of the receipt doesnt work,negative,0.992915153503418,CBE,5,amazing mobile banking app screenshot receipt not work,Positive Feedback
125,fast and simple easy to use 👌,positive,0.998494267463684,CBE,5,fast simple easy use,User Experience
126,The fastest transferring app I ever had its so reliable,positive,0.9844427704811096,CBE,5,fast transferring app reliable,Transaction
127,"Funds transferred from the same bank do not reflect in the account, even though a confirmation text message was received.",negative,0.9986681938171388,CBE,3,fund transfer bank reflect account confirmation text message receive,Transaction
128,it's easy and fast,positive,0.9995684027671814,CBE,5,easy fast,User Experience
129,This app don't have self activation only you have to look near cbe branch that's disgusting,negative,0.9960438013076782,CBE,1,app self activation look near cbe branch disgusting,Other
130,hello dearest CBE office personnel make some benefits for those using interest free accounts thanks for your help,positive,0.999572217464447,CBE,5,hello dear cbe office personnel benefit interest free account thank help,"Customer Support, Positive Feedback"
131,wow best application ever,positive,0.9997984766960144,CBE,5,wow good application,Positive Feedback
132,"Am sorry but what does developer mode do to the application ? hack it ? are you sure you are developer or are you stupid, doesnt makes sense,",negative,0.9997019171714784,CBE,1,sorry developer mode application hack sure developer stupid not make sense,Other
133,the pride of Ethiopian bank 🏦,positive,0.999118983745575,CBE,5,pride ethiopian bank,Other
134,why the app telling me to turn of developer options please fix it.,negative,0.9990994930267334,CBE,1,app tell turn developer option fix,"UI/UX, Feature Request"
135,i am very happy . i have small prob. after i transfer i cant put the transfer cashe bil to my dic.,positive,0.9976927042007446,CBE,5,happy small prob transfer not transfer cashe bil dic,Transaction
136,amazing apps,positive,0.9998716115951538,CBE,5,amazing app,Positive Feedback
137,All service of Mobile Banking,positive,0.8924251198768616,CBE,5,service mobile banking,Customer Support
138,needs improvement,negative,0.9966731071472168,CBE,1,need improvement,Feature Request
139,i miss the old one i couldn't send my mony to other bank..,negative,0.995843231678009,CBE,1,miss old send mony bank,Transaction
140,the app is recently crushing each time you open and try to make transfers...it used to be good. take lessons from the Dashen Super app or ethiotelecom. it is not befitting of your experience and glory. inv3st in making it more friendly and convenient. I am considering leaving CBE for good.,negative,0.9984410405158995,CBE,2,app recently crush time open try transfer good lesson dashen super app ethiotelecom befit experience glory make friendly convenient consider leave cbe good,"Transaction, Positive Feedback, User Experience"
141,good but these week not oky,negative,0.955415666103363,CBE,4,good week oky,Positive Feedback
142,well designed! Fixing bugs & two step verification with biometric... simply it's great!,positive,0.99980491399765,CBE,5,design fix bug step verification biometric simply great,"Account Access, UI/UX, Positive Feedback"
143,If any developer is reading this please fix the screenshot functionality or at least the download button should work flawlessly without me touching it twenty times.,negative,0.9975224137306212,CBE,1,developer read fix screenshot functionality download button work flawlessly touch time,"UI/UX, User Experience"
144,"it's a great job.but one more thing, it hasn't been placed for transfer to other banks on face like mobile charge card place",positive,0.8991119265556335,CBE,5,great thing place transfer bank face like mobile charge card place,"Transaction, Positive Feedback"
145,CBE mobilr bankg,positive,0.8703056573867798,CBE,5,cbe mobilr bankg,Other
146,verygood,positive,0.9988996982574464,CBE,3,verygood,Positive Feedback
147,ممتاز جدا,negative,0.8031745553016663,CBE,5,ممتاز جدا,Other
148,it's very low quality application,negative,0.9996594190597534,CBE,1,low quality application,Other
149,Very Amazing Apps,positive,0.9998774528503418,CBE,5,amazing apps,Positive Feedback
150,አዛ,negative,0.6970565915107727,CBE,1,አዛ,Other
151,wow simple life,positive,0.9997076392173768,CBE,5,wow simple life,"Positive Feedback, User Experience"
152,it's nice,positive,0.9998672008514404,CBE,5,nice,Positive Feedback
153,Why stacked sometimes,negative,0.9941052198410034,CBE,5,stack,Other
154,okay 👍 but sometimes busy,negative,0.8515542149543762,CBE,1,okay busy,Other
155,the worst commercial company that fails to do even the most normal things again and and again.,negative,0.9997990727424622,CBE,1,bad commercial company fail normal thing,Negative Feedback
156,Very good app. but disappointed by general cessation of system.,negative,0.998118817806244,CBE,5,good app disappoint general cessation system,"UI/UX, Positive Feedback, Negative Feedback"
157,Good and fast,positive,0.9998561143875122,CBE,5,good fast,Positive Feedback
158,Unreliable!,negative,0.9997379183769226,CBE,1,unreliable,Other
159,Best the best fast,positive,0.9998427629470824,CBE,5,well good fast,Positive Feedback
160,happy,positive,0.99987530708313,CBE,5,happy,Other
161,fast and reliable,positive,0.9998595714569092,CBE,5,fast reliable,Other
162,network errorrrrrr,negative,0.9978076815605164,CBE,2,network errorrrrrr,UI/UX
163,Best app but there is some problem I can't send money to telebirr or mpesa so if you can add that it could be use full,negative,0.9982808828353882,CBE,4,good app problem send money telebirr mpesa add use,"Transaction, Feature Request, Positive Feedback, Negative Feedback, User Experience"
164,its good and simple to use,positive,0.9998610019683838,CBE,5,good simple use,"Positive Feedback, User Experience"
165,worest app like that bank for security and network access,negative,0.9927296042442322,CBE,1,wor app like bank security network access,"Account Access, UI/UX, Security"
166,it's the best app i,positive,0.999834418296814,CBE,5,good app,Positive Feedback
167,not bad not good,negative,0.9715350866317748,CBE,1,bad good,"Positive Feedback, Negative Feedback"
168,its very nice,positive,0.9998526573181152,CBE,5,nice,Positive Feedback
169,do not work this week,negative,0.99776029586792,CBE,3,work week,Other
170,It crashes frequently,negative,0.9993256330490112,CBE,4,crash frequently,UI/UX
171,the best,positive,0.9998332262039183,CBE,5,good,Positive Feedback
172,"I can simply describe this app as ""Making all your work easier"".",positive,0.8382593393325806,CBE,5,simply describe app make work easy,User Experience
173,goid,negative,0.7086994647979736,CBE,5,goid,Other
174,best appearance,positive,0.9996986389160156,CBE,5,good appearance,Positive Feedback
175,it's very good 👍 app,positive,0.999859094619751,CBE,5,good app,Positive Feedback
176,I need support you,negative,0.9881443977355956,CBE,5,need support,"Customer Support, Feature Request"
177,the worst Mobile banking i have ever seen in my life,negative,0.9997807145118712,CBE,1,bad mobile banking see life,Negative Feedback
178,super,positive,0.998783528804779,CBE,5,super,Positive Feedback
180,i like the app,positive,0.9994398951530457,CBE,5,like app,Other
181,the Best,positive,0.9998332262039183,CBE,1,good,Positive Feedback
182,to other bank is bad,negative,0.9997149109840392,CBE,1,bank bad,Negative Feedback
183,tank's,negative,0.9855976700782776,CBE,5,tank,Other
184,its good but add more features such like. bank statement showing,positive,0.9881665110588074,CBE,5,good add feature like bank statement show,"Feature Request, Positive Feedback"
185,it is so nice,positive,0.9998714923858644,CBE,5,nice,Positive Feedback
186,Very Good👍,positive,0.8243637084960938,CBE,5,good,Positive Feedback
187,"my first frequent experience of cbe app is critical-time failure such as suspending payment on air for 2-5 days with zero explanation, deducting from sender account without depositing to the receiver act. Another fatal error by the banking company as a whole (not the app itself though) is forced-banking with corporations without consent of employers-users of the corresponding corporations",negative,0.9995972514152528,CBE,2,frequent experience cbe app critical time failure suspend payment air day zero explanation deduct sender account deposit receiver act fatal error bank company app force banking corporation consent employer user correspond corporation,"Transaction, User Experience"
188,"wow, amazing app",positive,0.9998503923416138,CBE,5,wow amazing app,Positive Feedback
189,use ful,negative,0.9949980974197388,CBE,5,use ful,User Experience
190,Great app,positive,0.999821126461029,CBE,5,great app,Positive Feedback
191,well app,positive,0.9993765950202942,CBE,5,app,Other
192,Actually it is inactive,negative,0.9996483325958252,CBE,4,actually inactive,Other
193,"slow, only one account is used",negative,0.9997527003288268,CBE,2,slow account,UI/UX
194,always CBE is the leading Commercial Bank💪💪💪,positive,0.9975135326385498,CBE,5,cbe lead commercial bank,Other
195,i like it,positive,0.99985933303833,CBE,5,like,Other
196,why removing screenshot feature why?,negative,0.9981147050857544,CBE,1,remove screenshot feature,Feature Request
197,nice apps where network is good in connection,positive,0.9994925260543824,CBE,5,nice app network good connection,"UI/UX, Positive Feedback"
198,Thank you!!!,positive,0.9998666048049928,CBE,5,thank,Positive Feedback
199,i can't take screenshot,negative,0.9897894263267516,CBE,1,screenshot,Other
200,"every update was made the system better and better until the March 19th, 2025 update, not allowing us to screenshot. you guys didn't understand how much it's a really quick and significant thing. You add extra steps to us, which makes the process draw back",negative,0.9861215949058532,CBE,3,update system well well march update allow screenshot guy understand quick significant thing add extra step make process draw,"Account Access, UI/UX, Feature Request"
201,perfectly special,positive,0.999879002571106,CBE,5,perfectly special,Positive Feedback
202,Fast and Reliable,positive,0.9998595714569092,CBE,5,fast reliable,Other
203,The best application I have ever seen in Ethiopia banking industry.,positive,0.9997448325157166,CBE,5,good application see ethiopia banking industry,Positive Feedback
204,great app!!!,positive,0.9998501539230348,CBE,5,great app,Positive Feedback
205,because sometimes it doesn't working it load too much,negative,0.9911932349205016,CBE,3,work load,Other
206,"Absolutely the best app! It works flawlessly, anytime and anywhere.",positive,0.9998784065246582,CBE,5,absolutely good app work flawlessly anytime,Positive Feedback
207,very nice app ever!!!,positive,0.999826967716217,CBE,5,nice app,Positive Feedback
208,the best app,positive,0.9998469352722168,CBE,5,good app,Positive Feedback
209,Biometric security for mobile banking is not available,negative,0.9996340274810792,CBE,5,biometric security mobile banking available,Security
210,great,positive,0.9998630285263062,CBE,5,great,Positive Feedback
211,Nice service,positive,0.9998397827148438,CBE,5,nice service,"Customer Support, Positive Feedback"
212,great app,positive,0.999821126461029,CBE,5,great app,Positive Feedback
213,it's special apps,positive,0.9995416402816772,CBE,5,special app,Other
214,"In the updated version of the app, it takes more time to download the receipt.",negative,0.9985652565956116,CBE,3,update version app take time download receipt,UI/UX
215,ለምንድነው ትራንዛክሽን ትንሽ ብቻ የሚያሳየው ?,negative,0.9647620320320128,CBE,3,ለምንድነው ትራንዛክሽን ትንሽ ብቻ የሚያሳየው,Other
216,Good 🔥,positive,0.9998576641082764,CBE,5,good,Positive Feedback
217,very interesting app i am using every day fantastic,positive,0.9998443126678468,CBE,5,interesting app day fantastic,Positive Feedback
218,lebaa bank,negative,0.9437296390533448,CBE,5,lebaa bank,Other
219,Can't scan/recognize other banks' Interoperable QR Codes,negative,0.9983273148536682,CBE,1,scan recognize bank interoperable qr code,Other
220,OK,positive,0.9997851252555848,CBE,5,ok,Other
221,grateful app,positive,0.9998038411140442,CBE,5,grateful app,Other
223,everthing wellbeok,negative,0.7055779695510864,CBE,3,everthe wellbeok,Other
224,"""This mobile banking app is fast and user-friendly, but the only issue I encountered is that I can't access my bank statement within the app. I kindly request that this feature be added, similar to what is offered by other private bank mobile banking apps.",negative,0.9963226318359376,CBE,4,mobile banking app fast user friendly issue encounter access bank statement app kindly request feature add similar offer private bank mobile banking app,"Account Access, Feature Request, User Experience"
225,nice app 👌,positive,0.9996724128723145,CBE,5,nice app,Positive Feedback
226,why did this app is not screenshot,negative,0.9989493489265442,CBE,5,app screenshot,Other
227,it so good app,positive,0.999868631362915,CBE,5,good app,Positive Feedback
228,جميل,positive,0.9271727204322816,CBE,5,جميل,Other
229,"less network, specially to make fee for utility purpose",negative,0.994688868522644,CBE,1,network specially fee utility purpose,UI/UX
230,simply for used,negative,0.9918004870414734,CBE,4,simply,Other
231,wow keep up,positive,0.9998539686203004,CBE,5,wow,Positive Feedback
232,its great app but when updating we can't take screen shot please try to fix it,negative,0.9934490323066713,CBE,3,great app update screen shot try fix,"UI/UX, Positive Feedback"
233,good one,positive,0.9998288154602052,CBE,5,good,Positive Feedback
234,everything is easy thank you cebe,positive,0.9998396635055542,CBE,5,easy thank cebe,"Positive Feedback, User Experience"
235,ፈጣን ቀልጣፋ,negative,0.7850590348243713,CBE,5,ፈጣን ቀልጣፋ,Other
236,ጎበዝ,negative,0.6970565915107727,CBE,5,ጎበዝ,Other
237,but this app says can't sync,negative,0.9988365769386292,CBE,5,app say sync,Other
238,waw,negative,0.7346178889274597,CBE,5,waw,Other
239,to slow,negative,0.999487280845642,CBE,3,slow,UI/UX
240,work on screen shot system,negative,0.5902671217918396,CBE,4,work screen shot system,UI/UX
241,very very nice aplication,positive,0.9998292922973632,CBE,1,nice aplication,Positive Feedback
242,wonder full and it is easy to use,positive,0.9996142387390136,CBE,5,wonder easy use,User Experience
243,easy and reliable,positive,0.9998584985733032,CBE,2,easy reliable,User Experience
244,it is Very Useful app 👍,positive,0.994536280632019,CBE,5,useful app,User Experience
245,perfect app,positive,0.9998340606689452,CBE,5,perfect app,Positive Feedback
246,I like it.,positive,0.999869465827942,CBE,5,like,Other
247,bugs,negative,0.9988303780555724,CBE,3,bug,UI/UX
248,commerial Bank,negative,0.6810258030891418,CBE,5,commerial bank,Other
249,Genat biru,negative,0.966159999370575,CBE,2,genat biru,Other
251,it is good but it doesn't allow screen shot,positive,0.6723125576972961,CBE,4,good allow screen shot,Positive Feedback
252,the best one,positive,0.9998371601104736,CBE,5,good,Positive Feedback
253,You need to copy many things from other bank apps like Amole(Dashen),negative,0.9967620372772216,CBE,2,need copy thing bank app like,Feature Request
254,bring back the screenshot feature.,positive,0.9942916631698608,CBE,1,bring screenshot feature,Feature Request
255,Good!👍,positive,0.9998579025268556,CBE,3,good,Positive Feedback
256,best app to experience him that to smooth transaction among the customers,positive,0.9985142350196838,CBE,1,good app experience smooth transaction customer,"Transaction, Customer Support, Positive Feedback"
257,nice app suitable to use it. the only weak side is it need data connections and hoping will be fixed to offline i gave 4 rate,negative,0.9551454782485962,CBE,4,nice app suitable use weak need data connection hoping fix offline give rate,"UI/UX, Feature Request, Positive Feedback, User Experience"
258,easy to use,positive,0.9988542795181274,CBE,5,easy use,User Experience
259,"Good job to the CBE team on this mobile app! It's designed in a way that's simple and intuitive to navigate, which is great for everyone. It effectively handles the essential banking tasks I need to perform regularly. It's a practical and reliable tool that makes everyday banking much more convenient. Thank you for this useful application.",positive,0.9998189806938172,CBE,5,good job cbe team mobile app design way simple intuitive navigate great effectively handle essential banking task need perform regularly practical reliable tool make everyday banking convenient thank useful application,"Account Access, Feature Request, Positive Feedback, User Experience"
260,ለኔ በጣም ምርጥ ነው ግን screenshot ማረግ ቢቻል ምርጥ ነበር,negative,0.881923258304596,CBE,5,ለኔ በጣም ምርጥ ነው ግን screenshot ማረግ ቢቻል ምርጥ ነበር,Other
261,before it was smooth and good. this time after the new update in 2025 i can not make screenshot of my recite. even the downlod button is very delayed in putting my recite in my gallery for simple proof. please fix this i am unable to show proof of payment to my clients. thankyou.,negative,0.9973511695861816,CBE,3,smooth good time new update screenshot recite downlod button delayed put recite gallery simple proof fix unable proof payment client thankyou,"UI/UX, Transaction, Positive Feedback, User Experience"
262,cool ❤,positive,0.9997991919517516,CBE,4,cool,Other
263,Best app,positive,0.999686598777771,CBE,5,good app,Positive Feedback
264,best banking App,positive,0.999736487865448,CBE,4,good banking app,Positive Feedback
265,satisfied,positive,0.9997212290763856,CBE,5,satisfy,Other
266,this app is very necessary app many people found it,positive,0.9980692267417908,CBE,5,app necessary app people find,Other
267,cbe very active Bank I'm using CBE app very very satisfaction,positive,0.989459753036499,CBE,5,cbe active bank cbe app satisfaction,Other
268,It made life alot easier. I cant even imagine having to make all those transactions in person. So this app was crucial for me. Very good app. well done.,positive,0.9997400641441344,CBE,5,life alot easy not imagine have transaction person app crucial good app,"Transaction, Positive Feedback, User Experience"
269,perfect,positive,0.9998517036437988,CBE,5,perfect,Positive Feedback
270,thankyou,positive,0.999842882156372,CBE,5,thankyou,Positive Feedback
271,I Like it,positive,0.99985933303833,CBE,5,like,Other
272,"I don't understand the reason, why I need to disable developer options to access the app, it has no security risks nor does it hinder the app's functionalities. This goes out to the dev, I hope your life is filled with inconveniences.",negative,0.9986600875854492,CBE,1,understand reason need disable developer option access app security risk hinder app functionality go dev hope life fill inconvenience,"Account Access, Security, Feature Request, User Experience"
273,smart app,positive,0.999789297580719,CBE,5,smart app,User Experience
274,isin ga'a,positive,0.7607281804084778,CBE,2,isin,Other
275,it's great,positive,0.9998691082000732,CBE,5,great,Positive Feedback
276,very good app and stars faction with work,positive,0.999858856201172,CBE,5,good app star faction work,Positive Feedback
277,It is excelent,positive,0.9998881816864014,CBE,5,excelent,Other
278,Smart,positive,0.9998456239700316,CBE,5,smart,User Experience
279,በየወሩ አፕደት እየጠየቀኝ ነው ለነገሩ ብር ስሌለኝ ይሆናል እና ምን ለማለት ፈልገ መሰላቹ ወላህ ቼግሮኛል 🥺🥺🥺,negative,0.9570208191871644,CBE,3,በየወሩ አፕደት እየጠየቀኝ ነው ለነገሩ ብር ስሌለኝ ይሆናል እና ምን ለማለት ፈልገ መሰላቹ ወላህ ቼግሮኛል,Other
280,very interesting app,positive,0.9997968077659608,CBE,5,interesting app,Other
281,wow.......cbe.....keep it up.....!!!!!!,positive,0.998596966266632,CBE,5,wow cbe,Positive Feedback
282,ጊዜን ቆጣቢ እና ህይወትን ቀለል ከሚያደርጉ ኢትዬጲያ ካሉ ፋይናንስ አፕልኬሽኖች ሁሉ ይሄ ይለያል,negative,0.9510265588760376,CBE,5,ጊዜን ቆጣቢ እና ህይወትን ቀለል ከሚያደርጉ ኢትዬጲያ ካሉ ፋይናንስ አፕልኬሽኖች ሁሉ ይሄ ይለያል,Other
283,Excellent🙏app,negative,0.6970565915107727,CBE,5,excellent app,Positive Feedback
284,the most useful,positive,0.9997223019599916,CBE,5,useful,User Experience
285,I am more satisfied in this app . More sure you have to secure.,positive,0.9787841439247132,CBE,4,satisfied app sure secure,Security
286,Easy to use,positive,0.9988542795181274,CBE,5,easy use,User Experience
287,"very good, but sometimes NUR CBE comes without my consent. even if I choose locked, it appears",negative,0.9585953950881958,CBE,4,good nur cbe come consent choose lock appear,Positive Feedback
288,Excellent !!!,positive,0.999865174293518,CBE,5,excellent,Positive Feedback
289,always we relay on,positive,0.9971832633018494,CBE,5,relay,Other
290,I'm lucky to have this🙏 thank you CBE.,positive,0.999750792980194,CBE,5,lucky thank cbe,Positive Feedback
291,it's need more improvement like Tellbirr.,negative,0.999363124370575,CBE,4,need improvement like tellbirr,Feature Request
292,goode app,positive,0.9997406601905824,CBE,5,goode app,Positive Feedback
293,a very nice app.👍👍👍,positive,0.9998323917388916,CBE,5,nice app,Positive Feedback
294,safe easy & fast,positive,0.999711573123932,CBE,5,safe easy fast,"Security, User Experience"
295,it's good app,positive,0.9998689889907836,CBE,5,good app,Positive Feedback
296,It is veary useful app but screen shout was impossible .solve this problem,negative,0.9958590865135192,CBE,5,veary useful app screen shout impossible problem,"Negative Feedback, User Experience"
297,ጥሩ ነው,negative,0.7850590348243713,CBE,5,ጥሩ ነው,Other
298,እጅግ በጣም ጥሩ አፕ,negative,0.8616330027580261,CBE,5,እጅግ በጣም ጥሩ አፕ,Other
299,በጣም ሃሪፍ ነው ግን ብር በሚተላለፍበት ወቅት ተቀንሷል ይላል እላፊ መልክቱ ይደርሳል ግን አይቀንስም,negative,0.9528433680534364,CBE,5,በጣም ሃሪፍ ነው ግን ብር በሚተላለፍበት ወቅት ተቀንሷል ይላል እላፊ መልክቱ ይደርሳል ግን አይቀንስም,Other
300,suitable app,positive,0.9997665286064148,CBE,4,suitable app,Other
301,Dear cbe this app is not comparable with 21century and pls try to solve it.💀💀💀,negative,0.9995038509368896,CBE,1,dear cbe app comparable pls try solve,Other
302,best transaction method of financial,positive,0.9995972514152528,CBE,5,good transaction method financial,"Transaction, Positive Feedback"
303,#CBE is Now going to on the right Pathway/track/!! Thank you CBE one step ahead on payment platform app!!,positive,0.9995881915092468,CBE,5,cbe go right pathway thank cbe step ahead payment platform app,"Transaction, Positive Feedback"
304,It literarily don't work at all,negative,0.9995075464248656,CBE,4,literarily work,Other
305,good give us plus,positive,0.9998716115951538,CBE,5,good plus,Positive Feedback
306,"Very good application. However, I have one functionality recommendation. What if you let the app transfer money to any telebirr account as for MPESA? By the way, I am not the only one to ask this. Thank you!",positive,0.9895473718643188,CBE,4,good application functionality recommendation let app transfer money telebirr account mpesa way ask thank,"Transaction, Positive Feedback, User Experience"
307,before update it was able to screenshot while after update I can't able to screenshot the transfere details,negative,0.9852171540260316,CBE,4,update able screenshot update able screenshot transfere detail,"UI/UX, Transaction"
308,Tnc Cbe,positive,0.9070308804512024,CBE,5,tnc cbe,Other
309,it is good app. But you have integrate cbe with cbe birr. to allow cardless withdrawal directly from our accout!,negative,0.9151973128318788,CBE,4,good app integrate cbe cbe birr allow cardless withdrawal directly accout,"Transaction, Positive Feedback"
310,great apps,positive,0.999853491783142,CBE,5,great app,Positive Feedback
311,Excellent,positive,0.9998434782028198,CBE,5,excellent,Positive Feedback
312,Great app!,positive,0.9998462200164796,CBE,4,great app,Positive Feedback
313,CBE,positive,0.9966009855270386,CBE,5,cbe,Other
314,very good 👍 👏,positive,0.99985933303833,CBE,5,good,Positive Feedback
315,great when it works,positive,0.9998693466186525,CBE,5,great work,Positive Feedback
316,"the app is very good, but why screenshots is impossible?",negative,0.981265127658844,CBE,5,app good screenshot impossible,Positive Feedback
317,excellent match application,positive,0.9998453855514526,CBE,5,excellent match application,Positive Feedback
318,The Best app😍😍😍,positive,0.9998503923416138,CBE,5,best app,Positive Feedback
319,excellent app,positive,0.9998356103897096,CBE,5,excellent app,Positive Feedback
320,easy to use and user friendly,positive,0.9979179501533508,CBE,5,easy use user friendly,User Experience
321,very nice,positive,0.9998563528060912,CBE,5,nice,Positive Feedback
322,አሪፍ ነው በተለይ የአሻራ ደህነቱ መረጋገጡ ተመችቶኛል,negative,0.9200406670570374,CBE,3,አሪፍ ነው በተለይ የአሻራ ደህነቱ መረጋገጡ ተመችቶኛል,Other
323,well software,positive,0.999262273311615,CBE,5,software,Other
324,ጥሩ ነው አንዳንዴ ስታክ ቢያደርግም,negative,0.8832131028175354,CBE,4,ጥሩ ነው አንዳንዴ ስታክ ቢያደርግም,Other
325,CBE very good apps,positive,0.9998394250869752,CBE,5,cbe good app,Positive Feedback
326,"This application fast, secure and more convenient. Thanks CBE",positive,0.9992094039916992,CBE,5,application fast secure convenient thank cbe,"Security, Positive Feedback, User Experience"
327,excellent service,positive,0.9998576641082764,CBE,5,excellent service,"Customer Support, Positive Feedback"
328,it's best,positive,0.999842643737793,CBE,5,good,Positive Feedback
329,Why didn't you display cash transactions and bank statement in the mobile banking app?,negative,0.9976195693016052,CBE,4,display cash transaction bank statement mobile banking app,Transaction
330,Amazing app,positive,0.9998670816421508,CBE,5,amazing app,Positive Feedback
331,our legitimate bank,positive,0.9954161643981934,CBE,4,legitimate bank,Other
332,Ever and never seen this kind of app I proud my CBE,positive,0.9952196478843688,CBE,5,see kind app proud cbe,Other
333,very good and safe for me!,positive,0.9998769760131836,CBE,5,good safe,"Security, Positive Feedback"
334,it is best bank,positive,0.9997767806053162,CBE,5,good bank,Positive Feedback
335,"very good, but sometimes....",positive,0.9997310042381288,CBE,4,good,Positive Feedback
336,ከአንድ መስሪያ ቤት ወይም ድርጅት ወይም ግለሰብ በርከት ላለ ሰው ሲላክ የላኪውን መስሪያ ቤት ወይም ድርጅት ወይም ግለሰብ እንዲያሳይ አታደርጉም ? ግለሰብ ለግለሰብ ወይም ለድርጅት ሲከፍል ያሳያል ።,negative,0.972727358341217,CBE,5,ከአንድ መስሪያ ቤት ወይም ድርጅት ወይም ግለሰብ በርከት ላለ ሰው ሲላክ የላኪውን መስሪያ ቤት ወይም ድርጅት ወይም ግለሰብ እንዲያሳይ አታደርጉም ግለሰብ ለግለሰብ ወይም ለድርጅት ሲከፍል ያሳያል,Other
337,Why not allowed to pay for fuel?,negative,0.9974955916404724,CBE,4,allow pay fuel,Other
338,Really! this app is more simple to use at any time in every where also it's transaction quality between the users within the transaction receipt as abank that means this app is our bank on hand in mobile frankly I proud on this bank digital. I have no word to wrote ...... but it's have weakness on poor connection.,negative,0.9962796568870544,CBE,5,app simple use time transaction quality user transaction receipt abank mean app bank hand mobile frankly proud bank digital word wrote weakness poor connection,"Transaction, Negative Feedback, User Experience"
339,ቆንጆ ነው,negative,0.7850590348243713,CBE,5,ቆንጆ ነው,Other
340,Great version,positive,0.9998726844787598,CBE,5,great version,"UI/UX, Positive Feedback"
341,Good and easy to use,positive,0.9998656511306764,CBE,5,good easy use,"Positive Feedback, User Experience"
342,nice app and fast money transfer,positive,0.9994321465492249,CBE,5,nice app fast money transfer,"Transaction, Positive Feedback"
343,Really automated...,positive,0.8894475102424622,CBE,5,automate,Other
344,good App,positive,0.9998493194580078,CBE,5,good app,Positive Feedback
345,bek betam kelal,positive,0.9325478076934814,CBE,5,bek betam kelal,Other
346,ምርጥ አፕ ነው ተመችቶኛል❤❤,negative,0.8616330027580261,CBE,3,ምርጥ አፕ ነው ተመችቶኛል,Other
347,Recently app keeps closing and the notification after says this app has a bug. Can you make an update please,negative,0.9968405961990356,CBE,4,recently app keep closing notification say app bug update,UI/UX
348,"very good, keep it up",positive,0.9998643398284912,CBE,5,good,Positive Feedback
349,there is some issue the process it delay,negative,0.9957571625709534,CBE,3,issue process delay,Transaction
350,what an amazing application in Ethiopian Banking industry which is very interested one!,positive,0.9997572302818298,CBE,5,amazing application ethiopian banking industry interested,Positive Feedback
351,interesting,positive,0.9998446702957152,CBE,3,interesting,Other
353,it is very good app,positive,0.9998699426651,CBE,5,good app,Positive Feedback
354,It is very excellent anddynamic plus user friend all in one bank apps of the era. I loved it.,positive,0.999854326248169,CBE,5,excellent anddynamic plus user friend bank app era love,"Positive Feedback, User Experience"
355,Very God thanks,positive,0.9993305206298828,CBE,5,god thank,Positive Feedback
356,The sum is good.,positive,0.9998589754104614,CBE,3,sum good,Positive Feedback
357,best of bests,positive,0.99969482421875,CBE,5,good best,Positive Feedback
358,am happy thank you CBE🫡,positive,0.9998605251312256,CBE,5,happy thank,Positive Feedback
359,it's very nice 👍.,positive,0.9998632669448853,CBE,5,nice,Positive Feedback
360,"The history sometimes misses transactions, tranfer to cbe birr debited but not really transferred, We need to really cop up with the world for real. The hacks and security problems, invest on and solve them.",negative,0.994558334350586,CBE,3,history miss transaction tranfer cbe birr debit transfer need cop world real hack security problem invest solve,"Transaction, Security, Feature Request, Negative Feedback"
361,Very good,positive,0.9998520612716676,CBE,5,good,Positive Feedback
362,halan garidhaa cbe,positive,0.9760899543762208,CBE,5,halan garidhaa cbe,Other
363,best apps for useing,positive,0.9989523887634276,CBE,5,good app useing,"Positive Feedback, User Experience"
364,like it,positive,0.9997184872627258,CBE,5,like,Other
365,Good apps ...But fix the screenshot its not easy like before ......,negative,0.9470352530479432,CBE,5,good app fix screenshot easy like,"UI/UX, Positive Feedback, User Experience"
366,l love it,positive,0.9998722076416016,CBE,5,l love,Positive Feedback
367,"I am not exaggerating when I say that this application is one of the biggest players in the banking industry. It has simplified a lot of things for the user, even if the bank is in his pocket. But my opinion is (1), when we transfer money, there is a word limit on the (Note) at the end. Why can't we write our reason briefly? I don't understand why it is limited. On the other hand, there is no limit on the bank. Could you explain this? (2), when we pay for water, why is the code not mentioned",negative,0.9912715554237366,CBE,5,exaggerate application big player banking industry simplify lot thing user bank pocket opinion transfer money word limit note end write reason briefly understand limited hand limit bank explain pay water code mention,"Transaction, User Experience"
368,in this update why screenshoot is disabled now it's not working,negative,0.9996315240859984,CBE,1,update screenshoot disable work,UI/UX
369,"realy I donot seen like this application ! fast ,safe ande confortable",positive,0.989232301712036,CBE,5,realy donot see like application fast safe ande confortable,Security
370,Excellent but needed upgrading!,positive,0.9263746738433838,CBE,5,excellent needed upgrading,"Feature Request, Positive Feedback"
371,goods app!! pleace update this apps??,negative,0.9845630526542664,CBE,4,good app pleace update app,"UI/UX, Positive Feedback"
372,"The latest update prevents taking screenshots, which is really annoying! please allow us to take screenshots! we need it for evidence (particularly, in case of transfer failure!).",negative,0.9977697134017944,CBE,1,late update prevent take screenshot annoying allow screenshot need evidence particularly case transfer failure,"UI/UX, Transaction, Feature Request"
373,Fantastic app! I appreciate it very much,positive,0.9998745918273926,CBE,5,fantastic app appreciate,Positive Feedback
374,Convenient app,positive,0.9977468848228456,CBE,5,convenient app,User Experience
375,Doesn't work properly. It crashes some many times. commercial bank of Ethiopia not only the application but also sending money to own CBE birr doesn't get your money in your bank account. forcefully you must wait 3-5 days to get your money back to your account. walk up CBE the world is going to decentralized finance.,negative,0.9995678067207336,CBE,1,work properly crash time commercial bank ethiopia application send money cbe birr money bank account forcefully wait day money account walk cbe world go decentralized finance,"UI/UX, Transaction"
376,It crashes multiple times everytime you launch it. Fix it. Edit: crash fixed but screenshots has been disabled. I don't know who thought this was a good idea.,negative,0.9995493292808532,CBE,1,crash multiple time everytime launch fix edit crash fix screenshot disable know think good idea,"UI/UX, Positive Feedback"
377,why why u remove screen shoot😡😡,negative,0.9993287324905396,CBE,2,u remove screen shoot,Other
378,"I fails mid transaction, No screenshot, download don't work, link shared not working bring back the old app this is usless",negative,0.9996533393859864,CBE,1,fail mid transaction screenshot download work link shared work bring old app usless,Transaction
379,very nice one,positive,0.9998561143875122,CBE,5,nice,Positive Feedback
380,good application,positive,0.999854564666748,CBE,5,good application,Positive Feedback
381,problem solver and the best fast app,positive,0.9997761845588684,CBE,5,problem solver good fast app,"Positive Feedback, Negative Feedback"
382,ምርጥ አፕሊከሽን ነው ገንዘብ ለመላክም ሆነ ለማንኛውም ነገር ተመችቶኛል በዚው ቀጥሉበት,negative,0.944585382938385,CBE,5,ምርጥ አፕሊከሽን ነው ገንዘብ ለመላክም ሆነ ለማንኛውም ነገር ተመችቶኛል በዚው ቀጥሉበት,Other
383,Please bring back the screenshot option. The screenshot download option takes like 15 second appear in gallery and most people don't know about it.,negative,0.995722770690918,CBE,3,bring screenshot option screenshot download option take like second appear gallery people know,Feature Request
384,you must added dark mode options ❗,negative,0.9864996671676636,CBE,3,add dark mode option,Feature Request
385,Thank you,positive,0.9998352527618408,CBE,5,thank,Positive Feedback
386,cbe,positive,0.9966009855270386,CBE,5,cbe,Other
387,ممتاز جدا جدا,negative,0.8608055710792542,CBE,5,ممتاز جدا جدا,Other
388,very nice and convenient app,positive,0.999826729297638,CBE,5,nice convenient app,"Positive Feedback, User Experience"
389,there are to many bugs app keeps crashi ng and the update file seems to keep getting worse,negative,0.9997902512550354,CBE,2,bug app keep crashi ng update file get bad,"UI/UX, Negative Feedback"
391,Great experience so far but why this app ain't working while developer mode is on?,negative,0.9967141151428224,CBE,4,great experience far app be work developer mode,Positive Feedback
392,the worst app humans ever created,negative,0.9998008608818054,BOA,1,bad app human create,Negative Feedback
393,it's not working,negative,0.9997857213020324,BOA,3,work,Other
394,"Hello, I’m facing a problem with the BOA Mobile app. Every time I enter my phone number and password, the app crashes and shows an error that says “BoaMobile closed because this app has a bug.” I tried updating, reinstalling, and clearing cache, but nothing worked. Please fix this bug in the next update. I really need access to my account. Thank you.",negative,0.999415159225464,BOA,1,hello face problem boa mobile app time enter phone number password app crash show error say boamobile close app bug try update reinstall clear cache work fix bug update need access account thank,"Account Access, UI/UX, Feature Request, Positive Feedback, Negative Feedback"
395,exceptional,positive,0.9998514652252196,BOA,5,exceptional,Other
396,BoA Mobile good bank,positive,0.9984728693962096,BOA,5,boa mobile good bank,Positive Feedback
397,this is worest app 24/7 loading,negative,0.993474304676056,BOA,1,wor app loading,Other
398,This App is not interest for Android phone Please update it .,negative,0.9971383810043336,BOA,1,app interest android phone update,UI/UX
399,BoA system is confartable,negative,0.9980142116546632,BOA,5,boa system confartable,UI/UX
400,"this app, for me , is a waste of time. It doesn't work . I can't even long in, and it really piss me off. FIX THE PROBLEM",negative,0.99980491399765,BOA,1,app waste time work long piss fix problem,"UI/UX, Negative Feedback"
401,Good service.,positive,0.9998533725738524,BOA,3,good service,"Customer Support, Positive Feedback"
402,the app crush frequently,negative,0.998525083065033,BOA,1,app crush frequently,Other
403,good,positive,0.999816119670868,BOA,5,good,Positive Feedback
404,You guys keeps getting worst,negative,0.9997075200080872,BOA,1,guy keep get bad,Negative Feedback
405,"This app is a joke. It crashes more than it works, takes forever to load, and half the features are just decorative at this point. Can’t log in, can’t transfer money, can’t even check my balance without it bugging out. To the developer: Are you actually trying to make this work, or is this some kind of social experiment to test our patience? Did you build this in your sleep? Because it definitely looks like it. If this is your idea of a functional app, maybe consider a different career path🙏",negative,0.999026656150818,BOA,1,app joke crash work take forever load half feature decorative point log transfer money check balance bug developer actually try work kind social experiment test patience build sleep definitely look like idea functional app maybe consider different career path,"Account Access, UI/UX, Transaction, Feature Request, User Experience"
406,BoA,negative,0.7410542368888855,BOA,2,boa,Other
407,but not opening on android,negative,0.9952228665351868,BOA,4,open android,Other
408,Worst App ever. Totally unreliable. And it didn't work at all for the last 4 months.,negative,0.9997984766960144,BOA,1,worst app totally unreliable work month,Negative Feedback
409,amazing,positive,0.999875545501709,BOA,5,amazing,Positive Feedback
410,excellent app,positive,0.9998356103897096,BOA,4,excellent app,Positive Feedback
411,excellent,positive,0.9998434782028198,BOA,5,excellent,Positive Feedback
412,ሞላዬ ከበደ,negative,0.7850590348243713,BOA,5,ሞላዬ ከበደ,Other
413,"this app does no work on Samsung a51, it just gives a preview of the logo",negative,0.9992283582687378,BOA,1,app work samsung give preview logo,Account Access
414,nice,positive,0.9998552799224854,BOA,5,nice,Positive Feedback
415,"i entered incorrect security question by mistake boa app lock pin forever, why is there no other options? ?? i contacted different branchs more then 4times but they didn't able to solve this issue .",negative,0.9994921684265136,BOA,5,enter incorrect security question mistake boa app lock pin forever option contact different branch able solve issue,"Security, Feature Request"
416,Best app,positive,0.999686598777771,BOA,5,good app,Positive Feedback
417,liking this application good 👍,positive,0.9996829032897948,BOA,5,like application good,Positive Feedback
418,"This app future is good, but there is problems with apps to reset and activate it, which is difficult even to the branch staffs, and it takes too long times to active at the branch plus most of the time high expected failure of activation after process at the counter and OTP sent not work",negative,0.9989790916442872,BOA,1,app future good problem app reset activate difficult branch staff take long time active branch plus time high expect failure activation process counter otp sent work,"Positive Feedback, Negative Feedback"
419,wow,positive,0.999592125415802,BOA,5,wow,Positive Feedback
420,it's really good 👍,positive,0.9998701810836792,BOA,5,good,Positive Feedback
421,Bad app . it stuck when you open and noting WORKS.,negative,0.9995198249816896,BOA,1,bad app stick open note works,Negative Feedback
422,"the app isn't working after it asked me the password it starts loading, but it doesn't open",negative,0.9997255206108092,BOA,3,app work ask password start load open,Account Access
423,Best,positive,0.9997941851615906,BOA,2,well,Other
424,It keeps showing this pop up to turn off developer options even tho it's off! I had to turn on and then off to make it work! This is a horrible experience and needs a fix asap! Plus kinda slow.,negative,0.999669909477234,BOA,1,keep show pop turn developer option tho turn work horrible experience need fix asap plus kinda slow,"UI/UX, Feature Request"
425,yideg,negative,0.7675821781158447,BOA,1,yideg,Other
426,አይከፍትም እኮ,negative,0.7850590348243713,BOA,1,አይከፍትም እኮ,Other
427,great boa,positive,0.9992689490318298,BOA,5,great boa,Positive Feedback
428,boa of mobile backing,negative,0.980626106262207,BOA,5,boa mobile backing,Other
429,faster bank of Abissinya,positive,0.9722142815589904,BOA,5,fast bank abissinya,Other
430,i would have given it a lower if it was possible because it crush so much and it take the bank so long to fix the bug,negative,0.9996716976165771,BOA,1,give low possible crush bank long fix bug,UI/UX
431,it just doesn't work...so frustrating,negative,0.999774158000946,BOA,1,work frustrating,Other
432,like,positive,0.9910564422607422,BOA,5,like,Other
433,it's not work correctly... you must have update it,negative,0.9998013377189636,BOA,1,work correctly update,UI/UX
434,"the app gets a considerable improvements like language , QR scanner and unlimited transfers survice. but BOA Please do alot on its fastness and convenient when we login and making a transactions.",positive,0.9575353264808656,BOA,5,app get considerable improvement like language qr scanner unlimited transfer survice boa alot fastness convenient login make transaction,"Account Access, Transaction, User Experience"
435,after i typed in my password it says successfully logged out ...and goes back to the first page,negative,0.5856854915618896,BOA,2,type password say successfully log go page,Account Access
436,good but they don't update enough don't add new things,negative,0.9693678617477416,BOA,3,good update add new thing,"UI/UX, Feature Request, Positive Feedback"
437,very good,positive,0.9998520612716676,BOA,5,good,Positive Feedback
438,thank you,positive,0.9998352527618408,BOA,5,thank,Positive Feedback
439,it doesn't work period z slowest mobile banking ever i would rather use *815#,negative,0.9990907907485962,BOA,1,work period z slow mobile banking use,"UI/UX, User Experience"
440,"after activated the application it not allowed to sign , automatically it is turn off In my phone, why ?",negative,0.9973751306533812,BOA,1,activate application allow sign automatically turn phone,Account Access
441,good application,positive,0.999854564666748,BOA,5,good application,Positive Feedback
442,this version is not working for me I cannot even buy card. I cannot send money,negative,0.9995684027671814,BOA,1,version work buy card send money,"UI/UX, Transaction"
443,"It can't actively on initialization, it says incorrect OTP getting the exact OTP",negative,0.9996182918548584,BOA,1,actively initialization say incorrect otp get exact otp,Other
444,always problematic hardly works,negative,0.99955552816391,BOA,1,problematic hardly work,Negative Feedback
445,considering the fact the bank is huge this app really bad you could do better,negative,0.9997418522834778,BOA,1,consider fact bank huge app bad well,Negative Feedback
446,best app,positive,0.999686598777771,BOA,5,good app,Positive Feedback
447,"worst app and Bank ever u be ashamed, scammer",negative,0.9998050332069396,BOA,1,bad app bank u ashamed scammer,"Security, Negative Feedback"
448,great BoA,positive,0.9992689490318298,BOA,5,great boa,Positive Feedback
449,best,positive,0.9997941851615906,BOA,5,well,Other
450,i have went to the bank so many times because i couldn't make any transaction i can only see my balance nothing else so what is the point of having mobile banking if i can't make any transaction with it please work in that,negative,0.9988333582878112,BOA,1,go bank time transaction balance point have mobile banking transaction work,Transaction
451,there is no speed,negative,0.9994422793388368,BOA,1,speed,Other
452,"For anyone who wants to download it, just don't!!!",negative,0.999398112297058,BOA,1,want download,Other
453,wonderful,positive,0.9998772144317628,BOA,5,wonderful,Other
454,all worck,negative,0.9971314668655396,BOA,5,worck,Other
455,Loved it,positive,0.9998797178268432,BOA,5,love,Positive Feedback
456,Wow,positive,0.999592125415802,BOA,1,wow,Positive Feedback
457,"Edit: New bug, app not letting me type in my otp codes. Shameful Why does this app not allow me to use it while having developer options on? Did y'all consider that I might, perhaps, be an actual developer? Why am I expected to toggle the option on and off just to bank (restarting my phone when I do)? Why is the message labled as somthing that will ""smoothen"" the experience? This is like the most ""security consultant"" thing to implement in an app. Please invest in actual security, not this mess.",negative,0.9985970854759216,BOA,1,edit new bug app let type otp code shameful app allow use have developer option consider actual developer expect toggle option bank restart phone message lable somthe smoothen experience like security consultant thing implement app invest actual security mess,"UI/UX, Security, Feature Request, User Experience"
458,Improved to be the best,positive,0.9998570680618286,BOA,5,improve good,Positive Feedback
459,"Decent, but there problems sometimes it says error When i transfer money but infact it transferred because of this bug i transferred 2 times instead of 1 and also we can't transfer money to others telebirr acc we only can to our self BOE Dev fix this !!!",negative,0.99748432636261,BOA,3,decent problem say error transfer money infact transfer bug transfer time instead transfer money telebirr acc self boe dev fix,"UI/UX, Transaction, Negative Feedback"
460,BoA Greqt Ethiopian bank.,negative,0.8457716703414917,BOA,5,boa greqt ethiopian bank,Other
461,"The bug is still there,the app crashes every time i try to log in, especially in old phones like my Galaxy A32",negative,0.9994600415229796,BOA,1,bug app crash time try log especially old phone like galaxy,"Account Access, UI/UX"
462,Almost better compared to cbe where it is not qualified for,negative,0.9741679430007936,BOA,4,well compare cbe qualified,Other
463,what awesome apps. it is very simple to use and more much important apps.,positive,0.9998214840888976,BOA,5,awesome app simple use important app,"Positive Feedback, User Experience"
464,Wonderfull app,positive,0.9998815059661864,BOA,5,wonderfull app,Other
465,i can't use this app why?,negative,0.9993101358413696,BOA,5,use app,User Experience
466,Worst mobile banking app I ever experienced I was blaming other apps but comparing with this they're too much better!!!! It clashes it takes much longer time to login while loading in short it's a complete of trash,negative,0.9997013211250304,BOA,1,bad mobile banking app experience blame app compare well clash take long time login load short complete trash,"Account Access, Negative Feedback"
467,bro the worst app made by human kind!! as a software engineer it make me so sad seeing enterprise as big as BOA make apps like this. it is a disgrace for our country!!,negative,0.9998133778572084,BOA,1,bro bad app human kind software engineer sad see enterprise big boa app like disgrace country,Negative Feedback
468,AGA B Girja Miss language of admin Afaan oromo & other Itoophiyaa languages,negative,0.9959415793418884,BOA,1,aga b girja miss language admin afaan oromo itoophiyaa language,Other
469,Good app,positive,0.9998493194580078,BOA,5,good app,Positive Feedback
470,"I downloaded the app for the first time while reading other customers reviews and as soon as i installed and opened the app it closes back automatically, what unserious bank, now i uninstalled the app immediately",negative,0.9916398525238036,BOA,1,download app time read customer review soon instal open app close automatically unserious bank uninstalle app immediately,Customer Support
471,It has good features but sometimes it doesn't work...0,negative,0.9956711530685424,BOA,1,good feature work,"Feature Request, Positive Feedback"
472,Very poor proformance,negative,0.9998043179512024,BOA,1,poor proformance,Negative Feedback
473,It's not opening. Really frustrating,negative,0.9997020363807678,BOA,1,open frustrating,Other
474,Verry Amazing App from all IB,positive,0.9997394680976868,BOA,5,verry amazing app ib,Positive Feedback
475,Not working on this days,negative,0.9972773194313048,BOA,1,work day,Other
476,Thank you BoA,positive,0.9998399019241332,BOA,5,thank boa,Positive Feedback
477,best banking app in the wworld,positive,0.999572217464447,BOA,5,good banking app wworld,Positive Feedback
478,Nice app and it's easy to use,positive,0.999751627445221,BOA,5,nice app easy use,"Positive Feedback, User Experience"
479,"please add language in the apps setting(amharic afan oromo, tigniya,and others) sometimes bank to bank transfer is not available through time and even if if it is available not reachable…it is serious issue!",negative,0.999267876148224,BOA,1,add language app afan oromo tigniya bank bank transfer available time available reachable issue,"Transaction, Feature Request"
480,This is help full i like ittttt,positive,0.9977995753288268,BOA,5,help like ittttt,Customer Support
481,The is not functional at all?,negative,0.9997331500053406,BOA,2,functional,User Experience
482,Best bank,positive,0.9997438788414,BOA,5,good bank,Positive Feedback
483,Make it easy and convienient to use and perfect for all to high prefrence and choice.,positive,0.9997236132621764,BOA,3,easy convienient use perfect high prefrence choice,"Positive Feedback, User Experience"
485,I have been using this app for two years.It is amazing.,positive,0.9998595714569092,BOA,5,app year amazing,Positive Feedback
486,Good 👍,positive,0.9998576641082764,BOA,5,good,Positive Feedback
487,Sad experience,negative,0.999068796634674,BOA,1,sad experience,Other
488,Always do update and that is annoying,negative,0.9994439482688904,BOA,3,update annoying,UI/UX
489,"Best app, somehow waiting a few minutes",negative,0.6387038230895996,BOA,5,good app wait minute,Positive Feedback
490,I can't dijitalize my atm in the apollo app on my phone,negative,0.9946038126945496,BOA,1,dijitalize atm apollo app phone,Other
491,Whenever I try to sign in app close please fixed it out,negative,0.997660994529724,BOA,2,try sign app close fix,"Account Access, UI/UX"
492,Beter,positive,0.6771944165229797,BOA,5,beter,Other
493,Boa,negative,0.7410542368888855,BOA,4,boa,Other
494,በጣም የሚያስጠላ አፕ በጣም የወረደ ዜሮ ነው የምሰጠው ዘሮ It's not App it's very slow ehhhh. Why don't you upgrade the app???? It's always zero,negative,0.9979276657104492,BOA,1,በጣም የሚያስጠላ አፕ በጣም የወረደ ዜሮ ነው የምሰጠው ዘሮ app slow ehhhh upgrade app zero,UI/UX
495,Aadan Axmed Barkhadle,positive,0.6127519011497498,BOA,5,aadan axmed barkhadle,Other
497,Horrible customer service and app crashes Horrible!!,negative,0.9997913241386414,BOA,1,horrible customer service app crash horrible,"UI/UX, Customer Support"
498,I love it,positive,0.9998799562454224,BOA,5,love,Positive Feedback
499,It keeps asking me to turn off developer mode even when dev mode is off. Couldn't use it.,negative,0.9985793828964232,BOA,1,keep ask turn developer mode dev mode use,User Experience
500,Good🙏,negative,0.6970565915107727,BOA,5,good,Positive Feedback
501,Like to much,positive,0.9997984766960144,BOA,5,like,Other
502,Thank you,positive,0.9998352527618408,BOA,5,thank,Positive Feedback
503,Perfect,positive,0.9998517036437988,BOA,5,perfect,Positive Feedback
504,The best of best,positive,0.9998393058776855,BOA,5,good good,Positive Feedback
505,I was using this app for long time it amazing user friendly UI but the i can't found for get pin button in the app,negative,0.9016599655151368,BOA,3,app long time amazing user friendly ui find pin button app,"Positive Feedback, User Experience"
506,Great 👍,positive,0.9997692704200744,BOA,5,great,Positive Feedback
507,Fast and suitable for the customers.,positive,0.9997920393943788,BOA,5,fast suitable customer,Customer Support
508,Good app and helpful,positive,0.9998565912246704,BOA,5,good app helpful,"Customer Support, Positive Feedback"
509,"I will give only one star, because it faced with multiple of problems. 1. The app is not as fast as the other banks App, for e.g like CBE 2. The App asks repeatedly to switch off developer options, even if it is switched off. 3. Bank of Abyssinia's services are interesting, but they ignored the issues on the App service. 4. Most customers gave a complain on the App, but no one accept their complain to fix the issue. 5. Lastly, I will not recommend the App unless the issue has been solved ASAP!!",negative,0.9978498220443726,BOA,1,star face multiple problem app fast bank app like cbe app ask repeatedly switch developer option switch bank abyssinia service interesting ignore issue app service customer give complain app accept complain fix issue lastly recommend app issue solve asap,"UI/UX, Customer Support, Feature Request, Negative Feedback"
510,By assessing this you can tell Abyssinia bank has no idea what mobile banking is ?,negative,0.9992759823799132,BOA,1,assess tell abyssinia bank idea mobile banking,Other
511,It doesn't work at all.,negative,0.9997771382331848,BOA,2,work,Other
512,this app is not available,negative,0.9997593760490416,BOA,1,app available,Other
513,Wow what amazing,positive,0.9998555183410645,BOA,5,wow amazing,Positive Feedback
514,love it,positive,0.99987530708313,BOA,5,love,Positive Feedback
515,በጣም መሻሻል አለበት....... ለ ባንኩ ማይመጥን መተግበርያ ነው ::,negative,0.9733067750930786,BOA,2,በጣም መሻሻል አለበት ለ ባንኩ ማይመጥን መተግበርያ ነው,Other
516,Lemn embi yilal??,negative,0.990697145462036,BOA,5,lemn embi yilal,Other
517,Good,positive,0.999816119670868,BOA,5,good,Positive Feedback
518,It's useless app downgraded.,negative,0.999807059764862,BOA,1,useless app downgrade,"Negative Feedback, User Experience"
519,Why is not letting me access my account. The whole point of this app is for me to gey access to my account without physically being at the bank. I would give it a zero but a one will suffice to get my point accross.,negative,0.7652340531349182,BOA,1,let access account point app gey access account physically bank zero suffice point accross,Account Access
520,Nice,positive,0.9998552799224854,BOA,5,nice,Positive Feedback
521,When are you going to get rid of this and have a real app that works? By far the worst mobile banking app.,negative,0.9997933506965636,BOA,1,go rid real app work far bad mobile banking app,Negative Feedback
522,አይሰራም ሼም ነው፤,negative,0.8616330027580261,BOA,1,አይሰራም ሼም,Other
523,Not that much bad,positive,0.998815894126892,BOA,3,bad,Negative Feedback
524,Fine,positive,0.9998335838317872,BOA,5,fine,Other
525,The dirtiest application ever seen...,negative,0.995487630367279,BOA,1,dirty application see,Other
526,Nic ap,positive,0.9873360991477966,BOA,5,nic ap,Other
527,The forest app ever,positive,0.9840954542160034,BOA,1,forest app,Other
528,"I love BoA more than anyone but they are cursed when it comed to mobile banking. Even though this ine is hetter it still s*cks! It will ask me to turn off developer options other wise it won't work! I use CBE, Awash birr, tekebirr, Dashen bank and others but non of them asked me this, why only BoA? Please improve your mobile banking, be competitive!",negative,0.9967040419578552,BOA,1,love boa curse come mobile banking ine hetter ask turn developer option wise will work use cbe awash birr tekebirr dashen bank non ask boa improve mobile banking competitive,"Feature Request, Positive Feedback, User Experience"
529,Bank of abissena,positive,0.9480117559432985,BOA,1,bank abissena,Other
530,"Easy and sooo simple to use it, also its easy to stole someones money using the app",negative,0.9888866543769836,BOA,3,easy sooo simple use easy stole someone money app,"Transaction, User Experience"
531,GOOD,positive,0.999816119670868,BOA,5,good,Positive Feedback
532,The worst banking app ever. Never works!,negative,0.999800741672516,BOA,1,bad banking app work,Negative Feedback
533,Poorly functioning app,negative,0.999775230884552,BOA,3,poorly function app,Negative Feedback
534,Very nice,positive,0.9998563528060912,BOA,5,nice,Positive Feedback
535,Your system is the worst you should do better😡😡😡😡😡😡,negative,0.999800741672516,BOA,2,system bad well,"UI/UX, Negative Feedback"
536,It has been a while since you guys started giving the mobile app service but still couldn't get it to work. I'm sure you know that it doesn't work already but not sure if you're lazy or incompetent to fix it. You are losing business because of this. Complacency will have consequences.,negative,0.9997615218162536,BOA,1,guy start give mobile app service work sure know work sure lazy incompetent fix lose business complacency consequence,"UI/UX, Customer Support"
537,"This is the best app; many features are awesome, but it should work without the need to turn off the developer options. I'm tired of having to constantly switch the developer options off and on. I've been expressing my struggles about this. I have precious settings enabled in the developer options, and to open the App Boa app, I have to turn them off. Please help us, Abyssinia Bank. I hope you can provide an update soon.",positive,0.9543284177780152,BOA,4,good app feature awesome work need turn developer option tired have constantly switch developer option express struggle precious setting enable developer option open app boa app turn help abyssinia bank hope provide update soon,"UI/UX, Customer Support, Feature Request, Positive Feedback"
538,"I’m giving this app one star because there are no options below that. My experience has been incredibly frustrating due to the extremely long loading times, and the app even closes automatically at times. People choose mobile banking for its convenience, but this app is far too time-consuming, making it the worst I’ve used. I hope improvements are made to enhance the user experience.",negative,0.9997000694274902,BOA,1,give app star option experience incredibly frustrating extremely long loading time app close automatically time people choose mobile banking convenience app far time consume make bad hope improvement enhance user experience,"Feature Request, Negative Feedback, User Experience"
539,Very unprofessional and mischievous bank in my opinion. I have had several occasions but recently I used Abyssinia Card to withdraw money and it was deducted from my account but despite reporting several times they said they are processing it but I learned yesterday that since it has been 3 months the bank has decided to include it in their income. How absurd. If you can avoid this bank.,negative,0.9941067695617676,BOA,1,unprofessional mischievous bank opinion occasion recently abyssinia card withdraw money deduct account despite report time say process learn yesterday month bank decide include income absurd avoid bank,Transaction
540,It doesn't work on my 2 devices A05 and A34 😡,negative,0.9996792078018188,BOA,1,work device,Other
541,It's better to say I don't use boa rather than pulling your phone out and opening this app,negative,0.9981752634048462,BOA,1,well use boa pull phone open app,User Experience
542,My attention is very important because it will be the most difficult time for me,positive,0.9926175475120544,BOA,5,attention important difficult time,Other
543,"I have a worst experience while using this mobile application through out the year. Most of the time it fails to ""Login"" or automatically closed the app. And also it takes so much loading time (5 minutes +) trying to access the internal services. Sometimes also while transferring within and to other bank also fails. So, BOA please fix your app.",negative,0.999800145626068,BOA,1,bad experience mobile application year time fail login automatically close app take loading time minute try access internal service transfer bank fail boa fix app,"Account Access, UI/UX, Transaction, Customer Support, Negative Feedback"
544,I don't know why but your apps start out great then all of a sudden don't work🤷‍♀️,positive,0.806429922580719,BOA,1,know app start great sudden work,Positive Feedback
545,This application is losing major factions on a daily basis. I can count how many times I have used this app; it is completely useless and disappointing if I am not going to use it in times of need then I don't see the point.,negative,0.99979966878891,BOA,1,application lose major faction daily basis count time app completely useless disappointing go use time need point,"Feature Request, Negative Feedback, User Experience"
546,exellent digital transaction of money,negative,0.994447946548462,BOA,5,exellent digital transaction money,Transaction
547,The latest update has stopped android 9 phones not to open this App. Never work properly since i started using it.,negative,0.999749720096588,BOA,1,late update stop android phone open app work properly start,UI/UX
548,Great,positive,0.9998630285263062,BOA,5,great,Positive Feedback
550,Money,positive,0.9659326076507568,BOA,5,money,Transaction
551,It needs more improvment,negative,0.998616099357605,BOA,2,need improvment,Feature Request
552,Hey Google,positive,0.9950044751167296,BOA,5,hey google,Other
553,ab,positive,0.9603192806243896,BOA,3,ab,Other
554,Ademtahir,positive,0.9930111765861512,BOA,5,ademtahir,Other
556,Please this app on my android phone,positive,0.6488659381866455,BOA,3,app android phone,Other
557,GOAT 🐐 🐐,negative,0.9337347149848938,BOA,5,goat,Other
558,"Your app doesn't match your bank, the app is disaster, super slow. Please learn something from tele birr app.",negative,0.9994460940361024,BOA,1,app match bank app disaster super slow learn tele birr app,"UI/UX, Positive Feedback"
559,Fast and reliable,positive,0.9998595714569092,BOA,5,fast reliable,Other
560,"The worst app update ever. Why would you include the ""developer option off"" thing here? Why do you care? It is my phone my money, right? That is the reason why I switched to other banks. So either turn it off or everyone will discontinue their business one by one.",negative,0.9998020529747008,BOA,1,bad app update include developer option thing care phone money right reason switch bank turn discontinue business,"UI/UX, Transaction, Feature Request, Negative Feedback"
561,Very good,positive,0.9998520612716676,BOA,5,good,Positive Feedback
562,One of the poorest mobile banking system,negative,0.999756634235382,BOA,1,poor mobile banking system,"UI/UX, Negative Feedback"
564,Oene,positive,0.8278864026069641,BOA,5,oene,Other
565,i find it interesting specially in reciept downloading,positive,0.9981314539909364,BOA,1,find interesting specially reciept download,Other
566,it good,positive,0.9998427629470824,BOA,5,good,Positive Feedback
567,"This app crashes everytime, please fix it",negative,0.9996472597122192,BOA,1,app crash everytime fix,UI/UX
568,አንድ star ራሱ ይበዛበታል። i dont recomend to use this app also the bank,negative,0.9964038133621216,BOA,1,አንድ star ራሱ not recomend use app bank,User Experience
569,I need a support the app is not working,negative,0.9998034834861756,BOA,5,need support app work,"Customer Support, Feature Request"
570,Bast bank of ethiopia,positive,0.9978061318397522,BOA,5,bast bank ethiopia,Other
571,very slow app. አቢሲኒያን ከሚያክል ባንክ የማይጠበቅ software app. ከቻላችሁ ሙሉ ለሙሉ እንደገና አሰሩት።በጣም ይመራያል ያሳፍራል።ለapp የወጣው ወጭ በሙስና የተበላ ነው የሚመስለው።,negative,0.9990527033805848,BOA,1,slow app አቢሲኒያን ከሚያክል ባንክ የማይጠበቅ software app ከቻላችሁ ሙሉ ለሙሉ እንደገና ይመራያል የወጣው ወጭ በሙስና የተበላ ነው,UI/UX
572,"thank you for your social services like, vertual banking, non touch ATM, Cadrless and withdrwal with out passbook...",positive,0.9878897070884703,BOA,5,thank social service like vertual banking non touch atm cadrless withdrwal passbook,"Customer Support, Positive Feedback"
573,The worst App i have never seen like this before,negative,0.999774158000946,BOA,1,bad app see like,Negative Feedback
574,Wweeeer,negative,0.8910733461380005,BOA,4,wweeeer,Other
575,Infinx,negative,0.904255747795105,BOA,5,infinx,Other
576,Great service,positive,0.9998434782028198,BOA,5,great service,"Customer Support, Positive Feedback"
578,This app is not available on all android versions and some times it is not functional.,negative,0.9997187256813048,BOA,1,app available android version time functional,"UI/UX, User Experience"
579,senayt Mesfin,positive,0.887482225894928,BOA,4,senayt mesfin,Other
580,Bad app vety bad.,negative,0.9998058676719666,BOA,1,bad app vety bad,Negative Feedback
581,Abessnya Banke,negative,0.9873653054237366,BOA,5,abessnya banke,Other
582,"The most useless app, I never expected such an irrelevant app from BOA. big shame!",negative,0.9997209906578064,BOA,1,useless app expect irrelevant app boa big shame,"Negative Feedback, User Experience"
583,Okay,positive,0.9997709393501282,BOA,5,okay,Other
584,Professional on banking app,positive,0.9616296291351318,BOA,5,professional bank app,Other
585,Has some nice interface but always freezes or slow to load .App developers please fix this issue.,negative,0.993607759475708,BOA,3,nice interface freeze slow load developer fix issue,"UI/UX, Positive Feedback"
586,አይሰራም አስተካክሉት,negative,0.7850590348243713,BOA,5,አይሰራም አስተካክሉት,Other
587,Please try another because this app doesn't feet the need of this generation,negative,0.9962698221206664,BOA,1,try app feet need generation,Feature Request
588,Fast transfer,positive,0.9989985823631288,BOA,5,fast transfer,Transaction
589,"What's up I can't log in, what's wrong",negative,0.9989662170410156,BOA,5,log wrong,Account Access
590,Amrumehamed,positive,0.6924042105674744,BOA,1,amrumehame,Other
591,"Nice to meet you my proud bank in Ethiopia.. I'm a member of this bank, i need to solve my problem of international receiving money for me from my online digital working service's over the world please? I'm working a lot of international money.But i can't get direct in Ethiopia because of don't knowing the legal ways of getting money in Ethiopia please can I get and direct deposit with BoA please 🙏🙏🙏?",positive,0.9683733582496644,BOA,5,nice meet proud bank ethiopia member bank need solve problem international receive money online digital working service world work lot international money direct ethiopia know legal way get money ethiopia direct deposit boa,"Transaction, Customer Support, Feature Request, Positive Feedback, Negative Feedback"
592,ደደገነሐ,negative,0.6970565915107727,BOA,5,ደደገነሐ,Other
593,"Terrible Bank Experience It’s unbelievable that with all the modern technology, this bank still struggles with even basic transactions. The app constantly crashes, services are limited, and every time I try to transfer money or load Telebirr, there’s a huge delay. I have to wait 5 days for failed transactions to be refunded! Even USSD is unreliable. They’ve put me in embarrassing situations countless times, and customer care never fixes anything. I’ve switched banks, and you should too!",negative,0.9995194673538208,BOA,1,terrible bank experience unbelievable modern technology bank struggle basic transaction app constantly crash service limited time try transfer money load telebirr huge delay wait day fail transaction refund ussd unreliable embarrassing situation countless time customer care fix switch bank,"Account Access, UI/UX, Transaction, Customer Support"
594,A painfully slow banking app service. Please don't make it your choice!,negative,0.999660849571228,BOA,1,painfully slow banking app service choice,"UI/UX, Customer Support"
595,Good App,positive,0.9998493194580078,BOA,4,good app,Positive Feedback
596,Best app to me,positive,0.997821807861328,BOA,5,good app,Positive Feedback
597,BOA,negative,0.7410542368888855,BOA,5,boa,Other
598,Abdulkadir,positive,0.981449544429779,BOA,5,abdulkadir,Other
599,Bad,negative,0.999782383441925,BOA,1,bad,Negative Feedback
600,If it is possible I would gove0 star,negative,0.9928192496299744,BOA,1,possible star,Other
601,Nise mobile bankig,negative,0.9858755469322203,BOA,4,nise mobile bankig,Other
602,Overall good app but performance needs some improvement also sometimes when using instant other bank transfers it refuses causing to be repeated several times to transfer,negative,0.9532790780067444,BOA,4,overall good app performance need improvement instant bank transfer refuse cause repeat time transfer,"Transaction, Feature Request, Positive Feedback, User Experience"
603,Ok,positive,0.9997851252555848,BOA,5,ok,Other
604,Just make it work please🤣 this is embarrassing for a bank of your size,negative,0.999284327030182,BOA,1,work embarrassing bank size,Other
605,Update to the simplest way it requires the developer option on and off why this is,negative,0.998016357421875,BOA,5,update simple way require developer option,"UI/UX, Feature Request, User Experience"
606,"Stop telling me what to do with my phone, BOA. Why does your newly updated app keep asking me to disable the developer options? I’m not slowing down my phone just to use your God damn app. 🤮🤮🤮🤮",negative,0.9964292645454408,BOA,1,stop tell phone boa newly update app ask disable developer option slow phone use god damn app,"UI/UX, Feature Request, User Experience"
607,I'm living out of country how may I download and use mobile banking? It asks me the Ethiopia phone number and I can't receive text to confirm because I'm out side the country. So please lete know if I can use while I'm outside the country. Thanks,negative,0.6597372889518738,BOA,1,live country download use mobile banking ask ethiopia phone number receive text confirm country lete know use outside country thank,"Positive Feedback, User Experience"
608,Worest app,negative,0.7789772152900696,BOA,1,worest app,Other
609,The worest app ever,positive,0.9535900950431824,BOA,1,wor app,Other
610,አሪፍ ነው በርቱልን,negative,0.8337252736091614,BOA,5,አሪፍ ነው በርቱልን,Other
611,Wwwerrr,negative,0.8502515554428101,BOA,5,wwwerrr,Other
612,ጀማል ውቀቱ,negative,0.7850590348243713,BOA,5,ጀማል ውቀቱ,Other
613,Great For Financial company,positive,0.9998703002929688,BOA,5,great financial company,Positive Feedback
614,Very easy to use,positive,0.999142289161682,BOA,5,easy use,User Experience
615,The App's crash always.. Error.....,negative,0.9996880292892456,BOA,3,app crash error,UI/UX
616,This app is incredibly frustrating to use. It’s filled with issues that make it difficult to navigate and complete tasks efficiently. I’ve never encountered such a poorly designed banking application before. It needs significant improvements to enhance user experience. It deserves a vey low rating.,negative,0.998582124710083,BOA,1,app incredibly frustrating use fill issue difficult navigate complete task efficiently encounter poorly design banking application need significant improvement enhance user experience deserve vey low rating,"Account Access, Feature Request, Negative Feedback, User Experience"
617,Great UI and seamless UX. I love it!!,positive,0.9998557567596436,BOA,5,great ui seamless ux love,Positive Feedback
618,That's too good application but try to add more alternatives and futures or possibilitys for your customers,negative,0.9941336512565612,BOA,3,good application try add alternative future possibilitys customer,"Customer Support, Feature Request, Positive Feedback"
619,It's easy used to operate program and secured 👍👍,negative,0.9652978181838988,BOA,4,easy operate program secured,"Security, User Experience"
620,I bought a mobile card on this app but I didn't receive it and it took my money and I didn't get my money back.,negative,0.9994741082191468,BOA,1,buy mobile card app receive take money money,Transaction
621,Amazing,positive,0.999875545501709,BOA,5,amazing,Positive Feedback
622,Great app with great services,positive,0.9998226761817932,BOA,5,great app great service,"Customer Support, Positive Feedback"
623,Yes active user,positive,0.9983929991722108,BOA,5,yes active user,User Experience
624,Shameful,negative,0.998016357421875,BOA,1,shameful,Other
625,The worest app ever made i would not recommende for no one,negative,0.5611275434494019,BOA,1,wor app recommende,Other
626,Good application,positive,0.999854564666748,BOA,5,good application,Positive Feedback
627,I like,positive,0.9998149275779724,BOA,5,like,Other
628,"How many hours should I wait after transferring money to telebirr, please do something about the transfer delay issue I need my money when ever.",negative,0.9988893866539,BOA,1,hour wait transfer money telebirr transfer delay issue need money,"Transaction, Feature Request"
629,"BOA is unreasonably holding and delaying transactions for more than a day, even transactions within the same bank itself. This is a huge gap that I observed in BOA mobile banking. I didn't experience this kind of challenge while having transactions in other banks' mobile banking platforms. After waiting so long, I called your customer support team and the response they gave me was ""it was the system that holds the transaction & will be released on working days"". This is not totally fair.",negative,0.9993953704833984,BOA,1,boa unreasonably hold delay transaction day transaction bank huge gap observe boa mobile banking experience kind challenge have transaction bank mobile banking platform wait long call customer support team response give system hold transaction release work day totally fair,"UI/UX, Transaction, Customer Support"
630,የእርስዎን ተሞክሮ ይግለጹ (አማራጭ),negative,0.8698039650917053,BOA,5,የእርስዎን ተሞክሮ ይግለጹ አማራጭ,Other
631,It's not working. It needs a big update. Can't you update the app quickly?,negative,0.999777853488922,BOA,1,work need big update update app quickly,"UI/UX, Feature Request"
632,"I am Aimohon Joel , It's can be Good for a Better Conversation in Time 🙂",negative,0.9925205707550048,BOA,3,aimohon joel good better conversation time,Positive Feedback
633,"Better app than most mobile apps, but why do I have to turn off developer option every time I wanna use the app?? It's annoying.",negative,0.999325394630432,BOA,1,well app mobile app turn developer option time wanna use app annoying,"Feature Request, User Experience"
634,Bes and freindly app,negative,0.9136511087417604,BOA,5,bes freindly app,Other
635,It doesn't work.,negative,0.9997761845588684,BOA,1,work,Other
636,"It say ""The request was not successful. please check device connectivity or try again"" why? One of the bank manager told me it is because of my phone's android version which is 9.1 It is ridiculous! Disappointing",negative,0.9997968077659608,BOA,1,request successful check device connectivity try bank manager tell phone android version ridiculous disappointing,"UI/UX, Negative Feedback"
637,How to download or screenshot of payment receipt...what kinda worst app ever 🤮🤮🤢,negative,0.9998114705085754,BOA,1,download screenshot payment receipt kinda bad app,"Transaction, Negative Feedback"
638,Smart technology,positive,0.9998468160629272,BOA,5,smart technology,"Account Access, User Experience"
639,Yegema app tish🪨,negative,0.9501880407333374,BOA,1,yegema app,Other
640,"This is not an appropriate app, i don't know how boa develops this app, i don't expect this much crazy and un confortable app form BOA, I'm soory!!!",negative,0.9996864795684814,BOA,1,appropriate app know boa develop app expect crazy un confortable app form boa soory,Other
641,"Shockingly bad! Even when it decides to work, it's painfully slow and frustrating. Such a shame that it has become a stain on an extraordinary bank",negative,0.9997275471687316,BOA,1,shockingly bad decide work painfully slow frustrating shame stain extraordinary bank,"UI/UX, Negative Feedback"
642,"It crashes frequently. It launches on Android 8.1 but I don't think it actually works on versions less than 10. If so, it shouldn't be available for download by such devices to begin with, like many other finance apps are not. It was so much better three months ago, upgrades should be for the better.",negative,0.999210000038147,BOA,1,crash frequently launch android think actually work version available download device begin like finance app well month ago upgrade well,UI/UX
643,Awesome application. But lately its crashing everytime i opened it.,negative,0.9127689599990844,BOA,4,awesome application lately crash everytime open,"UI/UX, Positive Feedback"
644,እጅም በጣም ደካማ አፕ ነው ሲፈልግ ይከፍታል ሲፈልግ አይከፍትም ከአዋሽ እና ንግድ ባንክ የመሳሰሉ ባንኮች ሲወዳደር ሞባይል ባንኪንግ App እጅግ የሚያበሳጭ ነው ለውጥ ያስፈልጋችኋል,negative,0.9639249444007874,BOA,1,እጅም በጣም ደካማ አፕ ነው ሲፈልግ ይከፍታል ሲፈልግ አይከፍትም ከአዋሽ እና ንግድ ባንክ የመሳሰሉ ባንኮች ሲወዳደር ሞባይል ባንኪንግ app እጅግ የሚያበሳጭ ነው ለውጥ ያስፈልጋችኋል,Other
645,Fast one,positive,0.9994491934776306,BOA,3,fast,Other
646,Nice looking app but a terrible user experience.,negative,0.9958102703094482,BOA,1,nice look app terrible user experience,"Positive Feedback, User Experience"
647,The worest MB app ever!!🙄,negative,0.8734644651412964,BOA,1,wor mb app,Other
648,It is ok,positive,0.9998496770858764,BOA,5,ok,Other
649,Plz fix the Apps ....screenshot lovation hide from glarey share botten not work😔😔,negative,0.9987314343452454,BOA,1,plz fix apps screenshot lovation hide glarey share botten work,UI/UX
650,Apollo's,positive,0.9974138736724854,BOA,1,apollo,Other
651,The worst experience ever,negative,0.999792754650116,BOA,1,bad experience,Negative Feedback
652,Hussenaliumar,negative,0.6654537916183472,BOA,5,hussenaliumar,Other
653,Hi I have problem with this App BOA mobile I don't know what is wrong with this App I did many times download but it's sam doesn't work if sam like that this app way I have to be customer with them how I know my account and checking save The book is no Not enough alone,negative,0.999367892742157,BOA,1,hi problem app boa mobile know wrong app time download sam work sam like app way customer know account check save book,"Customer Support, Negative Feedback"
654,It is not work for my device,negative,0.9997636675834656,BOA,5,work device,Other
655,"I'm Sick and tiered of enabling and disabling Developer Option Everytime I use this app. maybe you know it maybe you dont, fix it please it's anoying",negative,0.9990233182907104,BOA,1,sick tiere enable disable developer option everytime use app maybe know maybe not fix anoye,"UI/UX, Feature Request, User Experience"
656,The worst app ever,negative,0.9997934699058532,BOA,1,bad app,Negative Feedback
657,Betanya Gebre,positive,0.8911886215209961,BOA,3,betanya gebre,Other
658,I dont recommand it to any one,negative,0.9855504035949708,BOA,1,not recommand,Other
659,Excellent app,positive,0.9998356103897096,BOA,5,excellent app,Positive Feedback
660,"The application used to work well. But after updates I'm not able to use the forgot password feature, which is blocking me from accessing it as a whole.",negative,0.9988825917243958,BOA,1,application work update able use forgot password feature block access,"Account Access, UI/UX, Feature Request, User Experience"
661,ትርሃስ,negative,0.6970565915107727,BOA,5,ትርሃስ,Other
662,Gio,positive,0.9969680905342102,BOA,4,gio,Other
663,App isn't working,negative,0.9995692372322084,BOA,1,app work,Other
664,so far good but always it lugs,negative,0.982947051525116,BOA,3,far good lug,Positive Feedback
665,Don't trust this bank and its service.,negative,0.99963116645813,BOA,1,trust bank service,Customer Support
666,"I can not open and use the application,please help me!",negative,0.9995014667510986,BOA,5,open use application help,"Customer Support, User Experience"
667,Horrible,negative,0.9997841715812684,BOA,1,horrible,Other
668,Mostly not working 😑,negative,0.9995824694633484,BOA,1,work,Other
669,Awesome 👌,positive,0.9998607635498048,BOA,5,awesome,Positive Feedback
670,"Despite the enhanced technology you have, the application doesn't work properly, and it asks for the developer option to be turned off, fix that.",negative,0.9997915625572203,BOA,3,despite enhanced technology application work properly ask developer option turn fix,"Account Access, UI/UX, Feature Request"
671,Very poor app b/c highly slow to open the app,negative,0.9998080134391784,BOA,1,poor app b c highly slow open app,"UI/UX, Negative Feedback"
672,Wedi Tekle .,negative,0.8421270847320557,BOA,5,wedi tekle,Other
673,Bad app📱👎👎👎,negative,0.9997676014900208,BOA,1,bad app,Negative Feedback
674,Dura nan fayyadaman ture amma garuu naaf hojjechaa hin jiru maaf?,negative,0.9956488013267516,BOA,5,dura nan fayyadaman ture amma garuu naaf hojjechaa hin jiru maaf,Other
675,Nice appp,positive,0.9997910857200624,BOA,5,nice appp,Positive Feedback
676,ሰላም አቢሲኒያዎች የሞባይል ባንኪንጋችሁ ተጠቃሚ ነኝ አገልግሎቱን ስላስጀመራችሁለን እናመሰግናለን። ነገር ግን አለፎ አልፎ የነበረው የማስፈንጠሪያው በአግባቡ አለመስራት አልፎ አልፎ ወደመስራት ተቀይሯል ድሮ እንደነበራችሁ እናውቃለን ዘንድሮም ብትኖሩልን እንመርጣለን *ከዘመን አንጉደል*,negative,0.952187716960907,BOA,3,ሰላም አቢሲኒያዎች የሞባይል ባንኪንጋችሁ ተጠቃሚ ነኝ አገልግሎቱን ስላስጀመራችሁለን ነገር ግን አለፎ አልፎ የነበረው የማስፈንጠሪያው በአግባቡ አለመስራት አልፎ አልፎ ወደመስራት ተቀይሯል ድሮ እንደነበራችሁ እናውቃለን ዘንድሮም ብትኖሩልን እንመርጣለን ከዘመን አንጉደል,Other
677,Gooood app my dear,negative,0.9005938172340393,BOA,5,gooood app dear,Other
678,Harun tamam galanaa,negative,0.9410594701766968,BOA,3,harun tamam galanaa,Other
679,"A total disaster of an app. Always offline, never works, it's embarassing. I've lost hope and taken my business to a competitor",negative,0.9998038411140442,BOA,1,total disaster app offline work embarassing lose hope take business competitor,Other
680,Gamebela,positive,0.8994184732437134,BOA,1,gamebela,Other
681,so poor app to use can't start up when open the app,negative,0.999744474887848,BOA,1,poor app use start open app,"Negative Feedback, User Experience"
682,"This app takes too long time to be opened. And even it is not working simply as other banks application. Why this app does not give a digital invoice. Even, I am not able to find where the screeshot is kept after transaction. So, please the developer should fix all these.",negative,0.9987001419067384,BOA,1,app take long time open work simply bank application app digital invoice able find screeshot keep transaction developer fix,"UI/UX, Transaction"
683,Good job,positive,0.999835729598999,BOA,5,good job,Positive Feedback
684,"Worst app ever, not user friendly, even doesn't serve basic functionality correctly, takes to much time to login and navigate through the app, we expected more from this bank",negative,0.9998094439506532,BOA,1,bad app user friendly serve basic functionality correctly take time login navigate app expect bank,"Account Access, Negative Feedback, User Experience"
685,Bad app .,negative,0.9997915625572203,BOA,1,bad app,Negative Feedback
686,"I mean how could a big financial company like this, be this much irresponsible to release this app? You should be ashamed!",negative,0.9994394183158876,BOA,1,mean big financial company like irresponsible release app ashamed,Other
687,Review,positive,0.9946893453598022,BOA,5,review,Other
688,Goood,negative,0.9943867921829224,BOA,4,goood,Other
690,Is it necessary to switch off developer options every time to use mobile banking?🤔🤔😡😡😡,negative,0.99793541431427,BOA,1,necessary switch developer option time use mobile banking,"Feature Request, User Experience"
691,The previous version is better it doesn't work,negative,0.9997755885124208,BOA,1,previous version well work,UI/UX
692,"I don't know what is wrong with BOA as a bank in general. It's been going backwards since last year or so. The app is a disaster to use in every possible way. Not stable to log in and very slow to perform transactions, couldn't take a screenshot (or can't even find the pictures even using its save screenshot option). Most of the time, it fails to perform transactions and so on. Simply, it's the worst!",negative,0.9998201727867126,BOA,1,know wrong boa bank general go backwards year app disaster use possible way stable log slow perform transaction screenshot find picture save screenshot option time fail perform transaction simply bad,"Account Access, UI/UX, Transaction, Feature Request, Negative Feedback, User Experience"
693,ok,positive,0.9997851252555848,BOA,5,ok,Other
694,"Take some note from CBE mobile banking app, it's the best banking app currently take some note and improve ur app . Sometimes u have to learn from the bests 🙌",positive,0.9958856701850892,BOA,1,note cbe mobile banking app good banking app currently note improve ur app u learn best,Positive Feedback
695,It's a useless app,negative,0.9998058676719666,BOA,1,useless app,"Negative Feedback, User Experience"
696,"It's not working as it was , so much need to improve, it was the best but not anymore",negative,0.9968530535697936,BOA,2,work need improve good anymore,"Feature Request, Positive Feedback"
697,Poor network,negative,0.9997891783714294,BOA,1,poor network,"UI/UX, Negative Feedback"
698,Not yet completely working this App. i don't know when is it will be working properly! Its Sad!!!,negative,0.9993754029273988,BOA,1,completely work app know work properly sad,Other
699,The app does not open sometimes it says coonection issue which i dont have and after it opens it has bugs while using its not smooth to work with please improve it,negative,0.9953023195266724,BOA,1,app open say coonection issue not open bug smooth work improve,UI/UX
700,"It's not working totally, what a useless app is it,",negative,0.999817192554474,BOA,1,work totally useless app,"Negative Feedback, User Experience"
701,"This app has become the most troubling every day. It doesn't work. I love the bank, and I hate the app",negative,0.9989368319511414,BOA,1,app troubling day work love bank hate app,Positive Feedback
702,this is so disappointing app 😞,negative,0.9998024106025696,BOA,1,disappointing app,Negative Feedback
703,አቢስኒያ የሁሉም ምርጫ,negative,0.8337252736091614,BOA,5,አቢስኒያ የሁሉም ምርጫ,Other
704,Nays,negative,0.9894010424613952,BOA,5,nay,Other
705,The worst app,negative,0.9997969269752502,BOA,1,bad app,Negative Feedback
706,it can't even open and only display error messages,negative,0.9993472695350648,BOA,1,open display error message,Other
707,not active,negative,0.999765932559967,BOA,1,active,Other
708,To get good quality,positive,0.999868392944336,BOA,5,good quality,Positive Feedback
709,አይሰራም እኮ ምንድን ነው ችግሩ?,negative,0.9647620320320128,BOA,1,አይሰራም እኮ ምንድን ነው ችግሩ,Other
710,uselss app dont download,negative,0.9977203011512756,BOA,1,uselss app not download,User Experience
711,"Is this app fake i try it not working it say please try again later, unable to make transactions what is the purpose of this app . If it is not working delete it",negative,0.9997162222862244,BOA,1,app fake try work try later unable transaction purpose app work delete,Transaction
712,"This app didn't work. They have a new version (new app) but still not compatible with my Samsung S8+ , which is v.funny.",negative,0.9991223216056824,BOA,1,app work new version new app compatible samsung,UI/UX
713,Corrupted and poor app,negative,0.9997439980506896,BOA,1,corrupted poor app,Negative Feedback
714,When I try to use the application it says 'developer setting should be off' where is the setting to off this play Still doesn't work for me,negative,0.999801218509674,BOA,3,try use application say developer setting setting play work,User Experience
715,FIX YOUR Apollo!! You guys where the best 👌,positive,0.999450385570526,BOA,1,fix apollo guy good,"UI/UX, Positive Feedback"
716,Always slow and doesn't work on weekends if you are in a rush or a merchant this app is not for you,negative,0.9994396567344666,BOA,1,slow work weekend rush merchant app,UI/UX
717,"It's very difficult to use the user, app,ones dawenload the user can't operate well , no one can help me,",negative,0.9997815489768982,BOA,1,difficult use user app one dawenload user operate help,"Customer Support, User Experience"
718,Poor application. It turned off by itself,negative,0.999744474887848,BOA,1,poor application turn,Negative Feedback
719,Allowed,positive,0.9978752136230468,BOA,5,allow,Other
720,It usually crashes and the reason it gives is a problem on internet connection although the internet was fine.,negative,0.9991043210029602,BOA,1,usually crash reason give problem internet connection internet fine,"UI/UX, Negative Feedback"
721,we want international mobile banking,positive,0.958784818649292,BOA,1,want international mobile banking,Other
722,"screenshot isn't working, Please modify it",negative,0.9996084570884703,BOA,2,screenshot work modify,Other
723,Naziriet measho 89160437,negative,0.9862651228904724,BOA,1,naziriet measho,Other
724,Ahmed Mohammed husen,positive,0.912414848804474,BOA,3,ahmed mohammed husen,User Experience
725,Is not working both this one and apollo did u make it better pls am gonne stop using this bank because of the mobile banking,negative,0.9996222257614136,BOA,1,work apollo u well pls gonne stop bank mobile banking,Other
726,I have experiance,negative,0.8070297837257385,BOA,5,experiance,Other
727,The App is not working on Android 9.1 at all. It shows an error notification and forcefully closes the app. Must be fixed ASAP.,negative,0.9997739195823668,BOA,1,app work android show error notification forcefully close app fix asap,UI/UX
728,Crashes very frequently is not stable overall need improvement such a huge bank needs a better app than the current one,negative,0.999760091304779,BOA,1,crash frequently stable overall need improvement huge bank need well app current,"UI/UX, Feature Request"
729,ርይርፍ,negative,0.6970565915107727,BOA,3,ርይርፍ,Other
730,The previous application is much better than this one,positive,0.9991149306297302,BOA,1,previous application well,Other
731,"Worst app. It is wise to invest money and you can make it like CBE app. Even the incon has no image. My app has better UI than yours. So, please invest more and hire professional developer companies and improve it.",negative,0.9994294047355652,BOA,1,bad app wise invest money like cbe app incon image app well ui invest hire professional developer company improve,"Transaction, Negative Feedback"
732,mal,negative,0.9996137022972108,BOA,5,mal,Other
733,It is not working at all,negative,0.9997811913490297,BOA,1,work,Other
734,Excellent,positive,0.9998434782028198,BOA,5,excellent,Positive Feedback
735,The poorest mobile banking survice ever. Only error reports frequently,negative,0.999705970287323,BOA,1,poor mobile banking survice error report frequently,Negative Feedback
738,The worst banking app,negative,0.9998050332069396,BOA,1,bad banking app,Negative Feedback
739,The app is constantly crashing and freezing when to send to BOA customers' accounts.,negative,0.9988401532173156,BOA,1,app constantly crash freeze send boa customer account,"UI/UX, Transaction, Customer Support"
740,No work app,negative,0.9968982934951782,BOA,5,work app,Other
741,Is ok but stop sundenly,positive,0.9309312105178832,BOA,5,ok stop sundenly,Other
743,experienced,positive,0.9950610995292664,BOA,5,experience,Other
744,Very poor app. Its Always cresh and not compatible,negative,0.999818742275238,BOA,2,poor app cresh compatible,Negative Feedback
745,"It's not functional at all. It keeps saying ""error"". Unable to activate.",negative,0.9998112320899964,BOA,1,functional keep say error unable activate,User Experience
746,I can't believe that Abyssinia develop this kind of trash app it have a lot of issues 👎👎👎,negative,0.998315453529358,BOA,1,believe abyssinia develop kind trash app lot issue,Other
747,The new app is very good,positive,0.9998589754104614,BOA,5,new app good,Positive Feedback
748,It's very good but sometimes isn't work probably,negative,0.937102735042572,BOA,5,good work probably,Positive Feedback
749,It doesn't work,negative,0.9997813105583192,BOA,1,work,Other
750,ጭራሽ አይነፋም,negative,0.7850590348243713,BOA,1,ጭራሽ አይነፋም,Other
751,"This is the most stupid app I've seen, why would I turn off developer mode just because you can't make your app secure, this clearly indicates the app has very poor implementation and unskilled developers.. There are a lot of people who need developer option for different reasons. Please for the sake of the bank, fix this thing... Even the most secure international banking apps don't require it. Not to mention the lag and crashes",negative,0.9997655749320984,BOA,1,stupid app see turn developer mode app secure clearly indicate app poor implementation unskilled developer lot people need developer option different reason sake bank fix thing secure international banking app require mention lag crash,"UI/UX, Security, Feature Request, Negative Feedback"
752,The worst mobile banking app,negative,0.9997923970222472,BOA,1,bad mobile banking app,Negative Feedback
753,It is not fast,negative,0.99720698595047,BOA,3,fast,Other
754,Useless,negative,0.9997991919517516,BOA,1,useless,"Negative Feedback, User Experience"
755,The app keeps crashing it stops responding while I'm using it or trying to open the app. Now I have to go to the bank in person to do any banking activities. In short it is the worst mobile banking system in Ethiopia,negative,0.9997914433479308,BOA,1,app keep crash stop respond try open app bank person banking activity short bad mobile banking system ethiopia,"UI/UX, Negative Feedback"
756,ሀየ,negative,0.6970565915107727,BOA,5,ሀየ,Other
757,Too late!,negative,0.9988941550254822,BOA,1,late,Other
758,No work,negative,0.999386191368103,BOA,5,work,Other
759,"Pretty good for a banking app, it still lacks some things with in the ui and with the speed of the app but overall it's a good application. Thank you 5/5👍🏻",positive,0.9995549321174622,BOA,5,pretty good banking app lack thing ui speed app overall good application thank,Positive Feedback
760,After update it doesn't work well,negative,0.9996452331542968,BOA,2,update work,UI/UX
761,Error occurred try again for 5 days tele birr user not found ለራሴ አዝዤ,negative,0.9983060359954834,BOA,1,error occur try day tele birr user find ለራሴ አዝዤ,User Experience
762,Good but Very slow.,positive,0.9877548813819884,BOA,1,good slow,"UI/UX, Positive Feedback"
763,Very good app,positive,0.9998675584793092,BOA,5,good app,Positive Feedback
764,"It is so bad apps ,it doesn't work",negative,0.9998026490211488,BOA,1,bad app work,Negative Feedback
765,"From now on I will never going to use this app,It is a trash app.No one care about this app from bank I will rate them 0/5.",negative,0.9991281628608704,BOA,1,go use app trash app care app bank rate,User Experience
766,It usually crashes and unable to process also it request to off the developer options,negative,0.9996892213821412,BOA,1,usually crash unable process request developer option,"UI/UX, Feature Request"
767,Miliyone.,negative,0.9675788879394532,BOA,5,miliyone,Other
768,Workneh girmamo,positive,0.9400009512901306,BOA,5,workneh girmamo,Other
770,"I can't believe in this day and age, one of the major banks of the country can't seem to understand that having a working mobile payment option is a **MUST** to survive. I have decided to move my accounts to CBE and Awash because of this. Can't be bothered with this useless app.",negative,0.9974097609519958,BOA,1,believe day age major bank country understand have work mobile payment option survive decide account cbe awash bother useless app,"Transaction, Feature Request, Negative Feedback, User Experience"
771,Is it even working these days? Please check it.,positive,0.9892704486846924,BOA,1,work day check,Other
772,"The app is essentially unusable, it asks to disable developer mode even when it is already disabled and crashes, sometimes it only works with wifi and sometimes only with data, or it crashes just because.......",negative,0.9995259046554564,BOA,1,app essentially unusable ask disable developer mode disabled crash work wifi datum crash,UI/UX
773,Please make it functional.,positive,0.9997920393943788,BOA,5,functional,User Experience
774,its best app but its don't working in poor connection area so,negative,0.9705929756164552,BOA,5,good app work poor connection area,"Positive Feedback, Negative Feedback"
775,Please Recover thank you,positive,0.9997314810752868,BOA,5,recover thank,Positive Feedback
776,This app doesn't work,negative,0.9997921586036682,BOA,1,app work,Other
777,"the app used to run fine, but now it takes like forever to even open the main dashboard and sometimes it just crashes on its own. you guys gotta step it up. we need this app to be way faster",negative,0.9726091623306274,BOA,1,app run fine take like forever open main dashboard crash guy get to step need app way fast,"UI/UX, Feature Request"
778,the underrated app I've ever seen and ur banking system is Soo Idiocracy,negative,0.9977184534072876,BOA,1,underrated app see ur banking system soo idiocracy,UI/UX
779,It demands to disable developer option.,negative,0.9994282126426696,BOA,1,demand disable developer option,Feature Request
780,"It's been two months now, I cannot do any transaction using this app. It's really disappointing. I am using bank of Abyssinia currently because it's the nearest bank to my work place. The bank is turning to the worst bank in the country day by day. They always respond to customers that they are updating their system all year long, I think that's what they train their customer service operators to do.",negative,0.999635934829712,BOA,1,month transaction app disappointing bank abyssinia currently near bank work place bank turn bad bank country day day respond customer update system year long think train customer service operator,"UI/UX, Transaction, Customer Support, Negative Feedback"
781,Open Open service,positive,0.9997770190238952,BOA,5,open open service,Customer Support
782,አፑ በጣም አስቸጋሪ ሆኗል,negative,0.8616330027580261,BOA,1,አፑ በጣም አስቸጋሪ ሆኗል,Other
783,Its not working.,negative,0.9997856020927428,BOA,1,work,Other
784,"Riddled with crashes, cant use it anymore. Very frustrating!",negative,0.9994331002235411,BOA,1,riddle crash not use anymore frustrating,"UI/UX, User Experience"
785,Always error occured. The worst app ever,negative,0.9997997879981996,BOA,1,error occur bad app,Negative Feedback
786,ከዚህ ትልቅ ባንክ የማይጠበቅ ድንዝዝዝዝ ያለ App.... ዛግግግ ነው ያረገኝ 😡😡😡,negative,0.96113383769989,BOA,1,ከዚህ ትልቅ ባንክ የማይጠበቅ ድንዝዝዝዝ ያለ app ዛግግግ ነው ያረገኝ,Other
787,Excellent service,positive,0.9998576641082764,BOA,5,excellent service,"Customer Support, Positive Feedback"
788,It's not convenient,negative,0.9998067021369934,BOA,1,convenient,User Experience
789,meskelu Metku,positive,0.8474318981170654,BOA,5,meskelu metku,Other
790,Verry nice,positive,0.9997273087501526,BOA,5,verry nice,Positive Feedback
791,It has become the most unreliable mibile banking app ever.,negative,0.999081015586853,BOA,1,unreliable mibile banking app,Other
792,"አኘልኬሽኑ በሁሉም ነገር ጥሩ ነዉ,ነገር ግን Network በጣም ነዉ እሚያስቸገረው",negative,0.946504294872284,BOA,2,አኘልኬሽኑ በሁሉም ነገር ጥሩ ነዉ ነገር ግን network በጣም ነዉ እሚያስቸገረው,UI/UX
793,The poorest mobile banking I have seen in the industry. Is not stable to login and post transactions. Is not attractive. Error reports frequently.,negative,0.9998160004615784,BOA,5,poor mobile banking see industry stable login post transaction attractive error report frequently,"Account Access, Transaction, Negative Feedback"
795,Really Bank,positive,0.9820581078529358,BOA,5,bank,Other
796,I like the the bank of Abyssinia is the best first bank of Ethiopia,positive,0.999809205532074,BOA,1,like bank abyssinia good bank ethiopia,Positive Feedback
797,The app is not good need a few work,negative,0.9997538924217224,BOA,3,app good need work,"Feature Request, Positive Feedback"
798,"The worst mob app i have ever seen. Slow, uncomfortable and stupid. It is better to learn from the best app (tele birr). The released updates is even worst.",negative,0.9997610449790956,BOA,1,bad mob app see slow uncomfortable stupid well learn good app tele birr release update bad,"UI/UX, Positive Feedback, Negative Feedback"
799,"Unreliable, expensive service. Most of the time, it is not working. Sometimes, it will take more than a day to complete transactions and charges more for this unworthy service. I will not recommend this bank app to anyone.",negative,0.9994435906410216,BOA,1,unreliable expensive service time work day complete transaction charge unworthy service recommend bank app,"Transaction, Customer Support"
800,excellent service,positive,0.9998576641082764,BOA,5,excellent service,"Customer Support, Positive Feedback"
801,You are beutiful,negative,0.8399409055709839,BOA,5,beutiful,Other
802,The best app,positive,0.9998469352722168,BOA,5,good app,Positive Feedback
803,አይሰራም አፑ ለምንድነው,negative,0.8337252736091614,BOA,1,አይሰራም አፑ ለምንድነው,Other
804,Awful,negative,0.9997954964637756,BOA,1,awful,Other
805,Developer option to be off really,negative,0.9903939366340636,BOA,1,developer option,Feature Request
806,Good app boa,positive,0.999842882156372,BOA,5,good app boa,Positive Feedback
807,I'm disappointed with the recent changes to this app. Disabling developer options for functionality seems unnecessary. The previous version offered a more user-friendly experience.,negative,0.9997298121452332,BOA,1,disappointed recent change app disable developer option functionality unnecessary previous version offer user friendly experience,"UI/UX, Feature Request, Negative Feedback, User Experience"
808,"Worest app, it cannot be downloaded",negative,0.9979676604270936,BOA,2,worest app download,Other
810,slow only some times the wey it is veary nice app,positive,0.949857532978058,BOA,5,slow time wey veary nice app,"UI/UX, Positive Feedback"
811,ok yes,positive,0.9997628331184388,BOA,5,ok yes,Other
812,It's nice apps,positive,0.999875545501709,BOA,1,nice app,Positive Feedback
813,Wow! what a disgrace for BOA. The app barely works. Too slow and always returns error.,negative,0.9997871518135072,BOA,1,wow disgrace boa app barely work slow return error,"UI/UX, Positive Feedback"
814,Excited by your service,positive,0.9997963309288024,BOA,5,excite service,Customer Support
815,Kerfafa new,positive,0.8148752450942993,BOA,1,kerfafa new,Other
816,ABDU MUDESR,positive,0.7394681572914124,BOA,2,abdu mudesr,Other
817,"The worst mobile banking app! It doesn't load (seems like with the perfect WiFi and data connection it still manages to have network issues), when you finally get into the app, it makes it so hard more than it should be to send money.",negative,0.9996273517608644,BOA,1,bad mobile banking app load like perfect wifi data connection manage network issue finally app make hard send money,"UI/UX, Transaction, Positive Feedback, Negative Feedback"
818,It is Good to save time 👌👌,positive,0.9998168349266052,BOA,3,good save time,Positive Feedback
819,"I'm sorry but what kind of stupid developer thinks the app will be faster if we disable ""Developer mode""? I've never seen such degeneracy in my entire life, please get rid of this feature",negative,0.9996848106384276,BOA,1,sorry kind stupid developer think app fast disable developer mode see degeneracy entire life rid feature,Feature Request
820,What is the purpose or point of not allowing to take a screenshot of the recipe after transferring???,negative,0.9991626739501952,BOA,1,purpose point allow screenshot recipe transfer,Transaction
821,Ayseram,negative,0.6560930013656616,BOA,1,ayseram,Other
822,Worst banking app ever,negative,0.9997898936271667,BOA,1,bad banking app,Negative Feedback
823,not bad,positive,0.9995881915092468,BOA,1,bad,Negative Feedback
824,good,positive,0.999816119670868,Dashen,5,good,Positive Feedback
825,very good .,positive,0.9998475313186646,Dashen,5,good,Positive Feedback
826,this app is good for you guys,positive,0.9998170733451844,Dashen,5,app good guy,Positive Feedback
827,wow,positive,0.999592125415802,Dashen,5,wow,Positive Feedback
828,kalid,positive,0.8998875617980957,Dashen,5,kalid,Other
829,I like this mobile banking app very much. Overall user interface and navigation is awesome. But it lacks instant response when someone deposit or withdraw money.,negative,0.9904449582099916,Dashen,2,like mobile banking app overall user interface navigation awesome lack instant response deposit withdraw money,"Transaction, Customer Support, Positive Feedback, User Experience"
830,love,positive,0.9998735189437866,Dashen,3,love,Positive Feedback
831,መቸሸጠ,negative,0.6970565915107727,Dashen,5,መቸሸጠ,Other
832,gadaa,negative,0.7211463451385498,Dashen,5,gadaa,Other
833,Massive upgrade from the Amole app.,positive,0.9646419286727904,Dashen,5,massive upgrade amole app,Other
834,very good for this app,positive,0.9998138546943665,Dashen,5,good app,Positive Feedback
836,this app better than Amole . but the biometric on new update doesn't work,negative,0.999607503414154,Dashen,4,app well amole biometric new update work,UI/UX
837,Wow,positive,0.999592125415802,Dashen,5,wow,Positive Feedback
838,wow to it saff and this app,positive,0.998571276664734,Dashen,5,wow saff app,Positive Feedback
839,it too slow,negative,0.9996801614761353,Dashen,3,slow,UI/UX
840,ዳሽን ባንክ ይለያል,negative,0.8337252736091614,Dashen,4,ዳሽን ባንክ ይለያል,Other
841,real life changer,positive,0.9997788071632384,Dashen,5,real life changer,UI/UX
843,nice application,positive,0.9998229146003724,Dashen,5,nice application,Positive Feedback
844,useless app ever loading take long,negative,0.9997350573539734,Dashen,1,useless app load long,"Negative Feedback, User Experience"
845,"Game changer app! Dashen Bank Super App is fast, secure, and easy to use. The three-click payment makes sending money super quick, and the QR code payment is perfect for cashless shopping. I also love the biometric login and easy airtime and bill payments. Everything I need is in one place. Dashen Bank has really raised the bar for digital banking in Ethiopia. Highly recommended!",positive,0.999617338180542,Dashen,5,game changer app dashen bank super app fast secure easy use click payment make send money super quick qr code payment perfect cashless shopping love biometric login easy airtime bill payment need place dashen bank raise bar digital banking ethiopia highly recommend,"Account Access, UI/UX, Transaction, Security, Feature Request, Positive Feedback, User Experience"
846,very useful App,positive,0.9995785355567932,Dashen,1,useful app,User Experience
847,"Simple, robust features? Yes, please! But the endless loading screen killed the fun—I couldn’t use it for days. Fix the glitch, and I’ll yeet a higher rating!",negative,0.8351486325263977,Dashen,2,simple robust feature yes endless loading screen kill fun use day fix glitch yeet high rating,"UI/UX, Feature Request, User Experience"
848,Wawww,negative,0.941803812980652,Dashen,5,wawww,Other
849,it is good but some times says duplicate transaction why?,negative,0.9836630821228028,Dashen,5,good time say duplicate transaction,"Transaction, Positive Feedback"
850,very Nice,positive,0.9998563528060912,Dashen,5,nice,Positive Feedback
851,its best,positive,0.9998121857643129,Dashen,5,good,Positive Feedback
852,it is not as good as to the other mobile bank app.,negative,0.999786913394928,Dashen,1,good mobile bank app,Positive Feedback
853,"The best of best is now arrived **Empowering Your Financial Freedom** ""Experience seamless banking at your fingertips with Dashen Bank. Empowering your financial freedom, anytime, anywhere!"" **Innovation Meets Convenience** ""Dashen Bank Mobile Banking: Where innovation meets convenience. **Secure and Reliable** ""Bank with confidence",positive,0.9996517896652222,Dashen,5,good good arrive empower financial freedom experience seamless banking fingertip dashen bank empower financial freedom anytime innovation meet convenience dashen bank mobile banking innovation meet convenience secure reliable bank confidence,"Security, Positive Feedback"
854,Nothing is changed in the updated version. You have been collecting comments but where is the feed back you improved in this version. superapp is mot functioning today.,negative,0.9939862489700316,Dashen,4,change update version collect comment feed improve version superapp mot function today,"UI/UX, Positive Feedback"
855,The best app ever in finance sector,positive,0.9998089671134948,Dashen,5,good app finance sector,Positive Feedback
856,Its good app than other compitators but it confuse when we transfer it needs OTP and PIN most user inter their pin instead of OTP we know the litrecy level of our society so if it is device based i dont know the needs of OTP so please try to fix,negative,0.9983357787132264,Dashen,3,good app compitator confuse transfer need otp pin user inter pin instead otp know litrecy level society device base not know need otp try fix,"UI/UX, Transaction, Feature Request, Positive Feedback, User Experience"
857,dashen bank or dashen super app?,negative,0.9937525391578674,Dashen,1,dashen bank dashen super app,Positive Feedback
858,wowwwe app,positive,0.9829692840576172,Dashen,5,wowwwe app,Positive Feedback
859,"Transferring to other bank accounts is a hastle and inconvenient .Get used to seeing "" please try again """,negative,0.9994332194328308,Dashen,2,transfer bank account hastle inconvenient see try,"Transaction, User Experience"
860,always lagging,negative,0.9998013377189636,Dashen,1,lag,UI/UX
861,Amazing Application...,positive,0.9998786449432372,Dashen,5,amazing application,Positive Feedback
862,Fantastic,positive,0.9998743534088136,Dashen,5,fantastic,Positive Feedback
863,"Dashen bank app is very good, but sometimes it is not working well",negative,0.9976341724395752,Dashen,5,dashen bank app good work,Positive Feedback
864,its my choice,positive,0.9962010979652404,Dashen,5,choice,Other
865,wow apo,positive,0.99947851896286,Dashen,5,wow apo,Positive Feedback
866,awesome app keep going,positive,0.9998502731323242,Dashen,5,awesome app go,Positive Feedback
868,"It grows ethiopian digital banking step ahead.All fetures in one,simple fast and convince.",positive,0.9992207288742064,Dashen,5,grow ethiopian digital banking step ahead feture simple fast convince,User Experience
869,Game changer,positive,0.988757073879242,Dashen,5,game changer,UI/UX
870,Totally amazing,positive,0.9998782873153688,Dashen,5,totally amazing,Positive Feedback
871,super 😎,positive,0.9331682920455932,Dashen,5,super,Positive Feedback
872,what a helpful app!!!!,positive,0.9990901947021484,Dashen,5,helpful app,Customer Support
873,Good,positive,0.999816119670868,Dashen,4,good,Positive Feedback
874,nice,positive,0.9998552799224854,Dashen,5,nice,Positive Feedback
875,"To be honest, best banking and lifestyle app in Ethiopia.",positive,0.9997262358665466,Dashen,5,honest good banking lifestyle app ethiopia,Positive Feedback
876,fast,positive,0.9989494681358336,Dashen,5,fast,Other
877,"A must have, seamless, all in one digital platform ""DB Superapp""! Keep living your motto ""Always one step ahead""",positive,0.9966461062431335,Dashen,5,seamless digital platform db superapp live motto step ahead,Positive Feedback
878,"This App makes digital banking effortless and convenient. User-friendly interface, secure transactions, and excellent features for managing finances efficiently.",positive,0.9991555213928224,Dashen,4,app make digital banking effortless convenient user friendly interface secure transaction excellent feature manage finance efficiently,"Transaction, Security, Feature Request, Positive Feedback, User Experience"
879,Amazing app super easy to use and best design. loved it.,positive,0.9998630285263062,Dashen,5,amazing app super easy use good design love,"Account Access, Positive Feedback, User Experience"
880,its the best ever,positive,0.9998552799224854,Dashen,5,good,Positive Feedback
881,excellent game changer App,positive,0.9998358488082886,Dashen,5,excellent game changer app,"UI/UX, Positive Feedback"
882,I am highly excited by using this application and it is the most favorable as well as preferrable mobile app.,positive,0.9995176792144777,Dashen,5,highly excited application favorable preferrable mobile app,Other
883,it seems me logging out within minutes,negative,0.9982207417488098,Dashen,1,log minute,Account Access
884,nice app especially GUI and I have got some error when you send within dashen bank the receipter is not get SMS notification,negative,0.985798954963684,Dashen,4,nice app especially gui get error send dashen bank receipter sms notification,"Transaction, Positive Feedback"
885,yes i want dashen super open,positive,0.999435007572174,Dashen,5,yes want dashen super open,Positive Feedback
886,Best App,positive,0.999686598777771,Dashen,5,best app,Positive Feedback
887,faster than this version,positive,0.9991979002952576,Dashen,5,fast version,UI/UX
888,"Best UI mobile banking app, props to design team",positive,0.9991565942764282,Dashen,5,good ui mobile banking app prop design team,"Account Access, Positive Feedback"
889,thank you,positive,0.9998352527618408,Dashen,4,thank,Positive Feedback
890,great app,positive,0.999821126461029,Dashen,5,great app,Positive Feedback
891,bad.,negative,0.9997698664665222,Dashen,1,bad,Negative Feedback
892,Dashen bank always one step ahead,positive,0.9996015429496764,Dashen,5,dashen bank step ahead,Other
893,dashen super app is secure band very easy,positive,0.9899651408195496,Dashen,5,dashen super app secure band easy,"Security, Positive Feedback, User Experience"
894,It is very fast and secured mobile banking app! I like this app!,positive,0.9995939135551452,Dashen,5,fast secure mobile banking app like app,Security
895,best app I have ever seen,positive,0.9996102452278136,Dashen,5,good app see,Positive Feedback
896,best of best,positive,0.9997496008872986,Dashen,5,good good,Positive Feedback
897,waw,negative,0.7346178889274597,Dashen,5,waw,Other
898,best app,positive,0.999686598777771,Dashen,5,good app,Positive Feedback
899,Its slow when i try to see the Recent Transaction and stucked,negative,0.9992387294769288,Dashen,1,slow try recent transaction stucke,"UI/UX, Transaction"
900,wowslnwoooo wowwww amazing !!!!!!!!,positive,0.999722182750702,Dashen,5,wowslnwoooo wowwww amazing,Positive Feedback
901,wow appl,positive,0.9994691014289856,Dashen,5,wow appl,Positive Feedback
902,why do i have to change a pin number i use my finger print so dummy,negative,0.9994646906852722,Dashen,1,change pin number use finger print dummy,"UI/UX, User Experience"
903,very nice,positive,0.9998563528060912,Dashen,5,nice,Positive Feedback
904,great,positive,0.9998630285263062,Dashen,4,great,Positive Feedback
905,"It is very slow and it lacks many features to be a super app. High rating is given by their employees, not by the customers.",negative,0.9997708201408386,Dashen,1,slow lack feature super app high rating give employee customer,"UI/UX, Customer Support, Feature Request, Positive Feedback"
906,"Smooth and secure experience transfers, bill payments, and tracking expenses are all effortless. The intuitive design makes banking on the go.",positive,0.9996446371078492,Dashen,5,smooth secure experience transfer bill payment tracking expense effortless intuitive design make banking,"Account Access, Transaction, Security"
907,Very easy and Fast.,positive,0.9995487332344056,Dashen,5,easy fast,User Experience
908,Incomparably user-friendly and fast app for mobile banking.,negative,0.939275562763214,Dashen,5,incomparably user friendly fast app mobile banking,User Experience
909,"there is nothing super about this app, repeatedly failed transaction and wastes customer valuable time. if you have to do system upgrade do it at a time when there is less traffic demand. your Technical difficulty should not be reflected on customer.",negative,0.9993688464164734,Dashen,2,super app repeatedly fail transaction waste customer valuable time system upgrade time traffic demand technical difficulty reflect customer,"UI/UX, Transaction, Customer Support, Positive Feedback"
910,execellent,negative,0.9866806864738464,Dashen,5,execellent,Other
911,"This super app is a total game-changer—fast, reliable, and packed with everything I need in one place. It’s seamless and super convenient. Love it!""",positive,0.9998038411140442,Dashen,5,super app total game changer fast reliable pack need place seamless super convenient love,"UI/UX, Feature Request, Positive Feedback, User Experience"
912,All in One ✍️secure ✍️reliable ✍️convenient. Digital banking game changer!!,negative,0.7598550915718079,Dashen,5,digital banking game changer,UI/UX
913,it is incredible product.,positive,0.9998867511749268,Dashen,5,incredible product,Other
914,"I'm really impressed with this app! It’s user-friendly, runs smoothly, and has all the features I need. Makes my tasks so much easier and saves me a lot of time. Highly recommended!",positive,0.9997783303260804,Dashen,5,impressed app user friendly run smoothly feature need make task easy save lot time highly recommend,"Feature Request, User Experience"
915,ok,positive,0.9997851252555848,Dashen,5,ok,Other
916,"It's an amazing app, experience it!!",positive,0.9998760223388672,Dashen,5,amazing app experience,Positive Feedback
917,This is the best banking app ever. I recommend everyone to use it.,positive,0.9997599720954896,Dashen,5,good banking app recommend use,"Positive Feedback, User Experience"
918,It is the best application!!!,positive,0.9998468160629272,Dashen,5,good application,Positive Feedback
919,"Exceptional digital experience, SupperApp will bring new paradigm shift in the banking business. Bravo Dashen keep it up!!!!",positive,0.9998323917388916,Dashen,5,exceptional digital experience supperapp bring new paradigm shift banking business bravo dashen,Other
920,its features are so dynamic,positive,0.999643087387085,Dashen,5,feature dynamic,Feature Request
921,fast &Friendly user Application.,positive,0.9993237257003784,Dashen,5,fast friendly user application,User Experience
922,"Fast, Reliable and User Friendly. Keep it Up",positive,0.9997664093971252,Dashen,5,fast reliable user friendly,User Experience
923,"#dashen super app is easy to use, secure & fast transaction😍",positive,0.9874821901321412,Dashen,5,dashen super app easy use secure fast transaction,"Transaction, Security, Positive Feedback, User Experience"
924,i love this app esp 3 click that make e-commerce easier and convinient.,positive,0.9995126724243164,Dashen,5,love app esp click e commerce easy convinient,"Positive Feedback, User Experience"
925,Dashen Super App contains extended selections for customers and can be easily accessible and also friendly to use.,positive,0.9990369081497192,Dashen,5,dashen super app contain extend selection customer easily accessible friendly use,"Account Access, Customer Support, Positive Feedback, User Experience"
926,Great for everyday banking and payments on the go,positive,0.9998255372047424,Dashen,5,great everyday banking payment,"Transaction, Positive Feedback"
927,"""Dashen Super App'' is impressive with its focus on simplicity, speed, and quality. The user interface is clean and easy to understand. Transactions process quickly, and the overall quality of the app is top-notch. A must-have for Dashen Bank customers. ዳሸን ባንክ አንድ እርምጃ ቀዳሚ።",positive,0.9997794032096864,Dashen,5,dashen super app impressive focus simplicity speed quality user interface clean easy understand transaction process quickly overall quality app notch dashen bank customer ዳሸን ባንክ አንድ እርምጃ,"Transaction, Customer Support, Positive Feedback, User Experience"
928,making transactions has never been easier. the new update is just amazing,positive,0.9998310804367064,Dashen,5,make transaction easy new update amazing,"UI/UX, Transaction, Positive Feedback, User Experience"
929,"The app has various usefull functions, which make easy the payment system. Also, it will connect with sellers having reasonable prices.",positive,0.9850903749465942,Dashen,5,app usefull function easy payment system connect seller have reasonable price,"UI/UX, Transaction, User Experience"
930,The app has great user interface with comprehensive payments and E-commerce platforms. And also it includes unique features such as chat Banking and budget.,positive,0.999284565448761,Dashen,5,app great user interface comprehensive payment e commerce platform include unique feature chat banking budget,"Transaction, Feature Request, Positive Feedback, User Experience"
931,betam mirt Ena betam le atikakem kelel Yale Ena michu application nw,negative,0.9886249303817748,Dashen,5,betam mirt ena betam le atikakem kelel yale ena michu application nw,Other
932,Convenient!,positive,0.9936902523040771,Dashen,5,convenient,User Experience
933,It is an amazing application that meets the needs of customers.,positive,0.999864935874939,Dashen,5,amazing application meet need customer,"Customer Support, Feature Request, Positive Feedback"
934,Effecting payment via the app has created convenience to the recipients in easily confirming the payments received!,positive,0.973114848136902,Dashen,5,effecting payment app create convenience recipient easily confirm payment receive,Transaction
935,the best Supper App ever,positive,0.999849796295166,Dashen,5,good supper app,Positive Feedback
936,"This is the best app ever, when is it planned to include digital lending and gasification?",positive,0.9990382194519044,Dashen,5,good app plan include digital lending gasification,Positive Feedback
937,"A powerful, local solution that rivals any global app. I love how easy it is to explore services and products.",positive,0.999815046787262,Dashen,5,powerful local solution rival global app love easy explore service product,"Customer Support, Positive Feedback, User Experience"
938,Dashen bank is my number one choice,positive,0.9996331930160522,Dashen,5,dashen bank number choice,Other
939,Assefa Genetu = Dashen superup is the latest and inclussive .I am happy with this super up.,positive,0.9994714856147766,Dashen,5,assefa genetu dashen superup late inclussive happy super,Positive Feedback
940,"The App is incredibly user-friendly and brings multiple services into one place. It's fast, intuitive, and makes daily tasks super convenient. A true all-in-one solution!",positive,0.9991614818572998,Dashen,5,app incredibly user friendly bring multiple service place fast intuitive make daily task super convenient true solution,"Customer Support, Positive Feedback, User Experience"
941,"Proudly made in Ethiopia, this innovation delivers more than promised. The marketplace is a major boost for local commerce",positive,0.9998248219490052,Dashen,5,proudly ethiopia innovation deliver promise marketplace major boost local commerce,Other
942,it so fanrastic and user friendly app. Bravo Dashen bank thanks.,positive,0.9990429282188416,Dashen,5,fanrastic user friendly app bravo dashen bank thank,"Positive Feedback, User Experience"
943,"one of the best digital platforms I've used! from smooth transactions to a seamless shopping experience, highly recommended.",positive,0.9997945427894592,Dashen,5,good digital platform smooth transaction seamless shopping experience highly recommend,"Transaction, Positive Feedback"
944,A proudly Ethiopia innovation that delivers beyond expectations. The marketplace feature is a big win for local shoppers bnd sellers,positive,0.9997891783714294,Dashen,5,proudly ethiopia innovation deliver expectation marketplace feature big win local shopper bnd seller,Feature Request
945,"Dashen Super App is a game-changer! It’s fast, user-friendly, and packed with features that make everyday banking and transactions super convenient. I love how everything I need from mobile banking to utility payments is all in one place. The interface is clean, and everything works smoothly. Definitely one of the best apps out there. Highly recommended!",positive,0.9998010993003844,Dashen,5,dashen super app game changer fast user friendly pack feature everyday banking transaction super convenient love need mobile banking utility payment place interface clean work smoothly definitely good app highly recommend,"UI/UX, Transaction, Feature Request, Positive Feedback, User Experience"
946,Easy to use and has many options. It is the best financial app I have ever used.,positive,0.9997546076774596,Dashen,5,easy use option good financial app,"Feature Request, Positive Feedback, User Experience"
947,"Highly impressed! Dash Bank really nailed it with this app. Secure, reliable, and packed with features I use daily",positive,0.9998537302017212,Dashen,5,highly impressed dash bank nail app secure reliable pack feature use daily,"Security, Feature Request, User Experience"
948,"One of the best digital platforms I’ve used! From smooth transactions to a seamless shopping experience, Highly recommended",positive,0.9997860789299012,Dashen,5,good digital platform smooth transaction seamless shopping experience highly recommend,"Transaction, Positive Feedback"
949,"This app has everything I was looking for, dashen is becoming a grandmaster.",positive,0.9995651841163636,Dashen,5,app look dashen grandmaster,Other
950,Very convenient,positive,0.9988445043563844,Dashen,5,convenient,User Experience
951,"The user experience is seamless, and everything just works perfectly right out of the box. I can’t believe how much time and effort it saves me every day.",positive,0.9997797608375548,Dashen,5,user experience seamless work perfectly right box believe time effort save day,"Positive Feedback, User Experience"
952,wawwwww what nice super app !!keep it up dashen bank !!,positive,0.9991359114646912,Dashen,5,wawwwww nice super app dashen bank,Positive Feedback
953,"Dashen SuperApp the ultimate all-in-one solution! From banking and shopping to bill payments, everything you need is right at your fingertips. Life just got a whole lot easier!",positive,0.9991750121116638,Dashen,5,dashen superapp ultimate solution banking shop bill payment need right fingertip life get lot easy,"Transaction, Feature Request, Positive Feedback, User Experience"
954,"It is,really super because of its unique offerings to individuals and businesses.It is a secure UX first app intended to cater comprehensive digital meeds.I am also happy to know that Dashen is considering to make the app more inclusive by lowering the mobile version requirements .",positive,0.9995538592338562,Dashen,5,super unique offering individual business secure ux app intend cater comprehensive digital meed happy know dashen consider app inclusive lower mobile version requirement,"UI/UX, Security, Positive Feedback"
955,"the very easy, secured, fast and multifunctional dashen supper application I ever seen. dashen really one steps ahead!!!",positive,0.99827241897583,Dashen,5,easy secured fast multifunctional dashen supper application see dashen step ahead,"Security, User Experience"
956,"One app for everything! I can shop, manage my bank account , and do so much more . Truly a super app",positive,0.9994187355041504,Dashen,5,app shop manage bank account truly super app,Positive Feedback
957,one of the best digital platforms I’ve used! From smooth transactions to a seamless shopping experie,positive,0.9995588660240172,Dashen,5,good digital platform smooth transaction seamless shopping experie,"Transaction, Positive Feedback"
958,"Dashen Bank super App is the most suitable, reliable, and fast digital banking system.",positive,0.9992392063140868,Dashen,5,dashen bank super app suitable reliable fast digital banking system,"UI/UX, Positive Feedback"
959,Excellent app.,positive,0.99984610080719,Dashen,5,excellent app,Positive Feedback
960,This is what we call banking app. As professional I want banking app as simple as this and an app rich of features that align with my lifestyle.,positive,0.9991500377655028,Dashen,5,banking app professional want banking app simple app rich feature align lifestyle,"Feature Request, User Experience"
961,thanks again,positive,0.9998217225074768,Dashen,5,thank,Positive Feedback
962,Super Easy To Use and Fast Transaction.,positive,0.996877908706665,Dashen,5,super easy use fast transaction,"Transaction, Positive Feedback, User Experience"
963,"I have an incredible experience with Dashen super app, what an amazing platform is it?. keep pioneering in technological advancement 👏👏👏",positive,0.999527096748352,Dashen,5,incredible experience dashen super app amazing platform pioneer technological advancement,"Account Access, Positive Feedback"
964,"i can't recommend the Dashen Super App enough! This app is truly a game changer for anyone looking for a seamless and efficient way to manage their daily life. It combines multiple essential services into one easy-to-use platform, saving time and simplifying tasks The user interface is modern, intuitive, and super responsive, making navigation a breeze. Whether it's banking, payment services, or accessing lifestyle features, everything is just a few clicks away!!",positive,0.9953939914703368,Dashen,5,recommend dashen super app app truly game changer look seamless efficient way manage daily life combine multiple essential service easy use platform save time simplify task user interface modern intuitive super responsive make navigation breeze banking payment service access lifestyle feature click away,"Account Access, UI/UX, Transaction, Customer Support, Feature Request, Positive Feedback, User Experience"
965,"The app is incredibly handy for managing multiple financial tasks, from bill payments to managing budgets. It’s saved me a lot of time and made banking way more convenient. Definitely worth checking out!",positive,0.9982413053512572,Dashen,5,app incredibly handy manage multiple financial task bill payment manage budget save lot time banking way convenient definitely worth check,"Transaction, User Experience"
966,what an App,positive,0.9938238859176636,Dashen,5,app,Other
967,The new e-commerce feature is incredibly amazing and user friendly.,positive,0.9998598098754884,Dashen,5,new e commerce feature incredibly amazing user friendly,"Feature Request, Positive Feedback, User Experience"
968,"dashen bank supper app is the most easy to use and have high speed,quality and I like features like chat,budget,fuel payment, and security for my opinion this product is techonolgy edge,this international standard thanks for product oweners (dashen bank)",positive,0.9974797368049622,Dashen,3,dashen bank supper app easy use high speed quality like feature like chat budget fuel payment security opinion product techonolgy edge international standard thank product owener dashen bank,"Transaction, Security, Feature Request, Positive Feedback, User Experience"
969,"The Dashen supperapp is a revolutionary advancement in digital banking, combining exceptional usability, an intuitive interface and a seamless user experience. among its standout features are the integration of QR codes, account statement, transaction advise, chat, transaction authentication for limit thresholds, budgeting and different app in a single dashboard. Truly ahead of the curve ..... keep up the excellent work 🤝👏",positive,0.9997472167015076,Dashen,5,dashen supperapp revolutionary advancement digital banking combine exceptional usability intuitive interface seamless user experience standout feature integration qr code account statement transaction advise chat transaction authentication limit threshold budgeting different app single dashboard truly ahead curve excellent work,"Account Access, Transaction, Feature Request, Positive Feedback, User Experience"
970,"A proudly Ethiopian innovation that delivers beyond expectations. The marketplace feature is a big win for local shoppers and sellers. Very impressed with the new updates, The e-commerce section is smooth and supports Ethiopian merchants!",positive,0.9998795986175536,Dashen,5,proudly ethiopian innovation deliver expectation marketplace feature big win local shopper seller impressed new update e commerce section smooth support ethiopian merchant,"UI/UX, Customer Support, Feature Request"
971,"Very impressed with the new updates, The e-commerce section is smooth and supports Ethiopian merchants.",positive,0.9998557567596436,Dashen,5,impressed new update e commerce section smooth support ethiopian merchant,"UI/UX, Customer Support"
972,"Dashen Bank Super App is fast, reliable, and super easy to use. All my banking needs are handled smoothly in one place. Clean design and seamless experience – highly recommended!",positive,0.9997962117195128,Dashen,5,dashen bank super app fast reliable super easy use banking need handle smoothly place clean design seamless experience highly recommend,"Account Access, Feature Request, Positive Feedback, User Experience"
973,"Db sup app is A platform or an application that can grasp more satisfactions through fastest mode of operation which means for budget planning, to use QR code(scan, pay, go) chat with staff, acc to acc other bank ft, merchant payment, and easly. I addition to i satisfied and i invite everyone to use those platform!!.",positive,0.8947896361351013,Dashen,5,db sup app platform application grasp satisfaction fast mode operation mean budget planning use qr pay chat staff acc acc bank ft merchant payment easly addition satisfied invite use platform,"Transaction, Feature Request, User Experience"
974,the chat banking and unique and only app that alow money request!!,negative,0.9822685718536376,Dashen,5,chat banking unique app alow money request,Transaction
975,Better and inclusive app!,positive,0.999285876750946,Dashen,5,better inclusive app,Other
976,Amazing Application,positive,0.9998698234558104,Dashen,5,amazing application,Positive Feedback
977,It keep my time to pay my bills and I generate my satment easily,positive,0.996675968170166,Dashen,5,time pay bill generate satment easily,Other
978,"It's an amazing app that is up-to-date with the times, wow wow",positive,0.999868392944336,Dashen,5,amazing app date time wow wow,Positive Feedback
979,A game-changing Ethiopian innovation—where shopping meets opportunity. The marketplace feature connects buyers and sellers like never before.,positive,0.9993858337402344,Dashen,5,game change ethiopian innovation shopping meet opportunity marketplace feature connect buyer seller like,"UI/UX, Feature Request"
980,"Dashen Super App isn’t just an app — it’s an experience. Effortless, powerful, and built for the future",positive,0.9997283816337584,Dashen,5,dashen super app app experience effortless powerful build future,Positive Feedback
981,"This Is An Amazing App with Uniqe Quality,Easy And Fast Mobile Banking App.",positive,0.9997382760047911,Dashen,5,amazing app uniqe quality easy fast mobile banking app,"Positive Feedback, User Experience"
982,"Dashen SuperApp is a lifesaver! Banking, shopping, and bills in one super easy app. The new e-commerce feature is awesome and supports local merchants. Fast, secure, and proudly Ethiopian.Download it now—you won’t regret it!",positive,0.9996484518051147,Dashen,5,dashen superapp lifesaver banking shopping bill super easy app new e commerce feature awesome support local merchant fast secure proudly ethiopian download will regret,"Customer Support, Security, Feature Request, Positive Feedback, User Experience"
983,"Dashen SuperApp blends finance, shopping, and daily services effortlessly. The new e-commerce feature is smooth and supports local merchants—proud to back an Ethiopian-made solution!",positive,0.9998247027397156,Dashen,5,dashen superapp blend finance shopping daily service effortlessly new e commerce feature smooth support local merchant proud ethiopian solution,"Customer Support, Feature Request, Positive Feedback"
984,"A solid step forward by Dashen Bank. The SuperApp combines essential banking features with lifestyle services, making everything accessible in one place. The interface is smooth, and transactions are quick and reliable. It’s clear a lot of thought went into the design and functionality. Great job!",positive,0.9998260140419006,Dashen,5,solid step forward dashen bank superapp combine essential banking feature lifestyle service make accessible place interface smooth transaction quick reliable clear lot thought go design functionality great job,"Account Access, Transaction, Customer Support, Feature Request, Positive Feedback, User Experience"
985,Dashen bank super app is the crucial and convenient app in Ethiopia. there is no other app to compare with Dashen bank super app,positive,0.9817668795585632,Dashen,5,dashen bank super app crucial convenient app ethiopia app compare dashen bank super app,"Positive Feedback, User Experience"
986,"All-in-one finance & e-commerce super app! Pay, save, shop seamlessly. Fast, secure. #BankAndShop",positive,0.9943593144416808,Dashen,5,finance e commerce super app pay save shop seamlessly fast secure bankandshop,"Security, Positive Feedback"
987,it's a hestorical app. in the bank industry.,negative,0.9915915727615356,Dashen,5,hestorical app bank industry,Other
988,"A game changer in Ethiopian digital banking fast, secure, and packed with services. Everything you need, all in one powerful app. A true leap toward financial convenience and innovation!",positive,0.9996839761734008,Dashen,4,game changer ethiopian digital banking fast secure pack service need powerful app true leap financial convenience innovation,"UI/UX, Customer Support, Security, Feature Request"
989,"easy &,simple to use",positive,0.9968307614326476,Dashen,5,easy simple use,User Experience
990,"Banking, but make it smart. Local solutions, all in one place. Smooth, fast, and actually saving time. Feels like the future. Love it!",positive,0.999881148338318,Dashen,5,banking smart local solution place smooth fast actually save time feel like future love,"Positive Feedback, User Experience"
992,", Dashen Bank Supper App is multipurpose, convenient, very attractive and Make life easier",positive,0.9995104074478148,Dashen,5,dashen bank supper app multipurpose convenient attractive life easy,User Experience
993,very easy and flexible app.,positive,0.9997106194496156,Dashen,5,easy flexible app,User Experience
994,"I choose Dashen Bank Super Up since, it is easy to use & it has attractive features !",positive,0.9998281002044678,Dashen,5,choose dashen bank super easy use attractive feature,"Feature Request, Positive Feedback, User Experience"
995,dashen super app is simple faster and reliable.,positive,0.999518632888794,Dashen,5,dashen super app simple fast reliable,"Positive Feedback, User Experience"
996,"Dashen Bank Super App is a game-changer! The user-friendly design, wide range of services, and smooth performance make it incredibly convenient for everyday banking. It’s fast, secure, and truly reflects the bank’s commitment to digital excellence. Highly recommended!",positive,0.999748170375824,Dashen,5,dashen bank super app game changer user friendly design wide range service smooth performance incredibly convenient everyday banking fast secure truly reflect bank commitment digital excellence highly recommend,"Account Access, UI/UX, Customer Support, Security, Positive Feedback, User Experience"
997,"The app keeps getting better with every update! Smooth performance, great UI, and top-notch security. Thank you for making banking so convenient!""",positive,0.9995062351226808,Dashen,5,app keep get well update smooth performance great ui notch security thank make banking convenient,"UI/UX, Security, Positive Feedback, User Experience"
998,this app is the most simply to use and secure safe i love it to use for any bank transaction,positive,0.9964408278465272,Dashen,5,app simply use secure safe love use bank transaction,"Transaction, Security, Positive Feedback, User Experience"
999,"After i download the app recently had a smooth expriance, its user friendly, fast, and everything works as expected. keep up the good work.",positive,0.9997468590736388,Dashen,5,download app recently smooth expriance user friendly fast work expect good work,"Positive Feedback, User Experience"
1000,An app with High performance and advanced features!,positive,0.9995831847190856,Dashen,5,app high performance advanced feature,Feature Request
1001,"It is a very user friendly, attractive user interface, full of useful features. I really encourage everyone to give it a try.",positive,0.9997954964637756,Dashen,5,user friendly attractive user interface useful feature encourage try,"Feature Request, User Experience"
1002,"Good actually , but it have to WORK when developer option is on 🙏",negative,0.9746389389038086,Dashen,5,good actually work developer option,"Feature Request, Positive Feedback"
1003,"All-in-one convenience, From managing accounts to paying bills and shopping online and the chat banking is game changer, this app does it all seamlessly.",positive,0.9981800317764282,Dashen,5,convenience manage account pay bill shop online chat banking game changer app seamlessly,UI/UX
1004,I appreciate that Dashen Bank takes lifestyle services into account.,positive,0.9980393052101136,Dashen,5,appreciate dashen bank take lifestyle service account,Customer Support
1006,amazing app really i loved it .that's why we say dashen bank is one stap ahead. It's the best mobile application that should be on every phone.,positive,0.9998038411140442,Dashen,5,amazing app love dashen bank stap ahead good mobile application phone,Positive Feedback
1007,very comfortable app keep it,positive,0.999691367149353,Dashen,5,comfortable app,Other
1008,it has clear detail information about the application so it helps customer how to use the app. and it is very easy to use and also app is secure.,positive,0.999531626701355,Dashen,5,clear detail information application help customer use app easy use app secure,"Customer Support, Security, User Experience"
1009,"I have been using the Dashen Supper app mobile banking app , and overall, I appreciate its features.However,I’ve noticed that when I turn on the developer options on my device, the app stops functioning properly. It would be great if you could look into this issue, as I often need to access developer settings for other applications . Thank you for your attention to this matter!",negative,0.9068745970726012,Dashen,5,dashen supper app mobile banking app overall appreciate feature notice turn developer option device app stop function properly great look issue need access developer setting application thank attention matter,"Account Access, Feature Request, Positive Feedback"
1010,easiness to use with fast response time,negative,0.964725911617279,Dashen,5,easiness use fast response time,"Customer Support, User Experience"
1011,"The new mobile banking application is a major upgrade! It’s incredibly user-friendly, with a clean and modern design that makes navigation simple and intuitive. I really appreciate how fast it loads and how smooth the overall experience is. All essential services like balance checks, transfers, and bill payments are eas y to find and use. The added security features give me peace of mind, and the app runs reliably without crashes or glitches. It’s clear a lot of thought went into the user experi",positive,0.9992745518684388,Dashen,5,new mobile banking application major upgrade incredibly user friendly clean modern design make navigation simple intuitive appreciate fast load smooth overall experience essential service like balance check transfer bill payment ea y find use add security feature peace mind app run reliably crash glitch clear lot thought go user experi,"Account Access, UI/UX, Transaction, Customer Support, Security, Feature Request, User Experience"
1012,"As an Internal Customer, Dashen Bank SuperApp has greatly simplified my online banking experience. It's easy to use, allowing me to quickly check balances, transfer money and pay Bills. The app's advanced security features are highly secure, ensuring my data is well protected. The Three click, Chat Banking and IPS features have also given me a smarter experience. In deed Dashen Bank is always steping ahead!",positive,0.9990044236183168,Dashen,5,internal customer dashen bank superapp greatly simplify online banking experience easy use allow quickly check balance transfer money pay bill app advanced security feature highly secure ensure data protect click chat banking ips feature give smart experience deed dashen bank step ahead,"Transaction, Customer Support, Security, Feature Request, Positive Feedback, User Experience"
1013,"A truly impressive app — user-friendly and a game-changer in Ethiopian banking. The Dashen Super App stands out as one of the most innovative and convenient digital banking solutions in Ethiopia’s financial history. Smooth navigation, seamless features, and a wide range of services all in one place. Well done!",positive,0.9998193383216858,Dashen,5,truly impressive app user friendly game changer ethiopian banking dashen super app stand innovative convenient digital banking solution ethiopia financial history smooth navigation seamless feature wide range service place,"UI/UX, Customer Support, Feature Request, Positive Feedback, User Experience"
1014,dashen bank super up has very fast and convenience and also it has contain more things on one app .I am very interesting to use dashen bank super up,positive,0.9974090456962584,Dashen,5,dashen bank super fast convenience contain thing app interesting use dashen bank super,"Positive Feedback, User Experience"
1015,"The Dashen Bank Super App has truly elevated my mobile banking experience. It's fast, user-friendly, and packed with all the essential features. The interface is clean and intuitive, making navigation easy even for first-time users. I also appreciate the added security features that give me peace of mind while banking on the go. Dashen Bank has done an amazing job with this app—it’s reliable, efficient, and always improving. Highly recommended for anyone looking for seamless digital banking!",positive,0.9998351335525512,Dashen,5,dashen bank super app truly elevate mobile banking experience fast user friendly pack essential feature interface clean intuitive make navigation easy time user appreciate add security feature peace mind bank dashen bank amazing job app reliable efficient improve highly recommend look seamless digital banking,"Security, Feature Request, Positive Feedback, User Experience"
1016,A fantastic product!! keep the good work.,positive,0.9998842477798462,Dashen,5,fantastic product good work,Positive Feedback
1017,"I am very impressed with the Dashen super app. It is user-friendly and operates efficiently. The budget and chatbot features are impressive, and all items can be purchased with just three clicks.",positive,0.9998030066490172,Dashen,5,impressed dashen super app user friendly operate efficiently budget chatbot feature impressive item purchase click,"Feature Request, Positive Feedback, User Experience"
1018,"The Dashen Super App offers a quick and user-friendly experience, bringing together a variety of services, like budgeting, payments, airtime recharges, and more, all in one convenient platform. Its sleek design and intuitive navigation ensure effortless transactions. It's evident that Dashen Bank has carefully crafted the app to make everyday financial activities easier. A great choice for anyone aiming to streamline their digital routines!",positive,0.999062716960907,Dashen,5,dashen super app offer quick user friendly experience bring variety service like budgeting payment airtime recharge convenient platform sleek design intuitive navigation ensure effortless transaction evident dashen bank carefully craft app everyday financial activity easy great choice aim streamline digital routine,"Account Access, Transaction, Customer Support, Positive Feedback, User Experience"
1019,Dashen supper App is the most useful app for our customers,positive,0.9988586902618408,Dashen,5,dashen supper app useful app customer,"Customer Support, User Experience"
1020,it is the most amazing mobile app,positive,0.9998717308044434,Dashen,5,amazing mobile app,Positive Feedback
1021,A Good and fast supper app thanks for dashen bank,positive,0.999788463115692,Dashen,5,good fast supper app thank dashen bank,Positive Feedback
1022,"Dear Users of the Dashen Bank Super App,I have been using the Dashen Bank Super App for a while now, and I must say—it’s truly a game-changer! The app is incredibly fast and reliable; I’ve never encountered any delays with my transactions. One feature I absolutely love is Chat Banking. It makes everyday tasks like checking my balance or transferring money as simple as sending a quick message. Also, the budgeting tool has been a huge help in tracking my spending and giving me a clearer",positive,0.9993189573287964,Dashen,5,dear users dashen bank super app dashen bank super app truly game changer app incredibly fast reliable encounter delay transaction feature absolutely love chat banking make everyday task like check balance transfer money simple send quick message budgeting tool huge help track spending give clear,"UI/UX, Transaction, Customer Support, Feature Request, Positive Feedback, User Experience"
1023,Too best,positive,0.877548098564148,Dashen,1,well,Other
1024,"Dashen Bank Super Up,use the app and makes your easy,fast,convinent.",positive,0.9985912442207336,Dashen,5,dashen bank super use app make easy fast convinent,"Positive Feedback, User Experience"
1025,To join digital world use supper app and make your life easy,positive,0.987091064453125,Dashen,5,join digital world use supper app life easy,User Experience
1026,best mobile banking application,positive,0.9996380805969238,Dashen,5,good mobile banking application,Positive Feedback
1027,"This banking superapp is incredibly well designed. The design and appearance of the app and the overall experience I have when using the app is fantastic. The app is packed with features from banking to e-commerce all in one place.It even has a budget setting option which is super useful for managing my money. Everything runs smoothly and I love how convenient it has made my daily life. Huge Kudos to Dashen Bank. You are truly living up to the motto ''Always one step ahead."" Keep it up!",positive,0.9998156428337096,Dashen,5,banking superapp incredibly design design appearance app overall experience app fantastic app pack feature banking e commerce place budget setting option super useful manage money run smoothly love convenient daily life huge kudo dashen bank truly live motto step ahead,"Account Access, Transaction, Feature Request, Positive Feedback, User Experience"
1028,I was really amazed by the idea of an e-commerce service on a banking app. This is what it means to be one step ahead. Please include all kinds of products in there as soon as possible.,positive,0.9981945157051086,Dashen,5,amazed idea e commerce service banking app mean step ahead include kind product soon possible,Customer Support
1029,this is what we expect to get service Dashen Bank always like his slogan,negative,0.8835362792015076,Dashen,5,expect service dashen bank like slogan,"Account Access, Customer Support"
1030,"Dashen SupApp is the most contemporary application, offering a great experience by enabling users to perform multiple tasks through a single platform—such as chatting with friends, transferring money, paying bills, and more. It is the first app of its kind in the Ethiopian banking industry, making it a remarkable opportunity for entrepreneurs working in app-based sales and software marketing. Good job, Dashen Bank!",positive,0.9997934699058532,Dashen,5,dashen supapp contemporary application offer great experience enable user perform multiple task single platform chat friend transfer money pay bill app kind ethiopian banking industry make remarkable opportunity entrepreneur work app base sale software marketing good job dashen bank,"Transaction, Positive Feedback, User Experience"
1031,Dashen Super App gives me an amazing convenience and makes life easy.,positive,0.999823272228241,Dashen,5,dashen super app give amazing convenience make life easy,"Positive Feedback, User Experience"
1032,excellent mobile banking app,positive,0.9998179078102112,Dashen,5,excellent mobile banking app,Positive Feedback
1033,Wow! like his name Super App...,positive,0.9985873699188232,Dashen,5,wow like super app,Positive Feedback
1034,Dashen supper app is the most special. ይምቾቱ ይለያያል!!!!,positive,0.9926958084106444,Dashen,5,dashen supper app special ይምቾቱ ይለያያል,Other
1035,convenient and fast,positive,0.9996170997619628,Dashen,5,convenient fast,User Experience
1036,Best- in-class app.,positive,0.999584972858429,Dashen,5,class app,Other
1037,I really like this amazing application and Dashen Supper app that has made my life easier.,positive,0.9997171759605408,Dashen,5,like amazing application dashen supper app life easy,"Positive Feedback, User Experience"
1038,Superb,positive,0.9998656511306764,Dashen,5,superb,Positive Feedback
1039,"amazing features, faster and easy to use",positive,0.9998817443847656,Dashen,5,amazing feature fast easy use,"Feature Request, Positive Feedback, User Experience"
1040,"The Dashen Super App offers a modern, user-friendly experience that leverages the latest technological advancements to deliver a seamless e-commerce platform",positive,0.999481737613678,Dashen,5,dashen super app offer modern user friendly experience leverage late technological advancement deliver seamless e commerce platform,"Account Access, Positive Feedback, User Experience"
1041,Best App!,positive,0.9997498393058776,Dashen,5,best app,Positive Feedback
1042,I love it. one of the best mobile banking app in the banking industry,positive,0.999868392944336,Dashen,5,love good mobile banking app banking industry,Positive Feedback
1043,I love this app,positive,0.9998608827590942,Dashen,5,love app,Positive Feedback
1044,no working for me hulum information asgebiche continue or accept yemilew button ayeseram my phone is Samsung A51,negative,0.9980541467666626,Dashen,1,working hulum information asgebiche continue accept yemilew button ayeseram phone samsung,Other
1045,waw no idea the best app.,negative,0.9923465251922609,Dashen,5,waw idea good app,Positive Feedback
1046,fast best app,positive,0.999737560749054,Dashen,5,fast good app,Positive Feedback
1047,Nice App,positive,0.9998061060905457,Dashen,5,nice app,Positive Feedback
1048,nice app ever,positive,0.9998384714126588,Dashen,5,nice app,Positive Feedback
1049,very disappointing app. Closes frequently and unstable in function,negative,0.9997677206993104,Dashen,2,disappointing app close frequently unstable function,Negative Feedback
1050,"Feature-rich? Absolutely. But the speed? Painfully slow. Seriously, is it communicating with a server on Mars or something?",negative,0.9992289543151855,Dashen,5,feature rich absolutely speed painfully slow seriously communicate server mars,"UI/UX, Feature Request"
1051,nic app,positive,0.9797857403755188,Dashen,5,nic app,Other
1052,Nice,positive,0.9998552799224854,Dashen,5,nice,Positive Feedback
1053,"The Dashen Super App delivers a remarkably fast, highly secure, and exceptionally user-friendly experience, establishing it as a leading application in its category.keep it up and stay ahead Dashen Bank.",positive,0.99978905916214,Dashen,5,dashen super app deliver remarkably fast highly secure exceptionally user friendly experience establish lead application stay ahead dashen bank,"Security, Positive Feedback, User Experience"
1054,So far so good! their in person customer service is amazing 👏,positive,0.9998642206192015,Dashen,5,far good person customer service amazing,"Customer Support, Positive Feedback"
1055,The app is very backward and doesn't always work. If it works three hours out of 24 hours it's great!😥,negative,0.9958034157752992,Dashen,1,app backward work work hour hour great,Positive Feedback
1056,ምርጫዬ ነው,negative,0.7850590348243713,Dashen,5,ምርጫዬ ነው,Other
1057,It's bad for the connection and too many days are it that not working,negative,0.9996840953826904,Dashen,1,bad connection day work,Negative Feedback
1058,it's samart,positive,0.9992457628250122,Dashen,5,samart,Other
1059,"The app is not working properly, I have been using it.",negative,0.999715268611908,Dashen,1,app work properly,Other
1060,it is very good app,positive,0.9998699426651,Dashen,5,good app,Positive Feedback
1061,"I had a disappointing experience with Dashen Bank's Super Up service. The app is very slow and takes forever to load during transactions, which is incredibly frustrating. Additionally, it doesn't generate receipts for any transactions, making it difficult to keep track of my expenses. I also reached out to customer support, but the response time was longer than expected. Overall, I was hoping for a better experience, but I find the service lacking and in need of improvement.",negative,0.9996039271354676,Dashen,2,disappointing experience dashen bank super service app slow take forever load transaction incredibly frustrating additionally generate receipt transaction make difficult track expense reach customer support response time long expect overall hope well experience find service lacking need improvement,"UI/UX, Transaction, Customer Support, Feature Request, Positive Feedback, Negative Feedback"
1062,slow cumbersome,negative,0.9997989535331726,Dashen,3,slow cumbersome,UI/UX
1064,It's slow to send OTP. it's not reliable. It crushed many times. It needs improvement in many ways,negative,0.9997294545173644,Dashen,1,slow send otp reliable crush time need improvement way,"UI/UX, Transaction, Feature Request"
1065,"This is the worst mobile banking experience I’ve ever had. It doesn’t work when you need it, and it randomly updates itself without warning. You can’t make transactions whenever you want. It’s a nightmare for anyone who relies on this as their main banking option, especially those with a lot of money in their account. I’m lucky I’m not one of them, but still, it’s infuriating not being able to access your money when you need it.""l",negative,0.9996976852416992,Dashen,1,bad mobile banking experience work need randomly update warn transaction want nightmare rely main banking option especially lot money account lucky infuriate able access money need,"Account Access, UI/UX, Transaction, Feature Request, Negative Feedback"
1066,"I have experienced on using the app of Banks in Ethiopia, this Dashen sup is like old version of the applications for using. I gave 3 star for it's very low speed while login and processing",negative,0.9981010556221008,Dashen,3,experience app banks ethiopia dashen sup like old version application give star low speed login processing,"Account Access, UI/UX"
1067,proud by dashen bank,positive,0.9998666048049928,Dashen,5,proud dashen bank,Other
1068,best,positive,0.9997941851615906,Dashen,5,well,Other
1069,This app is not working unless you turn off developer mode on your phone. So it takes your rights to just use it.,negative,0.9994447827339172,Dashen,2,app work turn developer mode phone take right use,User Experience
1070,real super up,positive,0.9998282194137572,Dashen,5,real super,Positive Feedback
1071,it's very disappointing fix it as soon as possible not expected from dashin bank fix it,negative,0.99936181306839,Dashen,1,disappointing fix soon possible expect dashin bank fix,"UI/UX, Negative Feedback"
1072,why dashen bank workers hidden my ATM Card 🏧?it's a big problem to me,negative,0.999297022819519,Dashen,5,dashen bank worker hide atm card big problem,Negative Feedback
1073,tanku,negative,0.9159653186798096,Dashen,5,tanku,Other
1074,perfect,positive,0.9998517036437988,Dashen,5,perfect,Positive Feedback
1075,goood,negative,0.9943867921829224,Dashen,5,goood,Other
1076,why does it ask me for both pin and opt even the opt is touch let alone both,negative,0.9958769083023072,Dashen,2,ask pin opt opt touch let,Other
1077,it is best app easy to use,positive,0.9864110350608826,Dashen,5,good app easy use,"Positive Feedback, User Experience"
1078,It is very easy to use and powerful application.,positive,0.9997655749320984,Dashen,3,easy use powerful application,User Experience
1079,this apps have a good feature but but some features like developer mode turn off irritate user,negative,0.997230589389801,Dashen,3,app good feature feature like developer mode turn irritate user,"Feature Request, Positive Feedback, User Experience"
1080,"This is not only a mobile banking app, it is beyond that. We will access our account easily, we are able to get many information easily here. i.e. exchage rate. We are able to chat with others, we are able to budget, we are able to transfer to other bank and within Dashen. we are able to access many accounts in a single app, we are able to pay bills in QR scan, we are able to make payments and order delivery items here in a single app. #Always one step ahead.",positive,0.989782691001892,Dashen,5,mobile banking app access account easily able information easily exchage rate able chat able budget able transfer bank dashen able access account single app able pay bill qr scan able payment order delivery item single app step ahead,"Account Access, Transaction"
1081,wallahi very fantastic Bank,positive,0.999818742275238,Dashen,5,wallahi fantastic bank,Positive Feedback
1082,"Waw, It's amazing app. thank you Dashen Bank.",positive,0.99986732006073,Dashen,5,waw amazing app thank dashen bank,Positive Feedback
1083,nice app,positive,0.9998061060905457,Dashen,5,nice app,Positive Feedback
1084,"I’ve been using the Dashen Bank Super App for a while now, and it’s been a game-changer. The app is super fast and reliable—I’ve never had an issue with transactions being delayed. One of my favorite features is the chat banking, which makes it so easy to do things like check my balance or transfer money just by typing a quick message. The budgeting tool is also really useful. It helps me keep track of my spending and gives me a clear picture of where",positive,0.9992021918296814,Dashen,5,dashen bank super app game changer app super fast reliable issue transaction delay favorite feature chat banking make easy thing like check balance transfer money type quick message budgeting tool useful help track spending give clear picture,"UI/UX, Transaction, Customer Support, Feature Request, Positive Feedback, User Experience"
1085,Very good app that like it too. B/c it is very fast and easy to use.,positive,0.9998027682304382,Dashen,5,good app like b c fast easy use,"Positive Feedback, User Experience"
1086,best experiences,positive,0.9992781281471252,Dashen,5,good experience,Positive Feedback
1087,too slow to use.,negative,0.9997276663780212,Dashen,1,slow use,"UI/UX, User Experience"
1088,ጥሩ ነው,negative,0.7850590348243713,Dashen,5,ጥሩ ነው,Other
1089,the worst app in the market only good ui,negative,0.9997721314430236,Dashen,1,bad app market good ui,"Positive Feedback, Negative Feedback"
1090,nic,positive,0.9977141618728638,Dashen,5,nic,Other
1091,በጣም ቅልል ያለ አፕ በርቱልን ለአጠቃቀም ምቹ,negative,0.9200406670570374,Dashen,5,በጣም ቅልል ያለ አፕ በርቱልን ለአጠቃቀም ምቹ,Other
1092,thanks for all digital transaction,positive,0.9994550347328186,Dashen,5,thank digital transaction,"Transaction, Positive Feedback"
1093,Best,positive,0.9997941851615906,Dashen,5,well,Other
1094,"This app is not supporting smart phones that have old android version and so it is none inclusive. At the same time the amole lite is not working properly and once you reached to maximum otp trail mistakes due to network or other errors like stacks , you will be tied up to make Transactions. Ohh... tired!!!!!",negative,0.9997400641441344,Dashen,1,app support smart phone old android version inclusive time amole lite work properly reach maximum otp trail mistake network error like stack tie transaction ohh tired,"UI/UX, Transaction, Customer Support, User Experience"
1095,it's Be Come Busy &not working good,negative,0.999382257461548,Dashen,1,come busy work good,Positive Feedback
1096,I wanted to share some concerns about your Supper App. It appears to be experiencing reliability issues and isn’t performing as expected. I hope this can be addressed soon to improve the user experience. One star 🌟 for now.,negative,0.9980534315109252,Dashen,1,want share concern supper app appear experience reliability issue perform expect hope address soon improve user experience star,"Feature Request, User Experience"
1097,"best ever digital banking sector essay for understanding ,smart and convince for using",positive,0.9997392296791076,Dashen,5,well digital banking sector essay understanding smart convince,User Experience
1098,good and latest,positive,0.9998561143875122,Dashen,5,good late,Positive Feedback
1099,The best App of all,positive,0.9998633861541748,Dashen,5,good app,Positive Feedback
1100,Worst app ever,negative,0.9997803568840028,Dashen,1,bad app,Negative Feedback
1101,"This app is the most unreliable mobile banking application I have ever used for transaction, it is very late, non-responsive and full of bugs. Its is very disappointing. It is just inconvinient, and not user friendly and compatabke at all !!!!!!",negative,0.9997894167900084,Dashen,1,app unreliable mobile banking application transaction late non responsive bug disappointing inconvinient user friendly compatabke,"UI/UX, Transaction, Negative Feedback, User Experience"
1102,Naiycapp,positive,0.8075174689292908,Dashen,5,naiycapp,Other
1103,The app is good but it has no USSD option,negative,0.9952346682548524,Dashen,4,app good ussd option,"Feature Request, Positive Feedback"
1104,Hey great,positive,0.999745786190033,Dashen,5,hey great,Positive Feedback
1105,I have used many mobile banking and also tellebir and mpesa nothing come close to this app. Well done Dashen indeed one step a head. A lot of cool features that amole hasn't the receipt and the account statement is superb for me. I hope you add more integrated small apps to.,positive,0.9984980821609496,Dashen,5,mobile banking tellebir mpesa come close app dashen step head lot cool feature amole receipt account statement superb hope add integrate small app,"Feature Request, Positive Feedback"
1106,The app is good but it ask update every week so tiring,negative,0.9951795339584352,Dashen,2,app good ask update week tire,"UI/UX, Positive Feedback"
1107,It good and easy to use,positive,0.9998750686645508,Dashen,5,good easy use,"Positive Feedback, User Experience"
1108,በጣም አሪፍ መተግበሪያ ነው ። አመሠግናለሁ ።,negative,0.9200406670570374,Dashen,5,በጣም አሪፍ መተግበሪያ ነው አመሠግናለሁ,Other
1109,"Greately improved since it was released! I really like the budget and expense tegistration feature. For ATM or POS withdrawals, it is not possible to account these expenses, even if it is visible on the transactions window. If that can be worked on, it will be improve so much!!",positive,0.9655697345733644,Dashen,5,greately improve release like budget expense tegistration feature atm pos withdrawal possible account expense visible transaction window work improve,"Transaction, Feature Request, Positive Feedback"
1110,Excellent,positive,0.9998434782028198,Dashen,5,excellent,Positive Feedback
1111,Wow Excellent app,positive,0.9998443126678468,Dashen,5,wow excellent app,Positive Feedback
1112,Nice app but i experience some issues with others banks transfer it keeps saying account is not exist most of the time.,negative,0.9983522891998292,Dashen,4,nice app experience issue bank transfer keep say account exist time,"Transaction, Positive Feedback"
1113,Add the option to send money to any telebirr account like amole does.,negative,0.995681881904602,Dashen,3,add option send money telebirr account like amole,"Transaction, Feature Request"
1114,It's best,positive,0.999842643737793,Dashen,5,good,Positive Feedback
1115,no one dashen yichlal,negative,0.9842472076416016,Dashen,5,dashen yichlal,Other
1116,In short ! I'm so proud of this app developers for their highest professional of developing. Thanks,positive,0.9998522996902466,Dashen,5,short proud app developer high professional develop thank,Positive Feedback
1117,The speed is too slow. Need some improvements.,negative,0.9997935891151428,Dashen,2,speed slow need improvement,"UI/UX, Feature Request"
1118,good app,positive,0.9998493194580078,Dashen,5,good app,Positive Feedback
1119,Fantastic app,positive,0.999858856201172,Dashen,5,fantastic app,Positive Feedback
1120,I wish dark mode feature is add as an option but it's good app,positive,0.9998013377189636,Dashen,5,wish dark mode feature add option good app,"Feature Request, Positive Feedback"
1121,"Super Up is the ultimate digital banking app, living up to its name with speed, efficiency, and innovation. Designed for a seamless experience, it offers lightning-fast transactions, top-tier security, and effortless financial management. With Super Up, banking has never been this smooth, smart, and super!",positive,0.9995073080062866,Dashen,5,super ultimate digital banking app live speed efficiency innovation design seamless experience offer lightning fast transaction tier security effortless financial management super banking smooth smart super,"Account Access, Transaction, Security, Positive Feedback, User Experience"
1122,"The Dashen Super App is a game-changer in digital banking, offering a seamless and convenient experience. With its user-friendly interface, fast transactions, and a wide range of financial services, it simplifies banking for customers. Features like bill payments, fund transfers, mobile top-ups, and loan applications make it an all-in-one solution. Plus, its security measures ensure safe and reliable Experiance effortless banking",positive,0.9977291226387024,Dashen,5,dashen super app game changer digital banking offer seamless convenient experience user friendly interface fast transaction wide range financial service simplify banking customer feature like bill payment fund transfer mobile up loan application solution plus security measure ensure safe reliable experiance effortless banking,"UI/UX, Transaction, Customer Support, Security, Feature Request, Positive Feedback, User Experience"
1123,ከጰነጨየጠ,negative,0.6970565915107727,Dashen,2,ከጰነጨየጠ,Other
1124,"It has good feature. But, it is Very Slow! difficult to pay or receive. The Speed should be improved, else I didn't recommend.",negative,0.9960646033287048,Dashen,2,good feature slow difficult pay receive speed improve recommend,"UI/UX, Feature Request, Positive Feedback"
1125,Excellent app,positive,0.9998356103897096,Dashen,5,excellent app,Positive Feedback
1126,አፕልኬሽኑ አሪፍ ሆኖ ሳለ ቴሌብር ወደራስ ብቻ ለምን ሆነ እንደ ድሮው ለሰውም መላክ ቢቻል,negative,0.9528433680534364,Dashen,4,አፕልኬሽኑ አሪፍ ሆኖ ሳለ ቴሌብር ወደራስ ብቻ ለምን ሆነ እንደ ድሮው ለሰውም መላክ ቢቻል,Other
1127,No good,negative,0.9996987581253052,Dashen,1,good,Positive Feedback
1128,Wow amazing app,positive,0.9998513460159302,Dashen,5,wow amazing app,Positive Feedback
1129,best platform... Please avoid otp,positive,0.9228948950767516,Dashen,5,good platform avoid otp,Positive Feedback
1130,Super smart app.,positive,0.9997984766960144,Dashen,5,super smart app,"Positive Feedback, User Experience"
1131,best 👍👍,positive,0.9997019171714784,Dashen,5,good,Positive Feedback
1132,I don't know what happens but the application is not send verification pass code you should fix that,negative,0.9973721504211426,Dashen,1,know happen application send verification pass code fix,"UI/UX, Transaction"
1133,This app doesn't work on my phone my phone is Samsung Galaxy s7 android version 9 All other financial apps work like telebirr CBE M_pesa...,negative,0.9974337220191956,Dashen,1,app work phone phone samsung galaxy android version financial app work like telebirr cbe,UI/UX
1134,"Dashen Super app is secure, very easy to use and has more services uniquely like budgeting, chat, IPS...",positive,0.9937819838523864,Dashen,5,dashen super app secure easy use service uniquely like budgeting chat ips,"Customer Support, Security, Positive Feedback, User Experience"
1135,Amazing and user friendly supper app and looking forward the additional features,positive,0.9998486042022704,Dashen,5,amazing user friendly supper app look forward additional feature,"Feature Request, Positive Feedback, User Experience"
1136,it's amazing app i have seen ever,positive,0.9998574256896972,Dashen,5,amazing app see,Positive Feedback
1137,One star deducted for not to able to transfer to telebirr.,negative,0.9903808236122132,Dashen,4,star deduct able transfer telebirr,Transaction
1138,ጥሩ ነው ግን በደንብ ሊሸሻል ይገባል,negative,0.9046952724456788,Dashen,4,ጥሩ ነው ግን በደንብ ሊሸሻል ይገባል,Other
1139,ፍጥነቱ በጣም አሪፍ ነው! እና ቀለል ያለ ነው ! ነገር ግን ተጨማሪ ወደ ቴሌብር ኤጀንት መላኪያ አፕ ቢካተትበት ጥሩ ነው::,negative,0.932810604572296,Dashen,4,ፍጥነቱ በጣም አሪፍ ነው እና ቀለል ያለ ነው ነገር ግን ተጨማሪ ወደ ቴሌብር ኤጀንት መላኪያ አፕ ቢካተትበት ጥሩ ነው,Other
1140,Keep up the good work and pleas add water and electric utility payment,positive,0.9986761212348938,Dashen,5,good work plea add water electric utility payment,"Transaction, Feature Request, Positive Feedback"
1141,The app missed some important features 1. It does't show recent transactions 2. Transfer to Telebirr limited to own telebirr 3. The statement does't show running balance,negative,0.9995891451835632,Dashen,2,app miss important feature recent transaction transfer telebirr limit telebirr statement run balance,"Transaction, Feature Request"
1142,"Simple, Fast and Easy ⭐⭐⭐🎉",positive,0.9996811151504515,Dashen,4,simple fast easy,User Experience
1143,"የሚገርም aplication ነው, ነገር ግን ብር ትራንስፈር ሲደረግ ያለ ፒን መሆኑ risk አለው ሁሉ ጊዜ የ ትራንስፈር መደምደሚያ ፒን መሆን አለበት!!!!!!!!!!!!:: አሱ ቢስተካከል 5 star አስከዛው ግን 4 ሰጥቻለው::",negative,0.8565719723701477,Dashen,4,የሚገርም aplication ነው ነገር ግን ብር ትራንስፈር ሲደረግ ያለ ፒን መሆኑ risk አለው ሁሉ ጊዜ የ ትራንስፈር መደምደሚያ ፒን መሆን አለበት አሱ ቢስተካከል star አስከዛው ግን ሰጥቻለው,Other
1144,Baankii daashin baankii hudna galeessa galatoomaa isinii woliin jirra Godina jimmaa magaalaa Aggaaroo irraa Muaz Abamecha Abamilki,negative,0.9961472749710084,Dashen,5,baankii daashin baankii hudna galeessa galatoomaa isinii woliin jirra godina jimmaa magaalaa aggaaroo irraa muaz abamecha abamilki,Other
1145,It doesn't work,negative,0.9997813105583192,Dashen,1,work,Other
1146,"#Dashen Super App; Super easy to use, secure, and fast transaction. Love it!",positive,0.99981027841568,Dashen,5,dashen super app super easy use secure fast transaction love,"Transaction, Security, Positive Feedback, User Experience"
1147,"I tried the new Dash Bank Super App today, and it's amazingly easy and fun.I recommend you download and use it. You really like it",positive,0.9998507499694824,Dashen,5,try new dash bank super app today amazingly easy fun recommend download use like,"Positive Feedback, User Experience"
1148,Gud app kegza ga mezmn endze new aind ermjh kedme nachu hlam,negative,0.985221803188324,Dashen,5,gud app kegza ga mezmn endze new aind ermjh kedme nachu hlam,Other
1149,"Good app, bad security",positive,0.989300549030304,Dashen,3,good app bad security,"Security, Positive Feedback, Negative Feedback"
1150,On Transaction page only show sent Transaction. Try to include received transaction.,negative,0.9956958293914796,Dashen,4,transaction page send transaction try include receive transaction,Transaction
1151,Wonderful Application 😍,positive,0.9998589754104614,Dashen,5,wonderful application,Other
1152,I loved it,positive,0.9998809099197388,Dashen,5,love,Positive Feedback
1153,አሁን ገና አንድ እርምጃ ቀደማችው,negative,0.8832131028175354,Dashen,5,አሁን ገና አንድ እርምጃ ቀደማችው,Other
1154,I am so thankful for having this best app Dashen one step ahead,positive,0.999471127986908,Dashen,5,thankful have good app dashen step ahead,Positive Feedback
1155,Not good this app,negative,0.9997790455818176,Dashen,1,good app,Positive Feedback
1156,Best app,positive,0.999686598777771,Dashen,5,good app,Positive Feedback
1157,Excellent app ever but it needs improvement on speed and transaction lists,negative,0.990936815738678,Dashen,1,excellent app need improvement speed transaction list,"Transaction, Feature Request, Positive Feedback"
1158,Perfect,positive,0.9998517036437988,Dashen,5,perfect,Positive Feedback
1159,"It does not work functional ,",negative,0.9997901320457458,Dashen,1,work functional,User Experience
1160,Ok,positive,0.9997851252555848,Dashen,5,ok,Other
1161,all of dashen bank customers use the application it is good to use,positive,0.9958037734031676,Dashen,5,dashen bank customer use application good use,"Customer Support, Positive Feedback, User Experience"
1162,Gret experience,negative,0.7600314021110535,Dashen,5,gret experience,Other
1163,All good we need more,positive,0.9996538162231444,Dashen,3,good need,"Feature Request, Positive Feedback"
1164,"Dashen super app is easy to use, fast and robust",positive,0.9997517466545104,Dashen,5,dashen super app easy use fast robust,"Positive Feedback, User Experience"
1165,it was amazing app.....thank you dashen bank....,positive,0.9998608827590942,Dashen,5,amazing app thank dashen bank,Positive Feedback
1166,Dashen bank super app for easy life.,positive,0.7723069190979004,Dashen,5,dashen bank super app easy life,"Positive Feedback, User Experience"
1167,Excellent UI/UX and beyond Banking services👍👍,positive,0.9995208978652954,Dashen,5,excellent ui ux banking service,"Customer Support, Positive Feedback"
1168,Send to oher bank የሚለዉ ዉስጥ ገብተን ወደ addisinternational bank ለመላክ አይሰራም ሁለተኛ ደግሞ ወደ cbe birr ለመላክ account number ይጠይቃል ሞባይል ነበር ነዉ መጠየቅ ያለበት ይመስለኛል,negative,0.9945861101150512,Dashen,2,send oher bank የሚለዉ ዉስጥ ገብተን ወደ addisinternational bank ለመላክ አይሰራም ሁለተኛ ደግሞ ወደ cbe birr ለመላክ account number ይጠይቃል ሞባይል ነበር ነዉ መጠየቅ ያለበት ይመስለኛል,"Transaction, Feature Request"
1169,Just Wow,positive,0.999775230884552,Dashen,5,wow,Positive Feedback
1170,mobile banking to the next level,positive,0.9409880042076112,Dashen,5,mobile banking level,Other
1171,The first 3 star review is me,positive,0.9967767596244812,Dashen,3,star review,Other
1172,Is not working,negative,0.9997809529304504,Dashen,1,work,Other
1173,"Fast, reliable and user friendly. Amazing chatting features. Keep it up! Always one step ahead!",positive,0.9998725652694702,Dashen,5,fast reliable user friendly amazing chatting feature step ahead,"Feature Request, Positive Feedback, User Experience"
1174,V good ❗️,positive,0.9993855953216552,Dashen,5,v good,Positive Feedback
1175,"This app is literally the best thing ever The chat banking is so easy just text and it’s done Super smooth, fast, and honestly a life saverIf you haven’t downloaded it yet you’re missing out big time",positive,0.9862456321716307,Dashen,5,app literally good thing chat banking easy text super smooth fast honestly life saverif download miss big time,"Positive Feedback, User Experience"
1176,I only see white page,negative,0.9910238981246948,Dashen,2,white page,Other
1177,Excellent banking app for all your needs! Who needs a physical branch when you can use Dashen Bank Super App Instead! I've never had an issue with anything that Dashen Bank Super App haven't handled swiftly and resolved to my satisfaction and above I don't often write reviews but this is an app/bank that I would highly recommended to everyone 💯 👌👍,positive,0.9994206428527832,Dashen,5,excellent banking app need need physical branch use dashen bank super app instead issue dashen bank super app handle swiftly resolve satisfaction write review app bank highly recommend,"Feature Request, Positive Feedback, User Experience"
1178,Amizing Application 😍,negative,0.9905142784118652,Dashen,5,amize application,Other
1179,Fastest and easy to use,positive,0.9997114539146424,Dashen,5,fastest easy use,User Experience
1180,ስም ብቻ 😏,negative,0.8337252736091614,Dashen,2,ስም ብቻ,Other
1181,Exellent app with exellent banking system and exellent bank ever,negative,0.9579959511756896,Dashen,5,exellent app exellent banking system exellent bank,UI/UX
1182,Amazing app to use as usual! But why option of transferring to Telebirr and M pesa which was available on Amole app is omitted?? Dasheen is my favourite keep it up.,positive,0.971175730228424,Dashen,4,amazing app use usual option transfer telebirr m pesa available amole app omit dasheen favourite,"Transaction, Feature Request, Positive Feedback, User Experience"
1183,Needs some improvement,negative,0.998008668422699,Dashen,5,need improvement,Feature Request
1184,Amazing,positive,0.999875545501709,Dashen,5,amazing,Positive Feedback
1185,Amazing super app,positive,0.9998658895492554,Dashen,5,amazing super app,Positive Feedback
1186,I hope it will be better than amole,positive,0.9969701766967772,Dashen,5,hope well amole,Other
1187,Wly Super App ilove it ❤️ 😍 💖 💕,negative,0.946361482143402,Dashen,5,wly super app ilove,Positive Feedback
1188,Dashen yichalal. Ewnetem one step a head,negative,0.983262538909912,Dashen,5,dashen yichalal ewnetem step head,Other
1189,It has a Good performance but need more upgrade for more performance like when we login account not be fast balance show other thing looking good. Carry on. Thanks so much for Greatest service,positive,0.9967933297157288,Dashen,4,good performance need upgrade performance like login account fast balance thing look good carry thank great service,"Account Access, Customer Support, Feature Request, Positive Feedback"
1190,"It is a very wonderful work that has saved its time. That is why it is ""Always one step ahead!""",positive,0.99988055229187,Dashen,5,wonderful work save time step ahead,Other
1191,“Life-changing!” I can’t imagine going back to traditional banking after using this app. It’s so convenient.,positive,0.9968047142028807,Dashen,5,life change imagine go traditional banking app convenient,"UI/UX, User Experience"
1192,Pro max,positive,0.9984601736068726,Dashen,5,pro max,Other
1193,The most good app and easy,positive,0.9998631477355956,Dashen,5,good app easy,"Positive Feedback, User Experience"
1194,"Excellent and user friendly App. Excellence is what makes you always one step ahead. Dashen Bank, Always One Step Ahead !!",positive,0.9998682737350464,Dashen,5,excellent user friendly app excellence make step ahead dashen bank step ahead,"Positive Feedback, User Experience"
1195,Proud to be dashen family . Shout out to the serial entrepreneur 👏,positive,0.9998549222946168,Dashen,5,proud dashen family shout serial entrepreneur,Other
1196,First ATM in East africa ⭐️⭐️⭐️⭐️⭐️,positive,0.9874703288078308,Dashen,5,atm east africa,Other
1197,Best app.,positive,0.999774158000946,Dashen,5,good app,Positive Feedback
1198,Better Move to catch the competition up👍,positive,0.9914566874504088,Dashen,5,well catch competition,Other
1199,"Great job my home, my bank.",positive,0.9998712539672852,Dashen,5,great job home bank,Positive Feedback
1200,Always one step ahead! What a masterpiece.,positive,0.9998708963394164,Dashen,5,step ahead masterpiece,Other
1201,Great App Well done Dashen Bank,positive,0.9997735619544984,Dashen,5,great app dashen bank,Positive Feedback
1202,Great!,positive,0.9998692274093628,Dashen,5,great,Positive Feedback
1203,"I love it but it has bugs during confirmation of password! So, please make it functional",positive,0.9805046916007996,Dashen,5,love bug confirmation password functional,"Account Access, UI/UX, Positive Feedback, User Experience"
1204,Always one step forward,positive,0.999639630317688,Dashen,5,step forward,Other
1205,"It's great! But it will be advanced if you include a caption that allow customers to transfer to Telebirr account. Dashen Bank, ""ኩሉ ግዜ፡ ሓደ ስጕሚ ቀዳሚ።"" (Always one step ahead!)",positive,0.9995723366737366,Dashen,4,great advanced include caption allow customer transfer telebirr account dashen bank ኩሉ ሓደ ስጕሚ step ahead,"Transaction, Customer Support, Positive Feedback"
1206,Small size with vast features and functionalities.,positive,0.9981461763381958,Dashen,5,small size vast feature functionality,"Feature Request, User Experience"
1207,Amazing app 👏 👌 Dashen bank one step a head,positive,0.9995114803314208,Dashen,5,amazing app dashen bank step head,Positive Feedback
1208,"It has a great application features from the beginning. I'm glad to use it even I haven't used it yet because I haven't activated my account yet. But it's simple, comprehensive, full of information, and fast. በርቱ ዳሸኖች: The super app has impressed me more than I expected.",positive,0.999612033367157,Dashen,5,great application feature beginning glad use activate account simple comprehensive information fast በርቱ ዳሸኖች super app impress expect,"Feature Request, Positive Feedback, User Experience"
1209,Dashen Bank Always One Step Ahead!,positive,0.9996882677078248,Dashen,5,dashen bank step ahead,Other
1210,U can't create account,negative,0.9984429478645324,Dashen,1,u create account,Other
1211,Really super app... so seamless and with a nice user interface .. we are proud of you dashen bank ...,positive,0.9998613595962524,Dashen,5,super app seamless nice user interface proud dashen bank,"Positive Feedback, User Experience"
1213,Always one step a head!,positive,0.9981322884559632,Dashen,5,step head,Other
1214,"A lightweight,catchy and smooth app",positive,0.998709201812744,Dashen,5,lightweight catchy smooth app,Other
1215,Very impressive interface with best security feature and user friendly app.,positive,0.9997988343238832,Dashen,5,impressive interface good security feature user friendly app,"Security, Feature Request, Positive Feedback, User Experience"
1216,It is so far so good it has a unique features than telebirr good job Dashen,positive,0.9998282194137572,Dashen,5,far good unique feature telebirr good job dashen,"Feature Request, Positive Feedback"
1217,"Yea , it's a good idea to make it with the bank name, it will help for the bank easily to find the application, and customers can easily downloed and use the product. I wish all the best for Dashen bank initiative.",positive,0.7550340890884399,Dashen,5,yea good idea bank help bank easily find application customer easily downloe use product wish good dashen bank initiative,"Customer Support, Feature Request, Positive Feedback, User Experience"
1218,This is My Bank!,positive,0.9968095421791076,Dashen,5,bank,Other
1219,"Truly, db => AlwaysOneStepAhead !!",negative,0.9989049434661864,Dashen,5,truly db alwaysonestepahead,Other
1220,ALWAYS ONE STEP AHEAD,positive,0.9997699856758118,Dashen,5,step ahead,Other
1221,Well developed,positive,0.9998576641082764,Dashen,5,develop,Other
1222,oh nice!!! i wish it's very nice app,positive,0.9996349811553956,Dashen,5,oh nice wish nice app,"Feature Request, Positive Feedback"
1223,Really the app looks like amazing. I can't wait to activate in the morning.,positive,0.9997010827064514,Dashen,5,app look like amazing wait activate morning,Positive Feedback
1224,Applause 👏 Dashen Bank. One of the best super app inorder to pay easily and securely. One step a head.,positive,0.9996860027313232,Dashen,5,applause dashen bank good super app inorder pay easily securely step head,"Security, Positive Feedback, User Experience"
1225,Wow Dashen Super App 🚀🚀,positive,0.9978638291358948,Dashen,5,wow dashen super app,Positive Feedback
1227,The best Banking app I have ever seen,positive,0.9997634291648864,Dashen,5,good banking app see,Positive Feedback
1228,It looks good and simple to use,positive,0.9998189806938172,Dashen,5,look good simple use,"Positive Feedback, User Experience"
1229,App That makes Difference!,positive,0.9998338222503662,Dashen,5,app make difference,Other
1230,Faster and userfriendly,positive,0.91992849111557,Dashen,5,fast userfriendly,User Experience
1231,"Waw Great and innovated,user friendly, always one step ahead",positive,0.999778687953949,Dashen,5,waw great innovate user friendly step ahead,"Positive Feedback, User Experience"
1232,It's Best waww 🙏,positive,0.999744474887848,Dashen,5,good waww,Positive Feedback
1233,Always one step ahead,positive,0.9997699856758118,Dashen,5,step ahead,Other
1234,"Like Me, I Hope It Works Better Than Before.",positive,0.99872225522995,Dashen,5,like hope work well,Other
